customer_id,region,acquisition_channel,plan_tier,tenure_months,num_orders_12m,days_since_last_order,avg_order_value,email_engagement_rate,app_logins_30d,support_tickets_12m,discount_rate,satisfaction_score,annual_margin,churned
KL100000,CH,Paid Search,Plus,32,12,71,50.26,0.302,0,3,0.273,3.8,229.19,0
KL100001,DE,Referral,Basic,10,1,184,23.69,0.084,0,0,0.409,4.1,9.0,1
KL100002,CH,Organic,Basic,9,2,281,34.24,0.218,0,0,0.173,4.3,26.02,1
KL100003,AT,Organic,Basic,10,2,196,31.84,0.283,2,0,0.34,5.0,24.2,1
KL100004,DE,Social,Basic,18,2,260,34.49,0.597,4,0,0.566,4.5,26.21,1
KL100005,Other,Social,Premium,11,4,207,65.95,0.302,2,0,0.11,4.2,100.24,0
KL100006,CH,Paid Search,Plus,3,1,211,45.88,0.676,6,2,0.413,3.3,17.43,0
KL100007,CH,Social,Basic,18,3,164,19.84,0.244,0,2,0.225,3.4,22.62,0
KL100008,DE,Social,Plus,4,6,147,45.75,0.329,0,0,0.089,3.5,104.31,0
KL100009,DE,Paid Search,Plus,20,4,183,51.73,0.577,2,0,0.321,3.0,78.63,0
KL100010,DE,Referral,Basic,9,3,191,41.2,0.524,0,0,0.617,4.8,46.97,0
KL100011,Other,Social,Basic,46,4,207,27.01,0.563,2,1,0.106,3.1,41.06,0
KL100012,AT,Social,Plus,17,3,172,56.29,0.496,2,1,0.014,4.4,64.17,0
KL100013,CH,Paid Search,Basic,40,8,134,26.69,0.585,3,0,0.621,3.7,81.14,0
KL100014,DE,Organic,Plus,3,2,235,47.56,0.686,3,0,0.377,3.7,36.15,1
KL100015,DE,Organic,Basic,5,1,278,28.5,0.299,3,0,0.159,4.0,10.83,1
KL100016,DE,Social,Basic,12,2,207,38.16,0.718,3,1,0.109,4.3,29.0,1
KL100017,DE,Social,Plus,26,8,172,43.63,0.528,0,0,0.228,5.0,132.64,0
KL100018,CH,Organic,Plus,16,7,159,37.2,0.74,2,0,0.222,4.5,98.95,0
KL100019,AT,Paid Search,Premium,15,2,202,73.32,0.713,4,0,0.632,4.6,55.72,0
KL100020,AT,Organic,Basic,16,1,205,24.04,0.49,2,0,0.216,4.6,9.14,0
KL100021,DE,Organic,Plus,24,4,176,44.51,0.292,2,1,0.188,4.7,67.66,0
KL100022,Other,Referral,Premium,4,0,239,51.46,0.33,3,0,0.851,4.7,19.55,1
KL100023,CH,Paid Search,Plus,2,3,218,48.62,0.318,2,0,0.579,4.3,55.43,1
KL100024,CH,Organic,Premium,23,5,171,49.99,0.291,0,1,0.173,3.5,94.98,0
KL100025,DE,Paid Search,Premium,4,4,168,61.0,0.586,0,1,0.278,3.7,92.72,1
KL100026,DE,Paid Search,Plus,5,6,155,31.07,0.255,1,1,0.347,3.4,70.84,0
KL100027,DE,Social,Premium,27,10,163,56.04,0.407,2,0,0.417,5.0,212.95,0
KL100028,DE,Referral,Plus,12,6,144,41.72,0.551,3,2,0.282,4.1,95.12,0
KL100029,AT,Paid Search,Basic,31,6,136,22.63,0.348,2,2,0.034,3.7,51.6,0
KL100030,AT,Paid Search,Premium,13,2,214,70.9,0.429,4,0,0.182,4.0,53.88,0
KL100031,Other,Paid Search,Plus,11,2,202,40.03,0.088,0,1,0.056,4.0,30.42,1
KL100032,DE,Paid Search,Basic,3,2,199,29.34,0.572,1,0,0.271,4.9,22.3,0
KL100033,DE,Organic,Basic,3,4,217,21.47,0.653,2,0,0.137,5.0,32.63,0
KL100034,DE,Organic,Basic,27,5,178,33.98,0.425,0,1,0.208,4.2,64.56,0
KL100035,DE,Social,Premium,4,2,181,66.46,0.568,3,0,0.419,4.0,50.51,0
KL100036,DE,Paid Search,Basic,8,1,218,32.21,0.298,0,0,0.384,4.1,12.24,1
KL100037,DE,Paid Search,Basic,14,2,181,34.08,0.306,1,1,0.582,4.1,25.9,1
KL100038,DE,Organic,Plus,20,3,227,48.92,0.281,0,0,0.497,4.7,55.77,0
KL100039,AT,Social,Basic,27,7,165,31.32,0.318,0,0,0.261,3.5,83.31,0
KL100040,DE,Organic,Premium,4,5,144,66.39,0.416,2,1,0.545,5.0,126.14,1
KL100041,CH,Paid Search,Basic,35,8,161,36.84,0.414,3,1,0.643,3.7,111.99,0
KL100042,AT,Social,Basic,7,1,184,29.3,0.515,2,1,0.369,4.4,11.13,0
KL100043,DE,Paid Search,Basic,62,4,224,24.69,0.396,3,1,0.425,4.0,37.53,1
KL100044,CH,Referral,Plus,3,6,169,49.34,0.297,1,1,0.322,3.8,112.5,0
KL100045,CH,Organic,Plus,3,5,202,50.37,0.125,0,1,0.26,4.1,95.7,0
KL100046,DE,Social,Basic,6,10,118,27.59,0.287,0,0,0.571,4.7,104.84,0
KL100047,DE,Referral,Basic,4,3,189,32.96,0.048,0,2,0.102,3.8,37.57,1
KL100048,AT,Paid Search,Premium,3,11,147,68.64,,0,1,0.216,5.0,286.92,0
KL100049,DE,Social,Plus,72,3,190,42.72,0.184,2,2,0.275,3.2,48.7,0
KL100050,DE,Paid Search,Plus,6,3,165,30.24,0.486,4,0,0.526,5.0,34.47,0
KL100051,DE,Social,Basic,2,1,237,19.19,0.454,1,0,0.198,4.8,7.29,1
KL100052,CH,Referral,Premium,4,7,174,62.04,,2,1,0.25,4.3,165.03,0
KL100053,AT,Social,Plus,35,8,118,42.33,0.311,1,0,0.314,3.9,128.68,0
KL100054,AT,Referral,Basic,1,1,199,18.59,0.114,0,0,0.154,4.5,7.06,0
KL100055,CH,Paid Search,Premium,42,7,135,48.25,0.365,0,0,0.413,4.3,128.34,0
KL100056,DE,Paid Search,Premium,5,6,155,64.18,0.28,4,0,0.111,5.0,146.33,0
KL100057,DE,Organic,Plus,8,6,156,42.07,0.36,2,1,0.516,4.1,95.92,0
KL100058,DE,Social,Plus,67,3,188,48.92,0.778,3,0,0.666,4.4,55.77,0
KL100059,DE,Referral,Basic,20,5,130,43.46,0.435,0,0,0.506,,82.57,0
KL100060,AT,Social,Plus,36,2,189,31.13,0.322,3,0,0.161,,23.66,1
KL100061,DE,Organic,Basic,11,0,254,30.73,0.291,1,1,0.337,4.4,11.68,1
KL100062,DE,Paid Search,Plus,1,7,224,61.03,0.343,4,0,0.372,3.8,162.34,0
KL100063,CH,Social,Basic,8,3,156,17.46,0.619,2,1,0.442,4.0,19.9,0
KL100064,AT,Referral,Basic,7,3,234,20.19,0.744,1,0,0.18,3.7,23.02,1
KL100065,DE,Organic,Premium,15,6,250,72.77,0.285,2,1,0.246,4.5,165.92,0
KL100066,DE,Organic,Basic,11,2,197,29.51,0.533,1,1,0.134,4.6,22.43,0
KL100067,DE,Paid Search,Plus,20,5,198,44.2,0.704,2,0,0.228,4.1,83.98,0
KL100068,DE,Organic,Basic,7,3,232,32.96,0.324,1,0,0.163,5.0,37.57,1
KL100069,DE,Referral,Basic,12,7,149,33.92,0.274,0,1,0.079,,90.23,1
KL100070,DE,Paid Search,Basic,20,0,253,31.39,0.28,0,0,0.605,4.6,11.93,1
KL100071,DE,Paid Search,Basic,10,3,189,32.37,0.278,2,0,0.564,4.5,36.9,0
KL100072,CH,Organic,Basic,9,1,246,18.41,0.233,2,0,0.426,5.0,7.0,1
KL100073,DE,Paid Search,Basic,28,3,249,35.86,0.487,2,2,0.215,3.9,40.88,1
KL100074,DE,Referral,Plus,19,5,224,54.51,0.176,0,0,0.453,4.7,103.57,1
KL100075,DE,Paid Search,Basic,25,4,177,36.87,0.207,2,0,0.281,4.7,56.04,0
KL100076,DE,Organic,Basic,20,5,201,31.99,0.467,2,0,0.425,4.6,60.78,0
KL100077,AT,Organic,Basic,3,6,156,43.1,0.262,1,2,0.332,3.5,98.27,0
KL100078,DE,Referral,Basic,10,3,156,29.49,0.12,0,1,0.231,2.6,33.62,0
KL100079,CH,Referral,Basic,11,2,196,35.94,0.294,1,1,0.497,4.1,27.31,0
KL100080,AT,Organic,Basic,15,2,233,41.55,0.419,1,3,0.304,3.6,31.58,0
KL100081,DE,Paid Search,Plus,42,7,154,39.09,0.608,2,1,0.181,4.1,103.98,0
KL100082,CH,Organic,Plus,10,3,247,52.49,0.713,5,1,0.627,3.1,59.84,1
KL100083,DE,Paid Search,Premium,11,9,151,55.95,0.764,3,2,0.275,2.9,191.35,0
KL100084,DE,Organic,Plus,6,5,143,35.09,0.472,3,2,0.545,3.5,66.67,0
KL100085,DE,Social,Plus,37,5,170,34.13,0.338,0,1,0.162,3.6,64.85,0
KL100086,AT,Referral,Basic,45,8,134,10.81,0.448,2,0,0.591,4.5,32.86,0
KL100087,DE,Organic,Basic,28,4,234,22.27,0.119,0,2,0.178,4.3,33.85,1
KL100088,DE,Paid Search,Plus,11,6,190,42.66,0.221,1,0,0.356,5.0,97.26,1
KL100089,DE,Organic,Basic,26,6,170,25.55,0.682,5,0,0.2,4.4,58.25,0
KL100090,DE,Organic,Basic,9,4,214,17.79,0.342,0,4,0.246,3.4,27.04,1
KL100091,AT,Organic,Premium,32,11,105,45.27,0.207,1,0,0.653,4.4,189.23,0
KL100092,DE,Organic,Basic,26,4,148,22.0,0.459,2,1,0.073,4.0,33.44,0
KL100093,DE,Referral,Basic,34,3,152,21.21,0.381,3,1,0.672,4.0,24.18,0
KL100094,DE,Organic,Premium,5,6,108,80.16,0.081,0,0,0.492,4.5,182.76,0
KL100095,AT,Social,Basic,9,7,127,27.85,0.48,2,0,0.608,4.4,74.08,0
KL100096,DE,Organic,Basic,24,8,176,42.03,0.43,0,1,0.265,3.5,127.77,0
KL100097,DE,Paid Search,Basic,38,1,238,22.26,0.116,2,0,0.404,4.1,8.46,1
KL100098,DE,Paid Search,Basic,46,2,174,36.41,0.444,1,0,0.238,4.5,27.67,0
KL100099,Other,Referral,Premium,15,9,78,66.95,0.581,5,0,0.381,3.8,228.97,0
KL100100,CH,Organic,Plus,9,5,166,35.52,0.273,1,0,0.384,4.5,67.49,0
KL100101,AT,Organic,Basic,9,1,229,30.06,0.507,1,0,0.269,4.7,11.42,1
KL100102,DE,Social,Basic,30,3,225,26.35,0.226,1,1,0.328,4.3,30.04,1
KL100103,Other,Social,Basic,2,1,221,25.56,0.454,3,1,0.594,3.2,9.71,1
KL100104,CH,Social,Plus,3,4,153,28.71,0.758,3,0,0.563,4.2,43.64,0
KL100105,AT,Organic,Basic,1,4,213,43.76,0.229,2,2,0.286,4.5,66.52,0
KL100106,DE,Organic,Basic,23,6,186,32.34,0.432,1,0,0.851,4.5,73.74,0
KL100107,DE,Social,Plus,2,7,190,33.09,0.358,2,1,0.356,3.9,88.02,1
KL100108,DE,Paid Search,Premium,3,4,157,68.12,0.204,0,1,0.327,3.6,103.54,1
KL100109,CH,Paid Search,Premium,26,8,174,62.22,0.076,0,2,0.24,3.3,189.15,0
KL100110,DE,Organic,Plus,2,7,194,53.21,0.205,1,0,0.185,3.5,141.54,1
KL100111,DE,Organic,Plus,6,1,165,39.67,0.073,1,0,0.426,5.0,15.07,0
KL100112,DE,Referral,Plus,6,5,158,41.63,0.516,0,0,0.572,3.5,79.1,0
KL100113,DE,Social,Premium,71,11,79,60.0,0.358,3,0,0.079,4.9,250.8,0
KL100114,DE,Organic,Basic,6,1,184,31.85,0.081,1,2,0.364,4.2,12.1,1
KL100115,CH,Referral,Basic,6,1,208,27.87,0.286,1,0,0.228,4.9,10.59,0
KL100116,AT,Paid Search,Basic,2,1,161,38.0,0.348,3,0,0.436,3.8,14.44,0
KL100117,AT,Organic,Premium,23,6,211,67.47,0.814,4,1,0.135,3.4,153.83,0
KL100118,DE,Paid Search,Premium,32,6,211,84.55,0.208,1,2,0.313,4.3,192.77,1
KL100119,AT,Social,Plus,12,10,135,40.88,0.359,1,0,0.246,4.5,155.34,0
KL100120,DE,Paid Search,Basic,8,8,133,21.66,0.81,3,0,0.509,4.4,65.85,0
KL100121,AT,Paid Search,Premium,4,7,162,59.2,0.356,1,0,0.347,4.8,157.47,0
KL100122,DE,Social,Basic,3,3,247,22.24,0.444,2,0,0.469,3.9,25.35,1
KL100123,DE,Organic,Basic,8,5,202,21.49,0.393,1,0,0.269,5.0,40.83,0
KL100124,DE,Referral,Plus,44,10,77,54.16,0.733,1,0,0.29,4.4,205.81,0
KL100125,DE,Paid Search,Plus,2,4,109,39.95,0.513,4,1,0.106,3.9,60.72,0
KL100126,DE,Paid Search,Premium,58,5,148,67.43,0.519,5,1,0.386,3.5,128.12,0
KL100127,DE,Social,Basic,2,3,194,17.81,0.837,3,0,0.171,4.2,20.3,0
KL100128,DE,Paid Search,Basic,72,3,136,28.04,0.441,0,0,0.262,4.3,31.97,0
KL100129,DE,Paid Search,Basic,2,2,197,9.31,0.484,3,1,0.269,,7.08,1
KL100130,DE,Social,Basic,6,0,161,30.88,0.265,1,2,0.502,3.6,11.73,1
KL100131,Other,Referral,Premium,22,3,196,60.8,0.153,1,0,0.141,4.1,69.31,0
KL100132,DE,Social,Basic,12,1,220,40.87,0.319,2,0,0.219,3.9,15.53,0
KL100133,DE,Social,Basic,9,5,240,34.67,0.128,0,0,0.25,4.9,65.87,0
KL100134,DE,Organic,Basic,72,6,167,34.49,0.375,1,0,0.307,5.0,78.64,0
KL100135,DE,Paid Search,Plus,60,5,168,35.06,0.513,2,1,0.463,4.9,66.61,0
KL100136,Other,Paid Search,Premium,16,4,235,67.96,0.298,2,1,0.569,3.8,103.3,1
KL100137,DE,Organic,Basic,6,3,219,43.73,0.102,0,0,0.329,4.0,49.85,1
KL100138,CH,Social,Basic,19,3,197,21.98,0.165,2,2,0.299,4.1,25.06,1
KL100139,DE,Organic,Premium,5,5,169,58.35,0.455,4,0,0.166,3.9,110.86,0
KL100140,DE,Organic,Plus,8,7,224,42.49,0.204,1,0,0.304,4.5,113.02,1
KL100141,DE,Organic,Basic,15,3,170,30.06,0.663,1,1,0.331,3.5,34.27,0
KL100142,Other,Organic,Basic,16,4,136,33.47,0.548,3,0,0.252,4.0,50.87,0
KL100143,DE,Organic,Premium,12,4,181,69.41,0.326,1,1,0.149,4.1,105.5,0
KL100144,DE,Paid Search,Plus,48,5,169,43.93,0.326,3,1,0.377,3.4,83.47,0
KL100145,DE,Paid Search,Basic,6,2,246,22.42,0.291,2,0,0.28,4.2,17.04,1
KL100146,DE,Organic,Basic,17,4,193,44.0,0.369,0,1,0.178,4.8,66.88,0
KL100147,DE,Organic,Basic,12,3,228,40.23,0.42,3,1,0.463,,45.86,1
KL100148,DE,Social,Basic,10,2,114,31.92,0.276,0,0,0.167,4.6,24.26,0
KL100149,DE,Organic,Basic,1,2,192,38.2,0.214,0,1,0.449,5.0,29.03,1
KL100150,CH,Paid Search,Basic,13,1,264,27.9,0.468,2,2,0.285,,10.6,1
KL100151,CH,Paid Search,Basic,13,7,126,18.55,0.281,1,1,0.312,3.9,49.34,0
KL100152,DE,Paid Search,Basic,63,5,170,35.46,0.38,4,1,0.393,3.6,67.37,0
KL100153,DE,Referral,Basic,19,6,201,18.18,0.486,6,0,0.243,5.0,41.45,0
KL100154,DE,Paid Search,Basic,8,2,186,44.89,0.67,2,3,0.132,3.1,34.12,0
KL100155,AT,Referral,Plus,19,4,215,33.33,0.8,3,0,0.505,,50.66,0
KL100156,DE,Social,Basic,2,2,183,39.67,,4,0,0.345,5.0,30.15,0
KL100157,AT,Organic,Premium,8,3,195,80.39,0.539,3,0,0.125,3.8,91.64,0
KL100158,AT,Organic,Premium,7,2,227,54.6,0.672,4,0,0.083,4.8,41.5,0
KL100159,CH,Paid Search,Premium,15,8,118,53.82,0.453,1,0,0.356,4.2,163.61,0
KL100160,DE,Paid Search,Basic,30,4,160,32.52,0.464,1,0,0.193,3.5,49.43,0
KL100161,CH,Paid Search,Basic,25,4,220,40.82,0.23,0,1,0.211,3.6,62.05,0
KL100162,DE,Organic,Plus,12,6,144,48.15,0.504,3,0,0.443,5.0,109.78,0
KL100163,DE,Organic,Basic,18,4,192,21.9,0.4,0,0,0.44,,33.29,1
KL100164,DE,Paid Search,Basic,4,5,214,40.92,0.163,0,0,0.491,4.1,77.75,0
KL100165,DE,Social,Basic,5,1,215,46.49,0.883,4,2,0.278,3.6,17.67,1
KL100166,CH,Social,Plus,18,5,190,34.97,0.531,0,2,0.169,2.9,66.44,1
KL100167,CH,Referral,Plus,3,3,250,45.65,0.405,2,0,0.283,4.5,52.04,0
KL100168,DE,Organic,Basic,6,2,285,33.63,0.687,5,0,0.249,3.9,25.56,0
KL100169,Other,Paid Search,Premium,14,5,185,63.36,0.337,2,2,0.431,3.9,120.38,0
KL100170,DE,Referral,Plus,8,3,181,35.43,0.237,0,0,0.477,4.3,40.39,1
KL100171,DE,Social,Basic,6,3,225,20.09,0.131,0,0,0.211,4.3,22.9,0
KL100172,DE,Paid Search,Basic,10,2,177,14.39,0.476,2,1,0.134,4.6,10.94,0
KL100173,Other,Paid Search,Basic,9,1,258,35.51,,2,2,0.429,4.1,13.49,1
KL100174,DE,Organic,Premium,4,4,169,61.49,0.593,0,0,0.201,4.5,93.46,0
KL100175,DE,Referral,Plus,3,2,189,55.89,0.381,2,0,0.275,,42.48,1
KL100176,DE,Paid Search,Plus,29,4,152,46.95,0.666,2,1,0.366,4.1,71.36,0
KL100177,Other,Paid Search,Plus,49,10,110,41.91,0.128,1,0,0.555,4.2,159.26,0
KL100178,CH,Paid Search,Basic,42,2,245,40.2,0.451,2,0,0.441,5.0,30.55,1
KL100179,AT,Paid Search,Premium,4,6,184,64.97,0.467,2,1,0.166,4.1,148.13,0
KL100180,CH,Organic,Premium,36,13,114,61.05,0.155,1,0,0.254,4.3,301.59,0
KL100181,CH,Social,Plus,2,1,284,48.42,0.58,1,0,0.194,4.2,18.4,0
KL100182,DE,Paid Search,Basic,6,4,192,24.09,0.437,0,0,0.343,4.2,36.62,1
KL100183,DE,Organic,Basic,12,2,203,29.82,,2,0,0.251,4.3,22.66,0
KL100184,CH,Paid Search,Basic,21,4,149,31.3,0.313,0,0,0.396,4.7,47.58,0
KL100185,AT,Referral,Basic,3,4,160,28.87,0.165,1,0,0.309,4.3,43.88,0
KL100186,DE,Paid Search,Plus,19,4,155,45.42,0.441,1,0,0.278,4.6,69.04,0
KL100187,DE,Paid Search,Plus,26,5,156,45.43,0.441,1,0,0.193,4.0,86.32,0
KL100188,AT,Paid Search,Premium,1,4,172,66.8,0.18,0,1,0.164,,101.54,1
KL100189,DE,Social,Basic,11,1,202,24.09,0.423,0,1,0.38,4.1,9.15,0
KL100190,Other,Social,Basic,22,5,204,20.01,0.576,4,0,0.498,4.3,38.02,0
KL100191,DE,Social,Basic,5,0,219,22.35,0.43,2,0,0.39,4.5,8.49,1
KL100192,DE,Organic,Premium,72,9,211,59.86,0.219,0,1,0.087,4.8,204.72,0
KL100193,CH,Referral,Plus,3,5,202,47.52,0.504,1,0,0.219,4.4,90.29,1
KL100194,DE,Referral,Basic,2,3,171,42.05,0.469,0,0,0.541,3.1,47.94,0
KL100195,DE,Paid Search,Plus,59,5,196,42.19,0.582,0,0,0.162,4.5,80.16,0
KL100196,DE,Paid Search,Plus,4,6,177,52.08,0.114,0,0,0.249,,118.74,0
KL100197,CH,Organic,Basic,41,8,205,22.61,0.475,2,1,0.145,5.0,68.73,0
KL100198,DE,Paid Search,Basic,15,5,209,27.07,0.172,0,0,0.141,3.9,51.43,0
KL100199,DE,Organic,Basic,10,3,198,26.86,0.667,1,0,0.057,4.2,30.62,1
KL100200,CH,Organic,Basic,63,11,193,32.96,0.271,2,1,0.424,4.6,137.77,0
KL100201,Other,Referral,Plus,37,4,208,37.28,0.317,2,1,0.402,3.6,56.67,0
KL100202,DE,Organic,Basic,22,5,201,34.15,0.246,0,1,0.271,4.1,64.89,0
KL100203,DE,Paid Search,Plus,9,3,249,45.01,0.343,2,1,0.435,,51.31,1
KL100204,DE,Organic,Plus,46,8,186,43.52,0.53,4,1,0.482,4.5,132.3,0
KL100205,DE,Paid Search,Plus,1,1,220,37.64,0.537,3,0,0.34,4.4,14.3,0
KL100206,DE,Paid Search,Premium,12,5,177,51.92,0.374,1,1,0.195,4.7,98.65,0
KL100207,AT,Organic,Basic,9,4,117,24.6,0.24,1,0,0.382,5.0,37.39,0
KL100208,DE,Paid Search,Plus,1,4,123,48.18,0.703,1,0,0.226,4.6,73.23,0
KL100209,DE,Referral,Basic,34,2,200,14.04,0.451,1,0,0.357,4.1,10.67,0
KL100210,AT,Paid Search,Plus,3,3,177,29.55,0.484,4,1,0.285,4.7,33.69,0
KL100211,DE,Referral,Plus,9,7,165,39.83,0.475,3,1,0.147,3.7,105.95,1
KL100212,DE,Social,Basic,8,3,232,21.38,0.283,0,1,0.266,3.9,24.37,1
KL100213,CH,Paid Search,Basic,23,0,193,53.81,0.245,1,1,0.541,3.9,20.45,1
KL100214,AT,Organic,Plus,10,4,133,44.02,0.666,3,1,0.336,4.5,66.91,0
KL100215,AT,Organic,Plus,7,5,135,38.86,0.615,5,0,0.353,3.7,73.83,0
KL100216,DE,Social,Plus,6,6,138,51.17,0.505,2,1,0.2,4.3,116.67,0
KL100217,DE,Paid Search,Basic,19,4,148,27.55,0.603,1,1,0.517,4.1,41.88,0
KL100218,Other,Paid Search,Plus,5,6,174,41.38,0.383,1,0,0.091,4.8,94.35,0
KL100219,DE,Social,Plus,30,4,242,56.66,0.133,0,0,0.512,3.9,86.12,1
KL100220,DE,Organic,Basic,2,2,226,11.4,0.201,1,0,0.265,3.7,8.66,0
KL100221,DE,Social,Plus,10,8,180,34.34,0.346,4,0,0.553,3.2,104.39,0
KL100222,AT,Organic,Plus,20,4,196,46.31,0.272,1,1,0.105,4.7,70.39,0
KL100223,Other,Referral,Plus,18,3,153,34.41,0.557,2,0,0.28,5.0,39.23,0
KL100224,DE,Organic,Basic,16,0,298,20.31,0.258,1,0,0.42,5.0,7.72,1
KL100225,Other,Organic,Basic,7,1,201,34.66,0.649,2,2,0.167,3.7,13.17,0
KL100226,DE,Social,Premium,18,5,207,59.64,0.708,2,0,0.187,4.3,113.32,0
KL100227,DE,Organic,Premium,34,10,62,68.0,0.156,0,1,0.232,4.4,258.4,0
KL100228,AT,Referral,Basic,25,2,201,26.03,,2,2,0.29,4.1,19.78,0
KL100229,DE,Social,Premium,11,7,158,67.85,0.372,3,2,0.088,3.0,180.48,0
KL100230,DE,Organic,Basic,16,2,195,27.27,0.297,2,0,0.602,4.4,20.73,1
KL100231,DE,Organic,Premium,2,3,147,71.75,0.721,4,0,0.34,4.5,81.8,0
KL100232,Other,Referral,Basic,14,2,211,35.66,0.221,1,0,0.499,4.7,27.1,1
KL100233,DE,Paid Search,Basic,2,4,231,22.46,0.25,1,2,0.324,3.8,34.14,1
KL100234,Other,Referral,Premium,8,9,221,52.13,0.227,2,1,0.145,3.3,178.28,0
KL100235,CH,Organic,Basic,32,4,246,26.93,0.502,1,0,0.109,4.7,40.93,0
KL100236,DE,Referral,Plus,9,5,224,37.37,0.419,4,1,0.159,3.7,71.0,0
KL100237,CH,Paid Search,Basic,17,2,264,22.31,0.591,4,2,0.184,3.5,16.96,1
KL100238,DE,Social,Basic,10,4,252,14.15,0.404,1,0,0.319,3.6,21.51,1
KL100239,DE,Paid Search,Premium,9,4,156,61.75,0.425,1,2,0.436,,93.86,0
KL100240,CH,Organic,Plus,32,5,189,42.34,0.302,1,0,0.76,4.4,80.45,0
KL100241,CH,Referral,Premium,45,11,87,60.27,0.64,4,0,0.274,4.3,251.93,0
KL100242,DE,Referral,Premium,8,7,183,64.61,0.758,9,1,0.522,3.7,171.86,0
KL100243,DE,Paid Search,Basic,6,4,179,33.21,0.56,4,0,0.244,5.0,50.48,0
KL100244,DE,Referral,Basic,6,0,215,39.35,0.281,1,3,0.157,4.3,14.95,1
KL100245,CH,Organic,Basic,13,5,170,40.29,0.446,2,1,0.05,4.1,76.55,0
KL100246,DE,Organic,Plus,25,4,101,36.81,0.502,1,0,0.224,3.3,55.95,0
KL100247,DE,Organic,Basic,26,2,137,22.01,0.679,3,0,0.21,4.0,16.73,0
KL100248,DE,Paid Search,Basic,7,2,234,16.94,,5,2,0.191,4.1,12.87,1
KL100249,DE,Organic,Plus,2,5,156,48.53,0.148,1,0,0.068,4.5,92.21,0
KL100250,AT,Paid Search,Basic,7,1,248,29.47,0.287,0,0,0.356,4.3,11.2,1
KL100251,CH,Organic,Plus,24,9,142,53.36,0.164,1,2,0.377,4.1,182.49,0
KL100252,DE,Social,Basic,19,6,116,29.45,0.296,1,0,0.178,4.5,67.15,0
KL100253,DE,Social,Basic,31,6,123,23.54,0.841,3,0,0.559,5.0,53.67,0
KL100254,DE,Social,Basic,62,4,164,27.61,0.242,0,1,0.018,3.7,41.97,0
KL100255,AT,Organic,Basic,5,2,172,26.26,0.504,4,0,0.421,4.6,19.96,0
KL100256,CH,Social,Plus,9,4,185,36.25,0.454,2,0,0.392,3.9,55.1,0
KL100257,DE,Organic,Basic,20,3,205,28.68,0.214,1,0,0.088,3.6,32.7,1
KL100258,DE,Social,Plus,26,2,216,35.0,0.245,2,0,0.329,3.6,26.6,0
KL100259,DE,Paid Search,Plus,17,3,204,53.12,0.399,1,0,0.514,3.9,60.56,0
KL100260,DE,Paid Search,Basic,31,3,227,14.23,0.734,4,1,0.152,4.6,16.22,0
KL100261,CH,Organic,Premium,4,7,199,74.62,0.476,3,0,0.542,3.1,198.49,0
KL100262,DE,Social,Premium,3,3,163,60.98,0.388,2,0,0.328,3.5,69.52,0
KL100263,DE,Referral,Basic,5,2,139,8.0,0.398,1,1,0.253,3.9,6.08,0
KL100264,Other,Social,Premium,33,4,164,50.61,0.135,1,0,0.094,4.5,76.93,0
KL100265,DE,Referral,Basic,6,3,199,27.47,0.645,1,2,0.217,3.8,31.32,0
KL100266,DE,Referral,Plus,10,5,162,38.62,0.27,1,0,0.528,4.4,73.38,0
KL100267,DE,Organic,Basic,72,7,186,31.26,0.515,3,2,0.453,3.3,83.15,0
KL100268,DE,Social,Plus,30,1,165,38.6,0.589,1,1,0.438,4.5,14.67,0
KL100269,DE,Paid Search,Plus,6,9,203,46.62,0.275,0,1,0.257,4.2,159.44,0
KL100270,DE,Paid Search,Premium,3,7,191,65.08,0.243,1,2,0.504,4.3,173.11,1
KL100271,DE,Organic,Premium,10,3,183,70.21,0.194,1,0,0.328,4.5,80.04,0
KL100272,DE,Referral,Basic,43,3,169,34.93,0.842,5,0,0.442,5.0,39.82,0
KL100273,DE,Social,Plus,5,8,151,46.06,0.515,4,2,0.265,3.6,140.02,0
KL100274,AT,Organic,Basic,8,3,236,25.62,0.301,2,1,0.574,3.6,29.21,1
KL100275,DE,Paid Search,Basic,11,3,182,39.38,0.548,5,0,0.193,4.2,44.89,0
KL100276,DE,Paid Search,Basic,19,5,160,27.46,0.13,1,0,0.551,4.1,52.17,1
KL100277,DE,Social,Premium,19,6,172,59.18,0.491,3,1,0.273,4.7,134.93,0
KL100278,CH,Referral,Plus,54,7,120,38.6,0.174,3,0,0.281,5.0,102.68,0
KL100279,CH,Organic,Basic,4,2,242,31.09,0.348,1,1,0.655,3.6,23.63,0
KL100280,DE,Paid Search,Premium,59,14,130,72.98,0.256,2,2,0.428,3.6,388.25,0
KL100281,DE,Paid Search,Plus,5,3,228,47.33,0.073,3,0,0.265,4.6,53.96,1
KL100282,DE,Paid Search,Basic,9,5,228,33.36,0.15,1,0,0.269,3.9,63.38,1
KL100283,DE,Paid Search,Basic,6,3,168,25.05,0.438,4,1,0.084,3.6,28.56,0
KL100284,DE,Organic,Plus,19,3,197,50.69,0.939,4,0,0.249,5.0,57.79,0
KL100285,DE,Organic,Plus,4,2,201,42.05,0.346,3,0,0.493,4.9,31.96,0
KL100286,DE,Paid Search,Basic,16,5,235,23.65,0.51,3,1,0.243,3.4,44.94,0
KL100287,DE,Referral,Plus,17,4,173,26.72,0.335,0,2,0.612,3.1,40.61,0
KL100288,DE,Paid Search,Basic,7,3,133,32.84,0.354,1,1,0.18,4.3,37.44,0
KL100289,DE,Organic,Plus,19,3,180,37.31,0.123,0,0,0.62,5.0,42.53,0
KL100290,CH,Social,Basic,6,1,243,19.3,0.722,2,0,0.054,4.8,7.33,0
KL100291,DE,Referral,Basic,6,1,231,17.76,0.165,0,0,0.242,4.0,6.75,1
KL100292,Other,Paid Search,Basic,22,2,201,35.16,0.299,1,0,0.699,4.2,26.72,1
KL100293,DE,Organic,Plus,3,10,127,43.37,0.806,2,1,0.272,3.2,164.81,0
KL100294,CH,Social,Basic,5,4,200,32.1,0.49,0,0,0.56,5.0,48.79,1
KL100295,CH,Paid Search,Basic,16,3,216,26.26,0.797,4,1,0.533,3.2,29.94,1
KL100296,Other,Social,Basic,4,1,220,28.32,,0,0,0.179,4.5,10.76,1
KL100297,CH,Organic,Premium,18,2,192,64.65,0.499,5,0,0.156,4.2,49.13,0
KL100298,CH,Organic,Basic,13,3,195,18.7,0.643,3,1,0.031,,21.32,0
KL100299,AT,Paid Search,Basic,45,5,161,34.52,0.467,3,0,0.256,5.0,65.59,0
KL100300,CH,Social,Basic,52,4,224,21.13,0.349,0,0,0.317,3.7,32.12,1
KL100301,DE,Paid Search,Plus,17,4,183,37.67,0.253,1,0,0.12,4.2,57.26,0
KL100302,DE,Organic,Basic,19,2,171,30.95,0.34,0,0,0.299,4.5,23.52,0
KL100303,DE,Paid Search,Basic,72,3,275,36.28,0.467,1,0,0.54,4.6,41.36,0
KL100304,CH,Social,Premium,5,5,155,60.04,0.139,2,1,0.183,3.7,114.08,0
KL100305,DE,Organic,Plus,4,2,173,48.09,0.171,1,0,0.115,5.0,36.55,0
KL100306,DE,Social,Plus,20,3,154,44.63,0.6,0,2,0.827,3.5,50.88,1
KL100307,AT,Social,Basic,5,4,164,26.23,0.586,2,0,0.326,4.7,39.87,0
KL100308,DE,Paid Search,Premium,7,5,206,64.32,0.507,3,0,0.356,4.5,122.21,0
KL100309,DE,Referral,Premium,40,6,117,64.24,0.136,1,0,0.198,3.3,146.47,0
KL100310,DE,Referral,Plus,31,4,194,43.83,0.816,3,0,0.54,5.0,66.62,0
KL100311,DE,Organic,Plus,13,2,184,51.21,0.145,1,1,0.251,,38.92,1
KL100312,DE,Organic,Premium,13,7,136,67.34,0.63,4,0,0.569,5.0,179.12,0
KL100313,DE,Organic,Premium,29,10,79,62.82,0.348,2,1,0.409,4.4,238.72,0
KL100314,DE,Organic,Basic,9,2,202,24.39,0.667,3,0,0.434,,18.54,0
KL100315,DE,Paid Search,Premium,10,6,112,66.13,0.811,0,1,0.656,3.7,150.78,0
KL100316,DE,Referral,Plus,11,4,178,38.2,0.436,1,1,0.408,3.6,58.06,0
KL100317,AT,Social,Plus,38,9,160,27.77,0.793,2,1,0.297,3.7,94.97,0
KL100318,DE,Organic,Basic,6,1,133,37.17,0.637,2,0,0.488,4.0,14.12,1
KL100319,Other,Paid Search,Basic,36,5,204,26.98,0.251,1,3,0.461,3.7,51.26,0
KL100320,CH,Organic,Plus,29,3,127,40.56,0.402,0,1,0.413,4.4,46.24,0
KL100321,DE,Paid Search,Plus,12,5,244,52.8,0.53,2,1,0.17,4.0,100.32,0
KL100322,DE,Organic,Basic,14,4,181,23.9,0.676,2,2,0.183,3.5,36.33,0
KL100323,DE,Referral,Plus,56,8,126,45.41,0.773,1,2,0.188,3.5,138.05,0
KL100324,CH,Social,Basic,3,4,195,27.96,0.421,0,0,0.171,4.2,42.5,0
KL100325,AT,Organic,Basic,11,2,172,30.76,0.353,2,0,0.345,4.5,23.38,0
KL100326,CH,Social,Plus,25,6,87,37.22,0.578,4,1,0.185,3.8,84.86,0
KL100327,DE,Paid Search,Plus,25,7,204,49.23,0.281,2,0,0.416,4.9,130.95,0
KL100328,AT,Social,Basic,10,2,192,42.21,0.473,2,0,0.404,,32.08,0
KL100329,DE,Paid Search,Basic,1,2,207,20.5,0.403,1,2,0.309,4.0,15.58,0
KL100330,AT,Organic,Basic,50,3,190,34.07,0.551,3,0,0.257,5.0,38.84,0
KL100331,DE,Paid Search,Plus,40,5,151,42.96,0.82,3,0,0.181,4.8,81.62,0
KL100332,AT,Organic,Premium,9,5,141,67.94,0.395,1,1,0.058,4.0,129.09,0
KL100333,CH,Paid Search,Plus,6,5,206,45.71,0.876,4,0,0.325,5.0,86.85,0
KL100334,DE,Organic,Plus,7,2,222,31.98,0.173,0,1,0.472,4.6,24.3,1
KL100335,DE,Social,Basic,13,3,194,21.67,0.222,1,1,0.312,4.3,24.7,0
KL100336,DE,Social,Basic,6,1,248,26.05,0.277,3,0,0.345,4.9,9.9,1
KL100337,AT,Organic,Premium,12,5,177,74.79,0.098,0,0,0.276,4.6,142.1,0
KL100338,DE,Paid Search,Plus,4,2,243,39.57,0.335,1,1,0.326,3.5,30.07,1
KL100339,Other,Social,Basic,2,4,240,31.75,0.453,2,0,0.315,4.9,48.26,1
KL100340,DE,Organic,Plus,7,4,226,42.45,0.354,1,2,0.455,3.0,64.52,0
KL100341,Other,Paid Search,Plus,3,3,210,42.54,0.687,2,0,0.429,4.3,48.5,0
KL100342,CH,Social,Basic,8,1,177,29.22,0.279,2,0,0.489,4.6,11.1,0
KL100343,DE,Paid Search,Basic,37,6,188,21.48,0.576,5,1,0.734,3.3,48.97,0
KL100344,CH,Social,Plus,10,5,163,40.77,0.354,1,0,0.186,4.2,77.46,0
KL100345,CH,Paid Search,Basic,30,3,221,24.73,,4,1,0.307,3.8,28.19,0
KL100346,Other,Paid Search,Basic,4,1,269,27.54,0.71,4,1,0.334,4.3,10.47,0
KL100347,DE,Organic,Plus,39,9,145,36.57,0.331,0,0,0.097,4.3,125.07,0
KL100348,DE,Organic,Premium,42,4,149,79.53,0.457,0,0,0.359,3.8,120.89,0
KL100349,DE,Organic,Basic,10,1,237,14.35,0.765,3,2,0.316,4.8,5.45,0
KL100350,DE,Referral,Basic,1,2,204,14.6,0.458,0,1,0.191,5.0,11.1,1
KL100351,DE,Referral,Basic,22,1,266,31.42,0.582,1,0,0.52,,11.94,1
KL100352,DE,Social,Basic,7,1,214,34.59,0.491,3,2,0.532,3.7,13.14,0
KL100353,DE,Organic,Premium,7,3,194,77.85,0.386,6,0,0.129,4.6,88.75,0
KL100354,DE,Paid Search,Plus,57,4,191,39.91,0.173,1,1,0.277,4.6,60.66,0
KL100355,DE,Social,Basic,2,0,231,28.03,0.166,2,0,0.384,4.3,10.65,1
KL100356,CH,Social,Plus,17,4,119,46.01,0.777,5,1,0.272,4.4,69.94,0
KL100357,CH,Organic,Basic,17,5,152,39.21,0.358,1,0,0.193,4.0,74.5,0
KL100358,DE,Referral,Plus,7,0,259,31.52,0.451,2,0,0.332,4.8,11.98,1
KL100359,DE,Organic,Premium,8,7,141,66.55,0.812,3,0,0.13,4.7,177.02,0
KL100360,Other,Organic,Basic,2,1,211,33.12,0.651,4,2,0.254,3.8,12.59,0
KL100361,DE,Referral,Basic,6,3,188,25.33,0.436,2,0,0.259,4.5,28.88,0
KL100362,DE,Paid Search,Premium,4,6,148,68.47,0.441,0,3,0.236,3.9,156.11,0
KL100363,DE,Paid Search,Basic,4,6,166,23.1,0.451,1,1,0.4,4.2,52.67,1
KL100364,AT,Paid Search,Basic,4,3,160,37.77,0.303,3,2,0.114,4.0,43.06,1
KL100365,DE,Referral,Basic,4,4,136,13.89,0.44,0,0,0.496,4.3,21.11,0
KL100366,CH,Organic,Basic,5,0,227,25.92,0.588,6,0,0.261,4.1,9.85,0
KL100367,AT,Social,Plus,8,3,252,46.55,0.127,1,0,0.404,4.8,53.07,1
KL100368,DE,Organic,Basic,7,2,230,25.69,0.623,1,1,0.139,3.7,19.52,0
KL100369,CH,Organic,Basic,26,5,207,34.83,0.572,2,2,0.263,4.8,66.18,0
KL100370,CH,Paid Search,Basic,9,5,217,28.56,0.469,3,1,0.299,4.7,54.26,1
KL100371,DE,Paid Search,Plus,10,8,163,44.41,0.388,3,0,0.073,4.2,135.01,0
KL100372,DE,Organic,Premium,33,5,181,69.52,0.541,1,2,0.309,,132.09,0
KL100373,DE,Paid Search,Plus,4,4,158,41.58,0.621,3,0,0.106,4.2,63.2,0
KL100374,DE,Paid Search,Plus,7,3,224,28.76,0.315,0,1,0.341,4.2,32.79,1
KL100375,DE,Paid Search,Plus,2,5,190,56.02,0.785,1,2,0.096,4.2,106.44,0
KL100376,Other,Social,Basic,3,4,164,38.94,0.284,0,2,0.096,4.2,59.19,1
KL100377,DE,Social,Basic,4,3,185,33.79,0.755,2,0,0.393,5.0,38.52,0
KL100378,DE,Paid Search,Basic,57,3,157,25.1,0.522,0,0,0.145,4.4,28.61,0
KL100379,AT,Paid Search,Basic,18,4,206,31.58,0.767,5,0,0.193,,48.0,0
KL100380,DE,Paid Search,Premium,6,9,202,51.19,0.301,2,0,0.317,4.4,175.07,0
KL100381,Other,Paid Search,Basic,9,2,164,15.5,0.428,2,2,0.494,3.6,11.78,0
KL100382,CH,Organic,Premium,1,3,233,84.28,0.164,0,1,0.226,3.7,96.08,0
KL100383,DE,Organic,Basic,44,3,238,18.08,0.086,0,1,0.165,4.5,20.61,1
KL100384,DE,Organic,Basic,40,7,123,25.57,0.193,1,0,0.21,4.2,68.02,0
KL100385,Other,Paid Search,Basic,25,5,108,29.15,0.338,2,2,0.268,3.7,55.38,0
KL100386,AT,Referral,Basic,1,5,182,30.76,0.646,2,0,0.299,4.1,58.44,1
KL100387,Other,Paid Search,Basic,8,4,182,27.99,0.41,2,0,0.198,3.6,42.54,0
KL100388,DE,Paid Search,Plus,22,8,148,39.04,0.276,1,1,0.198,4.4,118.68,0
KL100389,CH,Paid Search,Basic,19,0,259,27.19,0.804,6,2,0.106,,10.33,0
KL100390,AT,Social,Plus,2,1,200,51.09,0.551,0,1,0.478,4.2,19.41,1
KL100391,DE,Paid Search,Premium,5,5,265,70.11,0.432,2,0,0.351,3.6,133.21,1
KL100392,DE,Paid Search,Basic,2,3,142,33.46,0.689,7,0,0.376,5.0,38.14,0
KL100393,AT,Social,Premium,72,9,118,49.49,0.36,1,0,0.458,5.0,169.26,0
KL100394,DE,Organic,Basic,31,1,181,32.21,0.555,2,1,0.378,3.3,12.24,0
KL100395,DE,Paid Search,Basic,49,4,181,29.02,0.833,3,1,0.094,3.9,44.11,0
KL100396,CH,Paid Search,Basic,3,5,230,22.92,0.585,3,1,0.252,3.4,43.55,1
KL100397,DE,Social,Plus,39,10,101,56.73,0.431,2,0,0.609,3.9,215.57,0
KL100398,DE,Referral,Plus,18,3,164,30.25,0.22,1,0,0.094,4.7,34.48,0
KL100399,DE,Social,Plus,58,6,150,41.73,0.69,7,1,0.486,3.3,95.14,0
KL100400,DE,Paid Search,Premium,8,7,161,74.46,0.722,7,0,0.442,4.8,198.06,0
KL100401,CH,Organic,Basic,35,7,170,29.25,0.69,5,1,0.497,3.9,77.81,0
KL100402,CH,Paid Search,Plus,26,7,150,26.31,0.316,1,0,0.461,4.5,69.98,0
KL100403,DE,Social,Plus,39,5,135,53.53,0.246,3,0,0.249,4.1,101.71,0
KL100404,Other,Referral,Basic,22,1,209,14.38,0.407,2,1,0.358,3.3,5.46,0
KL100405,CH,Social,Basic,19,2,254,18.43,0.125,1,0,0.679,4.9,14.01,1
KL100406,DE,Organic,Basic,18,2,236,35.73,0.38,2,1,0.507,,27.15,1
KL100407,CH,Social,Basic,12,4,172,20.29,0.234,2,0,0.47,4.5,30.84,0
KL100408,DE,Referral,Plus,27,7,167,39.95,0.467,0,1,0.118,3.5,106.27,0
KL100409,Other,Social,Basic,7,1,229,20.2,0.374,1,0,0.118,4.8,7.68,0
KL100410,AT,Social,Basic,27,7,195,28.58,0.216,1,0,0.136,4.3,76.02,0
KL100411,AT,Paid Search,Plus,8,7,218,51.58,0.313,2,1,0.292,4.2,137.2,1
KL100412,DE,Paid Search,Plus,54,6,181,29.37,0.362,0,1,0.302,4.5,66.96,0
KL100413,CH,Organic,Premium,40,11,91,66.94,0.53,0,1,0.737,4.7,279.81,0
KL100414,DE,Organic,Plus,5,5,126,28.23,0.382,1,0,0.522,5.0,53.64,0
KL100415,DE,Social,Plus,16,7,185,58.8,0.344,0,1,0.149,4.0,156.41,0
KL100416,DE,Referral,Basic,4,1,161,20.63,0.295,2,0,0.424,4.2,7.84,0
KL100417,CH,Social,Plus,16,2,233,46.5,0.687,0,1,0.265,4.7,35.34,0
KL100418,DE,Organic,Basic,3,1,191,30.34,0.318,2,2,0.17,3.7,11.53,1
KL100419,CH,Organic,Basic,3,2,161,29.08,0.298,2,0,0.666,3.3,22.1,1
KL100420,AT,Organic,Premium,47,10,158,61.49,0.332,2,0,0.124,4.1,233.66,0
KL100421,DE,Social,Plus,7,3,160,31.05,0.446,2,0,0.268,4.2,35.4,0
KL100422,DE,Social,Plus,8,8,173,53.79,0.379,0,0,0.65,5.0,163.52,0
KL100423,DE,Referral,Basic,27,2,210,20.45,0.615,4,1,0.112,4.8,15.54,0
KL100424,DE,Paid Search,Plus,3,3,129,41.05,0.179,2,1,0.056,3.2,46.8,0
KL100425,CH,Paid Search,Basic,15,4,238,25.23,0.789,3,2,0.26,3.8,38.35,1
KL100426,DE,Social,Basic,14,0,265,35.86,0.405,2,3,0.368,3.3,13.63,1
KL100427,CH,Organic,Basic,2,0,253,46.19,0.304,1,1,0.182,3.8,17.55,1
KL100428,DE,Referral,Basic,26,3,230,22.55,0.382,2,1,0.183,4.0,25.71,1
KL100429,CH,Paid Search,Basic,31,5,154,29.11,0.664,1,0,0.173,4.7,55.31,0
KL100430,Other,Organic,Plus,12,6,213,50.6,0.623,2,4,0.214,2.9,115.37,1
KL100431,CH,Organic,Basic,24,3,223,38.65,0.419,3,0,0.353,4.3,44.06,0
KL100432,AT,Referral,Plus,41,10,67,40.76,0.235,1,0,0.189,4.0,154.89,0
KL100433,CH,Social,Premium,26,7,130,64.06,0.246,1,0,0.531,5.0,170.4,0
KL100434,DE,Social,Basic,23,1,185,38.27,0.353,2,1,0.365,4.2,14.54,0
KL100435,DE,Social,Plus,6,9,200,27.23,0.519,3,1,0.319,4.1,93.13,0
KL100436,DE,Paid Search,Basic,14,2,170,35.29,0.722,2,0,0.236,4.4,26.82,0
KL100437,DE,Social,Premium,12,3,175,58.61,0.415,0,1,0.081,4.1,66.82,0
KL100438,AT,Referral,Basic,5,5,135,29.19,,0,1,0.515,4.0,55.46,0
KL100439,AT,Organic,Basic,14,4,171,28.5,0.257,0,0,0.727,4.2,43.32,0
KL100440,CH,Social,Basic,11,2,240,23.14,0.156,0,0,0.706,4.9,17.59,1
KL100441,DE,Organic,Premium,13,4,138,67.49,,3,1,0.308,3.7,102.58,0
KL100442,AT,Organic,Basic,5,2,221,25.14,0.236,0,0,0.4,5.0,19.11,1
KL100443,DE,Paid Search,Plus,39,7,133,50.09,0.382,4,0,0.336,3.7,133.24,0
KL100444,DE,Social,Basic,43,5,246,21.87,0.356,2,2,0.361,3.0,41.55,1
KL100445,AT,Organic,Plus,33,4,192,33.63,0.528,0,1,0.615,4.0,51.12,1
KL100446,Other,Paid Search,Basic,3,1,209,28.89,0.12,0,1,0.132,4.0,10.98,1
KL100447,DE,Social,Basic,21,2,184,27.42,0.568,4,1,0.398,4.4,20.84,0
KL100448,DE,Organic,Basic,5,1,220,40.09,0.384,5,0,0.522,4.6,15.23,1
KL100449,DE,Social,Basic,4,2,153,27.79,0.468,0,0,0.326,3.9,21.12,0
KL100450,DE,Referral,Plus,31,5,183,41.99,0.516,4,1,0.289,4.2,79.78,0
KL100451,CH,Organic,Plus,3,3,175,32.33,0.13,0,2,0.023,4.4,36.86,0
KL100452,AT,Organic,Basic,6,0,198,29.54,0.645,2,0,0.039,4.1,11.23,0
KL100453,DE,Referral,Basic,2,3,268,18.86,0.263,0,0,0.416,3.2,21.5,0
KL100454,DE,Organic,Basic,40,5,229,26.5,0.408,1,1,0.5,2.8,50.35,1
KL100455,DE,Organic,Plus,9,6,223,34.66,0.571,2,0,0.622,4.3,79.02,0
KL100456,Other,Referral,Plus,47,5,210,46.11,0.071,0,0,0.26,5.0,87.61,0
KL100457,DE,Referral,Premium,17,9,162,64.13,0.45,2,1,0.544,3.5,219.32,0
KL100458,CH,Social,Premium,18,5,231,74.2,0.396,2,0,0.595,4.0,140.98,0
KL100459,AT,Paid Search,Basic,23,6,183,19.97,0.766,3,1,0.435,5.0,45.53,0
KL100460,DE,Referral,Basic,9,2,226,28.3,0.431,2,0,0.026,4.0,21.51,0
KL100461,DE,Social,Premium,54,9,197,65.99,0.343,2,3,0.275,3.0,225.69,0
KL100462,Other,Social,Basic,15,3,225,26.77,0.511,2,0,0.425,3.5,30.52,0
KL100463,DE,Social,Basic,17,3,212,36.61,0.203,2,1,0.307,3.7,41.74,0
KL100464,DE,Social,Basic,3,1,240,27.35,0.4,2,2,0.045,3.9,10.39,1
KL100465,AT,Paid Search,Plus,72,10,144,33.56,0.266,3,0,0.164,4.4,127.53,0
KL100466,AT,Paid Search,Plus,9,3,214,45.11,0.336,3,1,0.669,4.0,51.43,0
KL100467,Other,Paid Search,Premium,5,2,225,79.22,0.316,1,0,0.267,3.8,60.21,0
KL100468,DE,Paid Search,Basic,14,7,121,22.44,0.242,0,0,0.461,5.0,59.69,0
KL100469,DE,Paid Search,Basic,25,5,154,27.34,0.645,1,0,0.58,3.2,51.95,0
KL100470,DE,Paid Search,Basic,4,3,221,29.53,0.653,6,0,0.029,4.0,33.66,0
KL100471,DE,Social,Plus,37,2,209,49.42,0.366,2,0,0.485,5.0,37.56,0
KL100472,DE,Paid Search,Basic,16,0,219,33.9,0.08,0,0,0.29,5.0,12.88,1
KL100473,DE,Organic,Premium,48,10,150,65.89,0.266,2,1,0.193,4.2,250.38,0
KL100474,DE,Organic,Plus,3,7,95,38.55,0.203,1,0,0.391,4.7,102.54,0
KL100475,DE,Organic,Plus,25,7,158,38.15,0.144,0,0,0.563,3.8,101.48,0
KL100476,DE,Social,Plus,8,2,198,45.75,0.189,0,1,0.66,3.4,34.77,1
KL100477,DE,Paid Search,Basic,52,4,194,22.22,0.616,3,1,0.672,3.2,33.77,0
KL100478,AT,Organic,Plus,14,8,186,30.88,0.349,0,0,0.219,4.6,93.88,1
KL100479,DE,Social,Basic,15,6,159,26.12,0.433,1,0,0.557,5.0,59.55,0
KL100480,DE,Organic,Plus,16,8,203,37.8,0.549,3,0,0.317,4.4,114.91,0
KL100481,DE,Organic,Plus,24,8,122,38.89,0.309,0,0,0.295,4.3,118.23,0
KL100482,DE,Social,Plus,22,3,220,46.22,0.572,1,0,0.65,4.4,52.69,0
KL100483,DE,Paid Search,Basic,17,7,146,28.7,0.44,3,0,0.391,4.8,76.34,0
KL100484,DE,Social,Premium,7,3,237,63.09,0.722,3,0,0.147,5.0,71.92,0
KL100485,DE,Social,Premium,25,4,196,55.46,0.069,0,0,0.353,3.4,84.3,1
KL100486,DE,Referral,Plus,6,4,146,38.74,0.131,0,0,0.319,4.8,58.88,1
KL100487,DE,Organic,Premium,38,5,184,52.02,0.415,2,3,0.448,3.5,98.84,1
KL100488,DE,Social,Plus,17,2,218,35.77,0.109,0,2,0.36,3.9,27.19,1
KL100489,DE,Social,Basic,4,2,212,21.53,0.518,2,2,0.344,3.0,16.36,0
KL100490,AT,Organic,Basic,36,2,216,28.06,0.462,3,1,0.058,4.4,21.33,0
KL100491,AT,Referral,Basic,33,4,180,28.43,0.333,0,0,0.3,5.0,43.21,0
KL100492,AT,Paid Search,Plus,5,6,152,39.96,0.428,0,2,0.768,3.6,91.11,0
KL100493,DE,Referral,Plus,11,5,122,32.86,0.214,0,0,0.434,4.4,62.43,0
KL100494,CH,Paid Search,Basic,20,2,224,14.2,0.052,1,1,0.591,3.8,10.79,1
KL100495,DE,Paid Search,Basic,43,2,222,38.77,0.808,6,0,0.296,4.7,29.47,0
KL100496,DE,Organic,Plus,31,2,271,35.22,0.647,4,0,0.149,4.0,26.77,0
KL100497,AT,Referral,Plus,72,10,139,39.68,0.116,0,0,0.464,4.5,150.78,0
KL100498,DE,Paid Search,Premium,9,9,158,61.13,0.206,0,1,0.066,4.4,209.06,0
KL100499,DE,Organic,Basic,44,6,177,34.89,0.842,3,1,0.318,3.4,79.55,0
KL100500,AT,Organic,Plus,5,3,226,44.33,0.302,1,1,0.088,4.1,50.54,1
KL100501,CH,Social,Basic,10,3,178,22.26,0.607,2,0,0.883,4.4,25.38,1
KL100502,Other,Organic,Basic,8,1,217,32.12,0.71,3,0,0.114,4.6,12.21,0
KL100503,DE,Paid Search,Plus,2,4,189,31.18,0.138,0,0,0.268,4.2,47.39,0
KL100504,DE,Social,Basic,12,2,230,27.19,0.418,0,2,0.392,4.0,20.66,1
KL100505,CH,Organic,Plus,29,4,266,17.97,0.883,6,0,0.306,3.9,27.31,0
KL100506,DE,Paid Search,Basic,17,2,216,30.51,0.348,1,0,0.244,4.9,23.19,0
KL100507,CH,Organic,Basic,23,2,153,24.6,0.207,5,1,0.511,4.0,18.7,0
KL100508,DE,Referral,Plus,31,6,131,40.19,0.507,2,0,0.516,4.8,91.63,0
KL100509,DE,Social,Basic,8,2,241,37.66,0.078,0,0,0.373,3.8,28.62,1
KL100510,DE,Organic,Basic,28,5,122,22.0,0.495,5,2,0.093,4.2,41.8,0
KL100511,CH,Paid Search,Basic,37,7,175,22.34,0.256,0,2,0.599,4.5,59.42,0
KL100512,DE,Paid Search,Basic,52,5,154,16.09,0.666,1,1,0.756,4.6,30.57,0
KL100513,DE,Referral,Plus,6,3,290,42.38,0.636,2,0,0.089,4.5,48.31,1
KL100514,DE,Paid Search,Basic,38,2,162,27.45,0.251,0,1,0.124,3.9,20.86,0
KL100515,DE,Paid Search,Plus,50,9,125,47.82,0.254,0,0,0.185,4.6,163.54,0
KL100516,DE,Referral,Plus,18,7,191,41.71,0.314,2,1,0.462,3.6,110.95,1
KL100517,AT,Organic,Plus,16,7,156,44.67,0.388,3,1,0.367,4.3,118.82,0
KL100518,DE,Paid Search,Basic,5,2,179,32.17,0.101,1,1,0.511,3.8,24.45,0
KL100519,CH,Organic,Plus,24,4,154,44.89,0.204,1,0,0.294,4.3,68.23,0
KL100520,CH,Paid Search,Premium,26,7,141,63.95,0.234,1,1,0.57,4.1,170.11,0
KL100521,DE,Paid Search,Basic,10,5,148,32.3,0.384,2,1,0.262,3.6,61.37,0
KL100522,DE,Referral,Plus,29,3,196,47.16,0.74,2,1,0.202,4.6,53.76,0
KL100523,DE,Paid Search,Basic,13,3,263,36.02,0.484,1,0,0.542,5.0,41.06,0
KL100524,DE,Organic,Basic,14,6,244,46.24,0.51,3,0,0.364,4.0,105.43,1
KL100525,DE,Social,Plus,17,6,244,34.01,0.844,4,0,0.618,4.6,77.54,0
KL100526,Other,Social,Basic,8,3,191,32.14,0.864,3,0,0.349,4.8,36.64,0
KL100527,Other,Social,Basic,35,5,205,27.87,0.246,0,3,0.675,3.7,52.95,1
KL100528,CH,Social,Basic,3,3,200,29.61,0.336,0,0,0.129,4.6,33.76,0
KL100529,DE,Organic,Basic,12,5,151,34.06,0.515,1,0,0.46,3.9,64.71,0
KL100530,AT,Social,Plus,10,1,149,43.78,0.251,3,0,0.432,4.2,16.64,1
KL100531,AT,Organic,Basic,45,2,142,19.48,0.713,2,1,0.279,3.8,14.8,0
KL100532,DE,Organic,Plus,40,6,177,37.83,0.477,3,1,0.537,4.5,86.25,0
KL100533,AT,Referral,Premium,2,7,116,69.58,0.674,3,2,0.388,2.9,185.08,0
KL100534,DE,Social,Basic,5,6,144,21.8,0.253,1,1,0.772,3.9,49.7,0
KL100535,DE,Organic,Basic,43,4,201,19.18,0.388,0,1,0.405,4.0,29.15,0
KL100536,DE,Organic,Basic,6,2,122,25.57,0.185,1,0,0.368,4.5,19.43,1
KL100537,DE,Referral,Premium,3,9,199,53.44,0.276,1,0,0.415,4.7,182.76,0
KL100538,DE,Organic,Basic,5,0,222,21.9,0.18,4,1,0.52,3.2,8.32,0
KL100539,CH,Organic,Basic,40,5,167,43.51,0.826,5,1,0.311,4.1,82.67,0
KL100540,Other,Organic,Premium,4,7,142,60.63,0.688,4,0,0.512,4.6,161.28,0
KL100541,DE,Organic,Basic,15,2,221,31.06,0.624,0,1,0.131,3.5,23.61,0
KL100542,CH,Organic,Basic,4,3,162,21.4,0.322,3,1,0.521,4.7,24.4,0
KL100543,Other,Referral,Premium,10,3,242,70.03,0.388,1,0,0.165,5.0,79.83,1
KL100544,DE,Paid Search,Premium,41,7,194,62.9,0.279,3,1,0.292,4.0,167.31,0
KL100545,DE,Paid Search,Basic,43,6,147,34.32,0.511,0,0,0.774,4.2,78.25,0
KL100546,DE,Social,Basic,4,2,197,25.42,0.157,1,1,0.033,3.0,19.32,0
KL100547,DE,Paid Search,Basic,4,4,230,24.26,0.478,1,1,0.185,4.0,36.88,0
KL100548,AT,Social,Basic,10,2,218,26.78,0.399,2,0,0.592,,20.35,1
KL100549,DE,Social,Basic,11,3,188,28.04,0.389,1,0,0.539,4.3,31.97,0
KL100550,DE,Paid Search,Basic,20,0,194,29.83,0.584,5,1,0.106,3.9,11.34,0
KL100551,DE,Social,Plus,15,5,176,36.44,0.164,0,0,0.466,4.3,69.24,1
KL100552,DE,Social,Plus,1,5,166,34.81,0.369,0,0,0.156,4.7,66.14,1
KL100553,CH,Social,Premium,65,5,191,53.69,0.373,3,3,0.503,3.3,102.01,0
KL100554,DE,Social,Plus,8,6,161,37.3,0.311,2,2,0.566,3.5,85.04,0
KL100555,DE,Organic,Basic,5,2,170,14.46,0.499,5,0,0.178,3.9,10.99,0
KL100556,DE,Social,Basic,4,3,234,17.76,0.746,4,1,0.38,3.5,20.25,0
KL100557,DE,Social,Plus,14,5,199,40.06,0.379,1,1,0.362,4.7,76.11,0
KL100558,DE,Organic,Basic,9,3,161,32.67,0.175,0,2,0.314,4.2,37.24,1
KL100559,DE,Social,Basic,6,2,183,25.29,0.213,0,1,0.528,3.5,19.22,1
KL100560,DE,Organic,Plus,35,7,189,57.94,0.37,0,2,0.204,3.4,154.12,0
KL100561,DE,Organic,Basic,9,1,183,30.43,0.38,0,1,0.493,4.0,11.56,1
KL100562,CH,Social,Basic,3,0,214,29.63,0.253,1,0,0.227,4.0,11.26,1
KL100563,AT,Organic,Plus,31,5,170,32.95,0.081,0,1,0.381,4.0,62.6,1
KL100564,AT,Paid Search,Premium,12,4,163,69.65,0.165,0,1,0.444,4.5,105.87,0
KL100565,AT,Paid Search,Plus,10,0,183,46.61,0.627,4,3,0.367,2.7,17.71,1
KL100566,CH,Referral,Basic,18,4,186,20.42,0.31,2,0,0.175,4.4,31.04,0
KL100567,DE,Paid Search,Plus,2,5,147,42.32,0.106,0,0,0.79,4.8,80.41,1
KL100568,DE,Social,Premium,2,3,175,77.24,0.175,0,0,0.443,4.1,88.05,1
KL100569,DE,Social,Basic,15,1,242,30.09,0.485,1,1,0.101,3.8,11.43,1
KL100570,DE,Paid Search,Plus,26,8,131,48.8,0.237,2,0,0.467,4.2,148.35,0
KL100571,CH,Referral,Plus,2,2,220,39.29,0.347,0,0,0.374,4.1,29.86,1
KL100572,DE,Social,Plus,6,4,222,27.96,0.207,0,1,0.253,3.7,42.5,1
KL100573,CH,Paid Search,Basic,40,3,192,31.85,0.497,3,0,0.242,5.0,36.31,0
KL100574,CH,Referral,Premium,39,5,198,63.74,0.328,1,1,0.124,3.5,121.11,0
KL100575,DE,Paid Search,Basic,20,3,166,29.93,0.741,2,1,0.197,4.0,34.12,0
KL100576,CH,Organic,Basic,22,2,230,28.38,0.542,1,1,0.56,3.8,21.57,0
KL100577,DE,Organic,Basic,69,5,203,21.72,0.524,0,0,0.082,4.5,41.27,0
KL100578,CH,Paid Search,Basic,4,2,255,28.51,0.389,1,1,0.238,5.0,21.67,1
KL100579,DE,Organic,Basic,18,2,245,22.92,0.468,4,0,0.316,4.5,17.42,1
KL100580,DE,Paid Search,Plus,17,3,205,33.76,0.772,2,3,0.529,3.7,38.49,1
KL100581,DE,Paid Search,Premium,6,8,253,71.26,0.154,1,1,0.182,4.5,216.63,0
KL100582,DE,Paid Search,Basic,17,6,203,21.24,0.41,5,1,0.156,4.0,48.43,0
KL100583,DE,Organic,Plus,23,3,241,40.82,0.14,0,1,0.573,5.0,46.53,0
KL100584,CH,Social,Premium,5,5,164,57.89,0.399,1,1,0.329,4.3,109.99,0
KL100585,AT,Paid Search,Basic,4,2,191,39.57,0.126,0,1,0.151,4.0,30.07,1
KL100586,DE,Organic,Plus,47,8,159,45.92,0.429,1,0,0.055,3.5,139.6,0
KL100587,DE,Paid Search,Premium,6,5,145,57.04,0.372,0,0,0.32,,108.38,0
KL100588,DE,Paid Search,Plus,15,6,173,42.05,0.529,0,2,0.386,4.7,95.87,0
KL100589,DE,Paid Search,Plus,3,3,195,42.19,0.469,3,1,0.201,3.5,48.1,0
KL100590,Other,Paid Search,Premium,12,9,186,65.86,0.159,0,0,0.114,3.8,225.24,0
KL100591,DE,Organic,Plus,22,6,213,37.05,0.195,0,2,0.186,,84.47,1
KL100592,DE,Social,Basic,4,2,208,22.61,0.699,1,1,0.326,4.0,17.18,0
KL100593,DE,Paid Search,Basic,3,3,183,39.83,0.568,2,0,0.242,4.8,45.41,1
KL100594,DE,Organic,Plus,24,7,227,34.83,0.552,3,0,0.637,4.4,92.65,0
KL100595,DE,Social,Basic,29,3,143,19.65,,1,0,0.803,4.0,22.4,0
KL100596,AT,Social,Basic,18,1,158,13.39,0.46,0,0,0.166,3.4,5.09,0
KL100597,AT,Social,Basic,47,7,181,25.97,0.67,4,1,0.135,3.8,69.08,0
KL100598,Other,Paid Search,Plus,14,3,194,31.68,0.547,2,1,0.484,2.9,36.12,1
KL100599,AT,Paid Search,Plus,21,6,161,59.58,0.468,1,0,0.326,3.3,135.84,0
KL100600,DE,Paid Search,Basic,7,4,124,17.11,0.8,5,0,0.169,5.0,26.01,0
KL100601,CH,Organic,Basic,5,2,173,21.85,0.246,0,1,0.19,3.6,16.61,1
KL100602,CH,Organic,Basic,28,4,240,45.38,0.358,2,0,0.441,4.5,68.98,0
KL100603,AT,Referral,Basic,10,2,250,36.64,0.432,0,0,0.341,4.4,27.85,1
KL100604,Other,Social,Plus,3,2,232,27.38,0.409,1,0,0.121,4.7,20.81,1
KL100605,CH,Paid Search,Basic,8,5,151,28.09,0.457,0,3,0.192,3.4,53.37,1
KL100606,CH,Organic,Premium,9,6,160,66.89,0.636,4,0,0.307,4.5,152.51,0
KL100607,DE,Social,Basic,23,3,182,20.1,0.377,2,0,0.362,4.5,22.91,0
KL100608,AT,Organic,Basic,45,6,148,32.91,0.407,3,2,0.533,4.4,75.03,0
KL100609,DE,Organic,Premium,3,4,169,53.6,0.204,1,1,0.09,4.7,81.47,0
KL100610,DE,Organic,Basic,72,10,136,14.3,0.464,0,0,0.387,3.7,54.34,0
KL100611,AT,Social,Basic,60,4,136,35.57,0.248,1,0,0.24,4.6,54.07,0
KL100612,Other,Social,Basic,9,2,245,32.52,0.558,2,0,0.073,4.4,24.72,0
KL100613,Other,Organic,Plus,29,4,183,56.67,0.251,1,1,0.198,2.4,86.14,0
KL100614,DE,Organic,Basic,16,1,194,27.08,0.651,4,0,0.078,5.0,10.29,0
KL100615,AT,Paid Search,Plus,5,3,141,54.41,0.412,1,0,0.521,3.8,62.03,0
KL100616,AT,Paid Search,Plus,11,5,207,37.44,0.628,0,1,0.218,3.8,71.14,0
KL100617,DE,Social,Premium,4,6,136,74.11,,0,1,0.342,4.2,168.97,1
KL100618,DE,Organic,Plus,11,4,205,56.85,0.757,7,0,0.732,3.9,86.41,0
KL100619,DE,Social,Plus,14,5,149,34.6,0.665,1,0,0.314,4.7,65.74,0
KL100620,CH,Referral,Plus,2,4,192,27.61,0.589,3,1,0.286,4.4,41.97,0
KL100621,DE,Paid Search,Basic,43,5,135,29.7,0.513,1,0,0.617,5.0,56.43,1
KL100622,Other,Organic,Plus,12,4,182,43.5,0.25,0,0,0.511,3.9,66.12,1
KL100623,DE,Social,Plus,17,2,201,40.66,0.618,1,0,0.271,4.6,30.9,0
KL100624,Other,Paid Search,Basic,21,3,202,35.67,0.351,2,2,0.238,3.3,40.66,0
KL100625,DE,Organic,Plus,35,9,179,32.94,0.074,0,0,0.14,3.8,112.65,0
KL100626,CH,Organic,Basic,9,1,230,26.95,0.685,1,1,0.086,3.3,10.24,1
KL100627,DE,Referral,Plus,34,11,187,35.74,0.807,3,1,0.43,4.5,149.39,0
KL100628,DE,Paid Search,Basic,9,2,154,40.97,0.791,2,1,0.27,3.9,31.14,1
KL100629,CH,Social,Basic,25,7,237,34.12,0.377,2,1,0.163,4.7,90.76,0
KL100630,Other,Paid Search,Basic,2,4,221,22.26,0.496,3,1,0.1,4.0,33.84,0
KL100631,CH,Paid Search,Basic,34,6,157,28.29,0.488,3,1,0.324,5.0,64.5,0
KL100632,DE,Organic,Basic,14,4,223,26.55,0.26,0,0,0.317,3.8,40.36,1
KL100633,DE,Paid Search,Basic,4,1,274,17.39,0.41,2,1,0.357,4.1,6.61,1
KL100634,DE,Organic,Plus,69,8,195,54.65,0.485,2,3,0.33,3.1,166.14,0
KL100635,DE,Paid Search,Basic,18,6,137,24.51,0.544,3,0,0.262,4.4,55.88,0
KL100636,AT,Organic,Premium,11,3,197,89.64,0.786,6,2,0.788,3.8,102.19,0
KL100637,AT,Paid Search,Plus,11,6,198,42.23,0.302,1,0,0.389,5.0,96.28,0
KL100638,CH,Paid Search,Basic,6,3,195,37.94,0.487,1,0,0.496,3.3,43.25,0
KL100639,CH,Organic,Basic,10,3,211,28.2,0.838,6,0,0.516,4.0,32.15,0
KL100640,AT,Organic,Basic,10,4,206,30.43,0.572,2,0,0.322,5.0,46.25,0
KL100641,CH,Referral,Basic,2,1,177,24.64,0.602,1,0,0.424,4.3,9.36,0
KL100642,DE,Organic,Basic,21,5,224,13.6,0.67,3,1,0.468,3.9,25.84,1
KL100643,DE,Organic,Plus,1,6,175,55.33,0.331,1,1,0.37,3.2,126.15,0
KL100644,AT,Organic,Plus,7,5,178,37.09,0.398,1,0,0.457,4.1,70.47,0
KL100645,CH,Paid Search,Basic,17,0,189,39.7,0.648,2,0,0.019,5.0,15.09,0
KL100646,DE,Social,Plus,35,11,124,58.72,0.604,3,1,0.147,5.0,245.45,0
KL100647,DE,Organic,Basic,5,4,221,22.73,0.856,3,0,0.246,4.8,34.55,0
KL100648,AT,Paid Search,Plus,26,7,172,35.23,0.099,0,1,0.132,4.6,93.71,0
KL100649,DE,Social,Premium,38,6,197,60.33,0.306,2,2,0.596,4.1,137.55,0
KL100650,DE,Organic,Basic,44,4,187,12.71,0.518,3,4,0.484,2.7,19.32,0
KL100651,CH,Referral,Plus,68,6,175,44.75,0.285,1,1,0.042,4.9,102.03,0
KL100652,AT,Referral,Plus,4,4,131,52.35,0.561,2,0,0.163,,79.57,0
KL100653,DE,Organic,Basic,1,4,202,20.41,0.171,3,2,0.417,3.3,31.02,1
KL100654,CH,Paid Search,Basic,51,5,173,31.75,0.083,2,0,0.287,4.1,60.32,0
KL100655,DE,Organic,Plus,8,3,207,40.18,0.857,0,1,0.546,4.5,45.81,0
KL100656,CH,Organic,Basic,72,4,113,26.23,0.295,1,0,0.047,5.0,39.87,0
KL100657,DE,Paid Search,Basic,23,2,293,27.84,0.299,2,0,0.611,4.3,21.16,1
KL100658,DE,Paid Search,Plus,59,3,199,44.64,,0,0,0.19,4.6,50.89,0
KL100659,DE,Paid Search,Basic,17,4,204,22.89,0.362,1,2,0.248,3.2,34.79,1
KL100660,DE,Organic,Basic,39,4,202,28.08,0.763,1,0,0.197,4.6,42.68,0
KL100661,CH,Organic,Premium,9,6,161,60.18,0.4,2,0,0.628,4.9,137.21,0
KL100662,DE,Referral,Basic,21,3,211,29.01,0.644,5,0,0.246,4.0,33.07,0
KL100663,DE,Referral,Plus,25,7,206,34.64,0.382,1,0,0.175,5.0,92.14,0
KL100664,DE,Organic,Plus,1,6,178,49.26,0.714,3,0,0.236,3.9,112.31,0
KL100665,AT,Social,Basic,6,6,202,25.2,0.38,2,0,0.293,5.0,57.46,0
KL100666,CH,Paid Search,Plus,72,6,199,31.99,0.79,3,0,0.425,5.0,72.94,0
KL100667,Other,Social,Plus,34,3,221,40.27,0.296,2,0,0.528,4.5,45.91,0
KL100668,DE,Paid Search,Basic,9,2,269,27.4,0.498,5,2,0.571,4.0,20.82,0
KL100669,DE,Referral,Plus,5,6,184,38.07,0.353,1,1,0.467,4.5,86.8,0
KL100670,DE,Organic,Premium,2,11,129,52.1,0.433,0,0,0.06,4.9,217.78,0
KL100671,DE,Paid Search,Premium,18,6,171,63.95,0.485,2,1,0.322,4.3,145.81,0
KL100672,Other,Referral,Basic,1,3,210,29.29,0.328,2,0,0.084,4.9,33.39,0
KL100673,AT,Organic,Basic,1,1,165,31.37,0.563,3,1,0.607,4.8,11.92,0
KL100674,DE,Organic,Plus,28,4,237,50.1,0.673,4,1,0.179,4.5,76.15,0
KL100675,DE,Social,Premium,6,8,147,69.0,0.891,6,1,0.322,3.7,209.76,0
KL100676,CH,Social,Plus,4,6,169,44.63,0.427,2,0,0.21,5.0,101.76,0
KL100677,DE,Social,Basic,7,5,134,32.55,0.183,0,0,0.665,,61.84,0
KL100678,DE,Social,Premium,7,7,168,60.46,0.593,8,1,0.393,4.8,160.82,0
KL100679,DE,Social,Basic,7,3,149,35.47,0.41,2,1,0.18,4.1,40.44,1
KL100680,DE,Organic,Basic,2,1,153,27.38,0.099,1,0,0.145,4.0,10.4,0
KL100681,DE,Paid Search,Plus,3,2,178,40.47,0.494,2,0,0.29,4.1,30.76,0
KL100682,DE,Social,Basic,11,6,163,18.02,0.622,1,0,0.041,4.6,41.09,0
KL100683,DE,Social,Plus,11,4,158,45.53,0.57,2,0,0.164,4.7,69.21,0
KL100684,AT,Organic,Basic,7,3,206,30.69,0.67,3,0,0.325,4.0,34.99,0
KL100685,DE,Organic,Plus,58,8,199,47.95,0.066,0,0,0.166,5.0,145.77,0
KL100686,DE,Social,Premium,54,7,172,53.92,0.392,2,0,0.423,5.0,143.43,0
KL100687,Other,Organic,Basic,5,3,118,33.75,0.478,2,2,0.242,3.7,38.48,0
KL100688,AT,Organic,Plus,39,6,171,40.57,0.619,0,1,0.042,4.3,92.5,0
KL100689,DE,Social,Plus,37,6,192,34.83,0.144,0,0,0.445,5.0,79.41,0
KL100690,DE,Paid Search,Basic,26,2,191,24.3,0.295,1,0,0.157,4.7,18.47,0
KL100691,CH,Organic,Plus,42,10,151,35.47,0.743,4,2,0.515,3.1,134.79,0
KL100692,DE,Organic,Plus,13,3,205,44.63,0.6,9,0,0.226,4.2,50.88,0
KL100693,DE,Organic,Basic,14,0,182,24.52,0.256,2,1,0.16,3.7,9.32,1
KL100694,CH,Social,Premium,35,6,214,64.34,0.417,3,1,0.209,3.7,146.7,0
KL100695,DE,Paid Search,Basic,27,2,194,24.26,0.818,3,0,0.134,4.9,18.44,0
KL100696,AT,Organic,Basic,6,4,176,26.99,0.608,3,0,0.158,4.3,41.02,0
KL100697,DE,Paid Search,Basic,2,4,204,18.91,0.336,0,3,0.175,3.5,28.74,0
KL100698,AT,Organic,Plus,6,7,108,25.92,0.328,1,0,0.307,,68.95,0
KL100699,DE,Organic,Premium,1,7,208,86.28,0.756,5,2,0.341,3.2,229.5,0
KL100700,DE,Organic,Basic,15,5,146,28.29,0.522,3,0,0.288,4.2,53.75,0
KL100701,DE,Paid Search,Basic,18,1,275,51.61,0.689,2,1,0.176,3.8,19.61,1
KL100702,DE,Organic,Basic,25,1,251,27.39,0.268,1,0,0.728,4.3,10.41,1
KL100703,CH,Paid Search,Plus,5,8,121,41.75,0.395,1,1,0.424,3.9,126.92,0
KL100704,DE,Paid Search,Basic,43,3,208,25.64,0.277,1,0,0.039,5.0,29.23,0
KL100705,DE,Paid Search,Basic,44,7,131,32.47,0.367,2,2,0.32,4.0,86.37,0
KL100706,CH,Organic,Basic,10,1,174,28.76,0.467,1,0,0.113,4.9,10.93,0
KL100707,CH,Organic,Basic,48,2,117,17.2,0.496,1,0,0.422,4.4,13.07,0
KL100708,DE,Organic,Plus,17,3,218,33.5,0.848,3,3,0.702,3.3,38.19,0
KL100709,DE,Paid Search,Plus,40,5,164,32.23,0.875,3,1,0.164,4.0,61.24,0
KL100710,Other,Social,Basic,33,2,231,28.8,0.226,2,1,0.126,3.9,21.89,1
KL100711,AT,Organic,Basic,1,4,196,29.17,0.476,0,1,0.25,2.7,44.34,1
KL100712,CH,Social,Basic,14,5,137,28.79,0.073,0,0,0.113,5.0,54.7,0
KL100713,CH,Social,Plus,10,3,225,36.18,0.166,1,2,0.08,4.4,41.25,0
KL100714,CH,Organic,Basic,6,3,214,18.2,0.176,0,0,0.238,,20.75,0
KL100715,DE,Organic,Basic,3,1,195,37.01,0.127,0,1,0.344,4.1,14.06,1
KL100716,DE,Organic,Plus,64,5,214,43.52,0.355,1,3,0.472,3.5,82.69,0
KL100717,DE,Organic,Basic,15,1,203,32.51,0.264,1,1,0.447,4.8,12.35,1
KL100718,AT,Paid Search,Plus,8,7,136,49.53,0.107,0,1,0.165,3.3,131.75,0
KL100719,Other,Organic,Basic,38,7,157,11.49,0.275,0,0,0.402,4.9,30.56,0
KL100720,DE,Social,Basic,4,3,183,28.36,,2,0,0.319,4.4,32.33,0
KL100721,DE,Paid Search,Plus,58,6,120,50.81,0.617,5,1,0.483,4.1,115.85,0
KL100722,DE,Social,Basic,9,5,88,17.98,0.441,2,0,0.315,3.8,34.16,0
KL100723,Other,Social,Basic,2,1,270,18.81,0.459,3,1,0.59,4.5,7.15,1
KL100724,DE,Paid Search,Plus,5,6,212,32.64,0.648,3,1,0.117,2.9,74.42,0
KL100725,DE,Referral,Basic,4,3,248,15.61,0.327,3,0,0.141,4.4,17.8,1
KL100726,DE,Referral,Premium,55,9,180,69.44,0.184,0,0,0.257,4.3,237.48,0
KL100727,DE,Paid Search,Basic,34,2,190,29.33,0.169,2,1,0.284,4.9,22.29,0
KL100728,DE,Organic,Premium,6,7,158,54.81,0.591,2,1,0.26,4.4,145.79,0
KL100729,DE,Paid Search,Plus,6,5,158,27.12,0.348,1,0,0.813,4.4,51.53,0
KL100730,DE,Organic,Basic,40,6,191,20.91,0.596,0,1,0.279,3.0,47.67,0
KL100731,DE,Paid Search,Plus,2,4,205,50.35,0.623,2,1,0.062,3.5,76.53,0
KL100732,DE,Paid Search,Plus,16,8,144,32.31,0.229,2,0,0.43,4.7,98.22,0
KL100733,DE,Paid Search,Basic,18,4,203,13.67,0.502,2,1,0.237,4.1,20.78,0
KL100734,DE,Social,Basic,1,3,237,26.36,0.326,4,0,0.194,4.7,30.05,1
KL100735,AT,Organic,Premium,21,8,156,54.69,0.421,2,0,0.25,4.3,166.26,0
KL100736,DE,Paid Search,Plus,2,5,139,54.84,0.083,1,2,0.747,3.0,104.2,0
KL100737,DE,Organic,Premium,26,5,196,65.44,0.307,3,1,0.415,4.2,124.34,0
KL100738,DE,Social,Plus,13,10,97,38.16,0.361,2,2,0.452,4.1,145.01,0
KL100739,DE,Paid Search,Plus,10,1,184,38.28,0.454,2,1,0.331,4.0,14.55,0
KL100740,DE,Organic,Plus,11,6,182,36.41,0.411,3,0,0.096,4.7,83.01,0
KL100741,DE,Social,Plus,47,5,202,37.2,0.307,1,1,0.422,4.0,70.68,0
KL100742,CH,Organic,Premium,8,9,151,83.48,0.343,0,0,0.463,4.7,285.5,0
KL100743,DE,Social,Plus,2,6,137,48.83,0.458,0,2,0.53,3.5,111.33,0
KL100744,DE,Paid Search,Basic,72,5,277,25.39,0.447,3,0,0.166,4.1,48.24,0
KL100745,DE,Paid Search,Plus,3,4,170,42.86,0.436,2,1,0.658,4.5,65.15,0
KL100746,DE,Social,Basic,5,4,204,21.13,,1,0,0.081,3.7,32.12,1
KL100747,DE,Social,Premium,4,6,152,72.14,0.137,2,0,0.136,4.1,164.48,0
KL100748,CH,Social,Plus,17,3,163,14.1,0.783,4,2,0.508,3.5,16.07,0
KL100749,CH,Paid Search,Plus,6,7,166,36.23,0.74,3,0,0.112,3.6,96.37,0
KL100750,DE,Social,Basic,14,2,189,18.2,0.055,0,0,0.069,4.9,13.83,0
KL100751,DE,Paid Search,Plus,25,4,191,47.85,0.232,0,0,0.634,5.0,72.73,0
KL100752,DE,Social,Basic,8,4,165,26.52,0.24,2,1,0.08,4.3,40.31,1
KL100753,DE,Social,Plus,20,5,185,26.5,0.643,3,1,0.267,3.6,50.35,0
KL100754,AT,Organic,Plus,30,5,154,39.5,0.471,1,2,0.311,3.4,75.05,0
KL100755,DE,Organic,Basic,4,3,234,26.22,0.63,2,1,0.338,4.2,29.89,0
KL100756,DE,Organic,Basic,28,3,206,38.1,0.364,1,1,0.356,3.9,43.43,0
KL100757,Other,Organic,Plus,2,7,160,42.48,0.452,1,1,0.064,4.5,113.0,0
KL100758,DE,Paid Search,Basic,11,3,195,25.86,0.163,1,0,0.197,4.2,29.48,0
KL100759,DE,Organic,Premium,5,3,183,63.62,0.64,1,2,0.094,4.2,72.53,0
KL100760,AT,Paid Search,Premium,3,6,176,44.84,0.536,5,0,0.16,4.4,102.24,0
KL100761,DE,Organic,Plus,6,5,232,33.58,,1,1,0.212,3.9,63.8,1
KL100762,DE,Organic,Basic,15,3,176,10.35,0.302,2,1,0.161,5.0,11.8,0
KL100763,DE,Social,Basic,19,3,202,42.28,0.523,0,0,0.464,4.3,48.2,1
KL100764,CH,Paid Search,Premium,25,8,129,59.26,0.49,2,2,0.211,2.9,180.15,0
KL100765,DE,Paid Search,Premium,51,8,69,68.31,0.562,3,2,0.457,3.4,207.66,0
KL100766,DE,Social,Basic,15,2,225,17.94,0.784,3,2,0.263,3.5,13.63,0
KL100767,DE,Referral,Plus,11,1,250,36.96,0.614,0,0,0.37,3.7,14.04,0
KL100768,DE,Paid Search,Basic,60,5,195,23.41,0.304,4,0,0.478,4.4,44.48,0
KL100769,AT,Organic,Basic,7,2,286,30.27,0.187,0,1,0.034,3.7,23.01,1
KL100770,DE,Organic,Premium,6,8,143,61.84,0.12,2,1,0.444,3.5,187.99,0
KL100771,DE,Referral,Premium,15,7,133,57.8,0.424,2,2,0.395,3.9,153.75,0
KL100772,DE,Social,Premium,9,2,245,46.55,0.469,3,1,0.265,4.9,35.38,1
KL100773,CH,Social,Basic,2,3,240,43.84,0.484,3,2,0.423,4.3,49.98,1
KL100774,DE,Social,Basic,4,9,186,21.8,0.166,0,0,0.33,4.3,74.56,0
KL100775,CH,Organic,Premium,20,10,102,59.84,0.424,3,0,0.195,4.6,227.39,0
KL100776,DE,Paid Search,Plus,26,7,140,35.32,0.331,2,0,0.309,4.3,93.95,0
KL100777,DE,Social,Basic,14,3,139,37.18,0.438,3,0,0.274,4.2,42.39,0
KL100778,CH,Social,Plus,1,1,281,34.65,0.383,1,0,0.637,4.5,13.17,0
KL100779,CH,Organic,Basic,7,1,180,22.07,0.493,1,2,0.679,3.7,8.39,1
KL100780,DE,Paid Search,Plus,15,4,146,41.62,0.574,1,0,0.379,4.8,63.26,0
KL100781,CH,Organic,Premium,7,2,200,72.71,0.441,2,0,0.531,4.4,55.26,0
KL100782,DE,Referral,Basic,13,3,200,25.85,0.157,2,1,0.374,4.0,29.47,1
KL100783,DE,Organic,Basic,6,3,219,26.37,0.33,1,0,0.464,4.4,30.06,1
KL100784,Other,Social,Plus,22,8,151,39.05,0.427,1,0,0.439,4.1,118.71,0
KL100785,DE,Organic,Plus,8,4,164,36.22,0.339,0,0,0.132,4.8,55.05,0
KL100786,CH,Paid Search,Basic,14,4,174,40.78,0.804,1,0,0.343,4.7,61.99,0
KL100787,DE,Social,Basic,7,2,183,19.49,0.33,1,2,0.094,4.0,14.81,1
KL100788,CH,Organic,Plus,4,2,253,43.18,0.529,1,0,0.387,5.0,32.82,1
KL100789,DE,Social,Basic,1,2,204,21.49,0.39,0,1,0.043,2.9,16.33,1
KL100790,DE,Referral,Plus,30,7,186,44.77,0.315,2,3,0.274,4.5,119.09,0
KL100791,DE,Social,Plus,22,7,157,39.54,0.613,0,1,0.531,4.3,105.18,0
KL100792,DE,Organic,Basic,9,1,148,27.96,0.352,0,4,0.077,3.7,10.62,1
KL100793,DE,Social,Plus,58,4,246,40.7,0.532,5,0,0.264,4.1,61.86,0
KL100794,DE,Paid Search,Plus,31,5,200,31.17,0.219,0,1,0.119,5.0,59.22,1
KL100795,DE,Paid Search,Plus,18,4,202,39.49,0.285,0,0,0.372,5.0,60.02,0
KL100796,DE,Paid Search,Plus,11,2,130,25.44,0.424,1,3,0.35,3.4,19.33,1
KL100797,DE,Paid Search,Basic,14,2,199,27.76,0.331,0,1,0.196,2.9,21.1,1
KL100798,AT,Organic,Basic,19,1,266,21.93,0.454,2,0,0.312,4.1,8.33,1
KL100799,AT,Paid Search,Basic,8,6,217,24.18,0.347,2,3,0.167,3.5,55.13,0
KL100800,AT,Organic,Basic,18,3,188,26.2,0.427,2,2,0.193,3.4,29.87,0
KL100801,DE,Organic,Basic,4,1,255,27.16,0.245,1,1,0.361,5.0,10.32,1
KL100802,CH,Organic,Basic,43,5,235,8.0,0.606,1,0,0.597,3.6,15.2,0
KL100803,DE,Organic,Plus,14,4,183,36.96,0.703,8,0,0.113,5.0,56.18,0
KL100804,DE,Social,Basic,3,3,242,28.07,0.605,0,0,0.067,4.2,32.0,1
KL100805,DE,Paid Search,Premium,48,9,193,75.59,0.411,1,2,0.518,3.6,258.52,0
KL100806,AT,Organic,Plus,10,6,201,60.7,0.516,3,1,0.32,4.3,138.4,0
KL100807,DE,Social,Basic,3,0,253,41.92,0.482,1,3,0.811,3.6,15.93,1
KL100808,DE,Referral,Plus,2,5,149,34.14,0.401,1,0,0.361,3.6,64.87,0
KL100809,Other,Referral,Basic,47,7,191,30.43,0.686,4,0,0.254,4.2,80.94,0
KL100810,DE,Social,Premium,5,8,152,72.06,0.705,5,0,0.524,4.3,219.06,0
KL100811,DE,Referral,Premium,11,4,156,68.5,0.31,0,2,0.196,3.8,104.12,0
KL100812,Other,Paid Search,Plus,7,4,241,39.91,0.576,5,0,0.438,4.1,60.66,1
KL100813,DE,Referral,Plus,5,1,208,42.62,0.372,5,0,0.338,3.7,16.2,0
KL100814,DE,Referral,Premium,19,8,164,66.58,0.455,2,0,0.284,4.5,202.4,0
KL100815,CH,Organic,Plus,6,3,201,35.62,0.32,1,0,0.38,4.7,40.61,0
KL100816,CH,Social,Premium,14,4,134,65.71,0.36,0,0,0.431,4.5,99.88,0
KL100817,DE,Social,Basic,18,3,186,16.73,0.702,3,0,0.3,4.6,19.07,0
KL100818,AT,Social,Premium,38,9,175,82.73,0.493,3,0,0.549,3.7,282.94,1
KL100819,DE,Referral,Plus,2,6,173,37.91,0.617,1,1,0.332,4.1,86.43,0
KL100820,DE,Paid Search,Basic,12,2,192,31.39,0.527,2,0,0.286,5.0,23.86,1
KL100821,DE,Paid Search,Premium,4,10,152,65.9,,1,0,0.328,4.5,250.42,0
KL100822,DE,Social,Plus,18,7,202,42.12,0.314,2,0,0.525,4.2,112.04,0
KL100823,AT,Social,Premium,25,8,99,69.03,0.168,0,0,0.448,4.3,209.85,0
KL100824,CH,Social,Basic,5,0,216,36.15,0.186,0,0,0.234,4.1,13.74,1
KL100825,DE,Social,Plus,13,10,141,42.01,0.709,2,1,0.184,3.8,159.64,0
KL100826,DE,Social,Plus,23,7,226,47.74,0.759,4,1,0.465,3.8,126.99,0
KL100827,DE,Referral,Basic,7,3,238,31.09,0.207,1,0,0.6,4.5,35.44,1
KL100828,CH,Organic,Plus,18,1,164,30.99,0.375,1,0,0.43,4.8,11.78,0
KL100829,DE,Referral,Plus,15,6,219,41.56,0.468,3,0,0.541,4.1,94.76,1
KL100830,DE,Organic,Basic,34,7,159,25.59,0.623,0,0,0.217,4.8,68.07,0
KL100831,DE,Paid Search,Plus,16,5,124,46.27,0.408,1,0,0.632,4.6,87.91,0
KL100832,DE,Organic,Basic,7,4,141,32.96,0.379,5,0,0.382,4.7,50.1,0
KL100833,AT,Paid Search,Plus,7,5,228,42.38,0.144,0,0,0.517,4.0,80.52,1
KL100834,AT,Paid Search,Premium,29,11,148,67.51,0.571,1,1,0.371,4.0,282.19,0
KL100835,DE,Organic,Basic,42,5,146,28.69,0.27,2,0,0.314,4.3,54.51,0
KL100836,AT,Social,Plus,5,4,243,36.87,0.665,2,0,0.362,4.2,56.04,0
KL100837,Other,Social,Basic,57,9,173,37.42,0.428,4,0,0.415,3.8,127.98,0
KL100838,DE,Organic,Basic,8,3,187,32.24,0.257,1,0,0.047,5.0,36.75,0
KL100839,DE,Social,Premium,7,6,182,79.84,0.54,1,0,0.253,4.0,182.04,0
KL100840,DE,Organic,Basic,6,4,157,26.13,0.641,1,1,0.339,3.8,39.72,0
KL100841,CH,Organic,Basic,10,3,266,23.01,0.432,1,0,0.439,4.1,26.23,1
KL100842,DE,Organic,Basic,15,1,170,10.76,0.826,5,1,0.436,4.2,4.09,1
KL100843,DE,Paid Search,Plus,64,8,111,60.16,0.485,1,0,0.524,4.6,182.89,0
KL100844,DE,Social,Plus,19,4,195,45.96,0.236,2,0,0.372,3.9,69.86,0
KL100845,CH,Paid Search,Basic,4,2,305,34.05,0.852,4,3,0.125,3.1,25.88,1
KL100846,DE,Social,Basic,26,4,139,41.5,0.757,2,1,0.462,3.9,63.08,0
KL100847,AT,Paid Search,Basic,4,3,225,29.0,0.826,4,3,0.255,4.0,33.06,1
KL100848,DE,Social,Basic,23,1,214,22.19,0.317,1,0,0.035,4.7,8.43,0
KL100849,Other,Referral,Basic,7,4,202,35.11,0.083,1,1,0.476,4.0,53.37,1
KL100850,DE,Paid Search,Plus,9,4,228,40.04,0.395,1,1,0.402,5.0,60.86,0
KL100851,DE,Organic,Plus,10,12,100,27.33,0.387,2,1,0.069,4.5,124.62,0
KL100852,CH,Organic,Basic,26,3,187,40.02,0.376,2,0,0.529,3.6,45.62,1
KL100853,CH,Paid Search,Plus,11,5,156,33.1,0.486,3,0,0.212,3.5,62.89,1
KL100854,DE,Paid Search,Plus,63,10,189,35.97,0.594,4,0,0.274,4.6,136.69,0
KL100855,DE,Organic,Basic,8,3,241,34.11,0.777,1,4,0.101,3.6,38.89,1
KL100856,AT,Referral,Basic,3,3,157,11.78,0.316,1,1,0.321,3.4,13.43,0
KL100857,CH,Referral,Plus,49,8,169,42.62,0.615,2,2,0.792,4.6,129.56,0
KL100858,DE,Organic,Basic,42,2,241,29.88,0.644,4,0,0.588,4.2,22.71,0
KL100859,DE,Organic,Plus,9,2,148,50.41,0.139,1,1,0.147,4.2,38.31,0
KL100860,AT,Organic,Plus,2,2,253,46.7,0.379,3,2,0.57,,35.49,1
KL100861,AT,Paid Search,Premium,5,3,194,70.67,0.098,0,1,0.191,3.0,80.56,0
KL100862,CH,Social,Basic,16,4,172,35.05,0.236,0,0,0.174,5.0,53.28,0
KL100863,DE,Paid Search,Basic,9,3,245,39.59,0.554,2,1,0.478,3.2,45.13,0
KL100864,DE,Organic,Premium,54,8,196,61.17,,2,0,0.576,3.4,185.96,0
KL100865,CH,Paid Search,Basic,22,3,148,19.9,0.792,5,2,0.453,3.7,22.69,1
KL100866,CH,Organic,Basic,10,3,221,20.32,0.596,0,1,0.513,3.2,23.16,1
KL100867,CH,Paid Search,Plus,2,3,220,46.85,0.032,0,0,0.091,4.5,53.41,1
KL100868,DE,Paid Search,Basic,72,2,128,25.54,0.325,0,0,0.09,3.9,19.41,0
KL100869,DE,Social,Plus,11,4,208,37.02,0.326,0,1,0.071,3.6,56.27,0
KL100870,AT,Paid Search,Premium,33,8,142,73.43,0.513,1,1,0.322,4.4,223.23,0
KL100871,DE,Social,Plus,6,6,212,46.43,0.418,2,1,0.49,4.4,105.86,0
KL100872,Other,Organic,Basic,2,0,190,40.42,0.347,0,0,0.391,4.4,15.36,1
KL100873,DE,Social,Premium,4,4,192,67.07,0.555,4,0,0.175,3.6,101.95,0
KL100874,AT,Organic,Plus,33,10,121,46.27,0.215,0,0,0.369,4.1,175.83,0
KL100875,CH,Organic,Basic,3,5,158,24.64,0.358,0,3,0.325,3.2,46.82,1
KL100876,DE,Social,Plus,49,12,47,24.94,0.402,1,0,0.246,4.1,113.73,0
KL100877,DE,Social,Basic,32,2,241,23.61,0.688,2,0,0.439,4.4,17.94,1
KL100878,DE,Organic,Basic,17,4,229,22.03,0.459,2,0,0.173,3.3,33.49,1
KL100879,DE,Paid Search,Plus,5,0,223,31.11,0.423,0,0,0.205,4.6,11.82,0
KL100880,DE,Social,Basic,4,3,209,29.32,0.511,4,0,0.356,4.2,33.42,0
KL100881,DE,Referral,Basic,7,3,170,35.3,0.626,0,0,0.151,4.1,40.24,0
KL100882,Other,Paid Search,Plus,19,5,218,38.21,0.391,2,1,0.306,4.3,72.6,0
KL100883,DE,Organic,Basic,12,4,197,31.1,0.537,2,0,0.134,4.6,47.27,0
KL100884,DE,Paid Search,Plus,13,8,158,37.36,0.258,0,0,0.153,3.6,113.57,0
KL100885,DE,Organic,Basic,28,0,271,26.73,0.241,1,0,0.143,4.4,10.16,1
KL100886,DE,Organic,Plus,9,2,158,37.15,0.118,0,2,0.175,3.8,28.23,0
KL100887,DE,Paid Search,Premium,16,5,112,67.37,0.229,0,1,0.237,4.1,128.0,0
KL100888,DE,Social,Basic,6,7,180,32.64,,2,1,0.155,4.5,86.82,0
KL100889,AT,Organic,Plus,10,3,189,55.68,0.388,0,0,0.159,4.2,63.48,0
KL100890,DE,Social,Basic,1,2,164,23.4,0.363,0,0,0.368,4.5,17.78,0
KL100891,Other,Social,Basic,1,2,210,26.27,,1,0,0.315,3.7,19.97,1
KL100892,DE,Social,Basic,3,2,217,37.0,0.078,0,0,0.151,4.3,28.12,1
KL100893,DE,Organic,Basic,5,2,235,25.27,0.214,2,2,0.104,5.0,19.21,1
KL100894,AT,Paid Search,Basic,2,2,165,32.02,0.041,0,0,0.114,5.0,24.34,0
KL100895,CH,Organic,Plus,21,5,166,37.96,0.411,0,0,0.27,5.0,72.12,0
KL100896,DE,Organic,Plus,36,2,214,45.15,0.876,2,0,0.423,4.7,34.31,0
KL100897,DE,Organic,Premium,1,7,203,69.77,0.564,0,2,0.117,3.6,185.59,0
KL100898,DE,Organic,Premium,37,5,212,75.43,0.429,0,1,0.134,4.3,143.32,0
KL100899,DE,Organic,Basic,1,3,179,21.89,0.553,3,0,0.261,4.9,24.95,0
KL100900,DE,Organic,Basic,5,2,222,31.91,,1,0,0.12,4.5,24.25,0
KL100901,DE,Referral,Basic,46,4,170,26.86,,3,1,0.356,5.0,40.83,0
KL100902,DE,Social,Plus,12,0,206,28.87,0.131,1,0,0.361,4.6,10.97,1
KL100903,DE,Paid Search,Premium,1,5,169,60.0,0.372,0,0,0.209,4.0,114.0,0
KL100904,Other,Referral,Basic,29,0,198,22.01,0.828,2,0,0.145,3.9,8.36,0
KL100905,AT,Organic,Basic,10,7,190,31.42,0.75,2,0,0.111,,83.58,0
KL100906,DE,Paid Search,Basic,20,8,189,21.0,0.177,1,0,0.061,4.3,63.84,0
KL100907,DE,Social,Premium,25,7,150,65.73,0.31,2,1,0.769,5.0,174.84,0
KL100908,DE,Paid Search,Basic,8,5,186,28.1,0.629,4,2,0.324,3.8,53.39,0
KL100909,DE,Organic,Plus,72,4,175,47.19,0.412,4,2,0.145,3.8,71.73,0
KL100910,CH,Paid Search,Basic,4,0,187,24.18,0.155,0,1,0.129,,9.19,1
KL100911,CH,Paid Search,Basic,63,2,166,16.16,0.295,2,1,0.571,4.3,12.28,0
KL100912,CH,Paid Search,Basic,30,8,217,35.41,0.242,0,1,0.305,3.8,107.65,1
KL100913,Other,Paid Search,Plus,3,5,154,37.51,0.149,0,0,0.365,4.1,71.27,1
KL100914,Other,Paid Search,Plus,1,4,210,50.79,0.213,0,0,0.395,4.1,77.2,1
KL100915,Other,Organic,Basic,6,1,226,27.85,0.314,1,0,0.488,4.4,10.58,1
KL100916,DE,Paid Search,Basic,3,5,138,28.55,0.166,1,0,0.438,3.9,54.24,0
KL100917,DE,Organic,Basic,2,4,203,32.87,0.466,3,0,0.698,4.3,49.96,0
KL100918,DE,Social,Basic,25,4,198,33.15,0.416,1,0,0.327,4.2,50.39,0
KL100919,DE,Social,Basic,29,3,195,27.4,0.499,3,0,0.053,4.8,31.24,0
KL100920,DE,Paid Search,Basic,2,0,205,24.52,0.409,1,0,0.344,,9.32,1
KL100921,CH,Social,Plus,4,1,212,41.64,0.164,1,0,0.212,4.5,15.82,1
KL100922,DE,Organic,Plus,37,13,133,27.56,0.53,3,2,0.059,4.1,136.15,0
KL100923,DE,Paid Search,Plus,13,5,150,49.85,0.519,1,4,0.128,3.0,94.72,0
KL100924,DE,Paid Search,Plus,41,6,222,35.12,0.484,3,0,0.127,4.3,80.07,0
KL100925,DE,Paid Search,Premium,3,7,188,60.9,0.503,1,0,0.486,3.0,161.99,0
KL100926,DE,Social,Premium,45,7,80,61.82,0.465,0,1,0.373,4.5,164.44,0
KL100927,CH,Referral,Basic,9,7,156,30.99,0.562,2,1,0.557,3.7,82.43,0
KL100928,DE,Paid Search,Basic,12,3,271,26.96,0.536,0,0,0.389,4.2,30.73,1
KL100929,AT,Paid Search,Basic,9,5,193,33.33,0.894,1,0,0.441,4.7,63.33,0
KL100930,DE,Paid Search,Premium,1,5,155,69.13,0.227,1,0,0.412,4.5,131.35,0
KL100931,DE,Organic,Basic,4,4,210,21.48,0.388,2,1,0.352,3.3,32.65,1
KL100932,DE,Organic,Basic,9,4,114,21.52,0.241,0,2,0.172,3.3,32.71,0
KL100933,CH,Referral,Plus,7,6,181,39.83,0.203,0,0,0.653,4.1,90.81,0
KL100934,CH,Social,Plus,25,9,130,47.72,0.299,3,3,0.458,4.2,163.2,0
KL100935,DE,Referral,Plus,5,1,214,46.29,0.547,4,0,0.135,4.4,17.59,0
KL100936,Other,Organic,Plus,38,6,125,47.08,0.467,1,0,0.144,4.0,107.34,0
KL100937,DE,Organic,Plus,2,2,189,39.93,0.298,2,1,0.45,4.3,30.35,0
KL100938,CH,Paid Search,Premium,9,3,105,73.03,0.775,1,0,0.307,3.9,83.25,0
KL100939,DE,Referral,Basic,30,3,174,30.78,0.444,0,0,0.188,5.0,35.09,0
KL100940,DE,Organic,Premium,4,5,184,60.27,0.342,0,1,0.506,3.7,114.51,1
KL100941,CH,Organic,Plus,45,4,227,39.89,0.211,1,1,0.463,4.2,60.63,1
KL100942,DE,Organic,Basic,14,3,282,34.5,0.467,1,2,0.464,4.2,39.33,1
KL100943,DE,Social,Premium,36,4,159,77.03,0.139,1,0,0.121,3.7,117.09,0
KL100944,DE,Social,Premium,11,13,134,51.16,0.145,1,1,0.433,2.9,252.73,0
KL100945,DE,Social,Plus,15,9,136,44.13,0.848,5,0,0.326,3.8,150.92,0
KL100946,AT,Organic,Premium,16,8,146,52.16,0.506,2,1,0.512,4.5,158.57,0
KL100947,CH,Social,Basic,15,5,183,22.01,0.418,2,0,0.633,4.2,41.82,0
KL100948,CH,Paid Search,Basic,11,6,166,31.74,0.403,5,1,0.262,4.1,72.37,0
KL100949,DE,Organic,Basic,26,4,253,28.93,0.087,1,0,0.532,5.0,43.97,1
KL100950,DE,Organic,Premium,37,6,162,58.5,0.407,0,1,0.053,3.3,133.38,0
KL100951,DE,Paid Search,Plus,15,3,156,38.49,0.121,0,0,0.158,4.7,43.88,0
KL100952,DE,Organic,Premium,36,11,138,72.44,0.561,2,1,0.298,,302.8,0
KL100953,DE,Referral,Plus,14,7,126,42.63,0.446,0,1,0.474,4.7,113.4,0
KL100954,Other,Paid Search,Plus,37,5,167,41.99,0.464,2,1,0.209,4.8,79.78,0
KL100955,CH,Paid Search,Basic,8,5,217,36.16,0.291,1,2,0.634,3.7,68.7,1
KL100956,CH,Social,Basic,9,2,195,34.21,0.798,7,0,0.033,4.7,26.0,0
KL100957,DE,Social,Basic,13,4,206,24.93,0.434,0,1,0.578,4.2,37.89,1
KL100958,DE,Organic,Plus,2,6,165,46.9,0.136,1,0,0.362,4.6,106.93,0
KL100959,DE,Paid Search,Basic,43,3,205,25.97,0.222,0,1,0.314,3.6,29.61,1
KL100960,DE,Organic,Premium,20,8,132,65.76,0.244,1,0,0.512,3.8,199.91,0
KL100961,DE,Paid Search,Plus,13,2,232,28.26,0.155,1,0,0.318,3.9,21.48,1
KL100962,DE,Social,Basic,1,3,150,23.45,0.657,3,0,0.683,4.6,26.73,1
KL100963,DE,Paid Search,Premium,19,6,144,66.24,0.437,3,1,0.42,2.9,151.03,0
KL100964,Other,Paid Search,Plus,1,9,151,33.03,0.459,3,4,0.341,2.9,112.96,0
KL100965,DE,Organic,Plus,3,3,225,39.36,0.151,0,1,0.295,4.4,44.87,1
KL100966,Other,Paid Search,Basic,16,5,187,15.13,0.099,0,1,0.024,5.0,28.75,0
KL100967,DE,Organic,Basic,3,1,230,33.62,0.185,0,0,0.533,4.4,12.78,1
KL100968,DE,Referral,Basic,6,2,161,39.15,0.321,5,1,0.137,3.0,29.75,0
KL100969,DE,Paid Search,Plus,27,4,177,33.94,0.802,4,1,0.115,4.6,51.59,0
KL100970,DE,Social,Plus,72,5,188,29.35,0.504,3,2,0.167,4.1,55.76,0
KL100971,DE,Paid Search,Premium,19,10,142,69.32,0.313,2,0,0.339,3.9,263.42,0
KL100972,DE,Social,Premium,31,6,134,66.98,0.526,4,0,0.191,4.5,152.71,0
KL100973,CH,Organic,Basic,7,2,174,31.58,0.079,0,0,0.727,5.0,24.0,1
KL100974,DE,Organic,Premium,8,5,175,70.61,0.783,2,1,0.508,3.3,134.16,0
KL100975,DE,Organic,Basic,35,6,198,29.11,0.611,2,0,0.435,5.0,66.37,0
KL100976,DE,Organic,Basic,21,4,262,38.93,0.342,1,1,0.325,4.2,59.17,1
KL100977,DE,Referral,Plus,49,9,110,53.83,0.327,1,0,0.694,3.9,184.1,0
KL100978,DE,Social,Premium,9,6,174,80.3,,0,0,0.24,4.6,183.08,0
KL100979,DE,Paid Search,Premium,11,7,128,81.49,0.159,0,1,0.296,3.7,216.76,0
KL100980,Other,Paid Search,Plus,23,5,179,36.28,0.434,1,4,0.085,4.4,68.93,0
KL100981,CH,Paid Search,Basic,11,1,199,36.56,0.681,2,0,0.226,4.4,13.89,1
KL100982,AT,Paid Search,Basic,3,2,218,29.52,0.436,4,0,0.288,4.9,22.44,1
KL100983,DE,Social,Basic,45,4,118,12.72,0.685,0,1,0.046,3.7,19.33,0
KL100984,DE,Paid Search,Plus,29,4,176,46.14,0.064,0,1,0.163,3.8,70.13,0
KL100985,Other,Social,Basic,2,4,192,22.28,0.493,0,0,0.43,3.6,33.87,0
KL100986,DE,Organic,Basic,19,0,227,27.99,0.503,3,1,0.252,2.9,10.64,1
KL100987,DE,Referral,Basic,15,3,207,18.87,0.507,1,0,0.346,4.5,21.51,0
KL100988,DE,Organic,Plus,41,8,162,52.44,0.349,1,5,0.382,2.4,159.42,0
KL100989,CH,Paid Search,Plus,10,6,216,34.83,0.721,3,1,0.539,4.2,79.41,0
KL100990,AT,Referral,Basic,3,1,259,22.1,0.282,1,0,0.384,4.4,8.4,1
KL100991,AT,Organic,Basic,20,7,157,37.12,0.398,1,0,0.349,4.2,98.74,0
KL100992,CH,Organic,Plus,14,3,178,44.2,0.5,4,0,0.383,4.7,50.39,0
KL100993,DE,Paid Search,Plus,9,6,179,56.36,0.338,1,2,0.156,3.9,128.5,0
KL100994,Other,Paid Search,Basic,72,4,216,35.1,0.126,0,0,0.255,4.5,53.35,0
KL100995,DE,Referral,Basic,19,4,189,36.8,0.365,0,3,0.169,3.6,55.94,1
KL100996,AT,Social,Premium,9,5,142,56.65,0.2,1,0,0.143,3.6,107.64,0
KL100997,DE,Paid Search,Plus,6,5,214,44.79,0.694,2,2,0.386,3.5,85.1,0
KL100998,Other,Referral,Basic,44,1,226,42.62,0.524,3,0,0.455,3.9,16.2,1
KL100999,DE,Social,Plus,2,1,274,33.3,0.41,1,1,0.511,3.7,12.65,1
KL101000,DE,Social,Plus,36,4,162,42.08,0.515,2,0,0.62,4.0,63.96,1
KL101001,DE,Organic,Basic,3,1,220,27.2,0.652,2,1,0.285,4.3,10.34,1
KL101002,DE,Paid Search,Basic,2,1,227,30.2,0.255,0,0,0.795,4.2,11.48,1
KL101003,DE,Organic,Premium,11,8,148,71.09,0.671,2,1,0.21,3.5,216.11,0
KL101004,AT,Organic,Plus,19,5,147,43.08,0.066,0,0,0.503,4.9,81.85,0
KL101005,DE,Social,Basic,53,7,174,44.22,0.523,1,0,0.47,4.5,117.63,0
KL101006,Other,Organic,Plus,5,5,165,23.16,0.25,3,2,0.505,3.3,44.0,1
KL101007,DE,Paid Search,Basic,1,5,181,8.0,0.475,2,0,0.259,3.5,15.2,0
KL101008,AT,Social,Plus,2,4,189,40.0,0.372,2,0,0.253,4.5,60.8,1
KL101009,DE,Organic,Basic,9,2,167,38.21,0.431,5,1,0.216,3.8,29.04,0
KL101010,AT,Paid Search,Basic,9,2,189,26.75,0.39,3,0,0.156,4.1,20.33,1
KL101011,DE,Social,Basic,12,3,182,24.63,0.247,1,0,0.278,3.9,28.08,1
KL101012,DE,Referral,Premium,3,0,222,49.8,0.47,1,1,0.263,4.3,18.92,1
KL101013,Other,Organic,Plus,33,4,205,39.55,0.194,1,1,0.316,5.0,60.12,0
KL101014,DE,Referral,Plus,11,7,175,37.76,0.326,0,2,0.249,3.7,100.44,0
KL101015,DE,Social,Basic,2,0,250,26.64,0.524,2,0,0.427,4.2,10.12,1
KL101016,AT,Social,Plus,35,5,185,40.87,0.597,2,0,0.435,4.4,77.65,0
KL101017,CH,Paid Search,Basic,9,2,274,33.53,0.33,2,1,0.561,3.6,25.48,1
KL101018,DE,Social,Plus,17,6,186,38.51,0.531,1,3,0.652,3.8,87.8,0
KL101019,DE,Social,Basic,46,3,149,21.18,,1,1,0.121,,24.15,0
KL101020,CH,Organic,Plus,14,5,166,42.15,0.443,2,0,0.218,4.8,80.09,0
KL101021,AT,Referral,Basic,1,4,300,27.85,0.098,1,0,0.317,4.6,42.33,1
KL101022,Other,Referral,Basic,1,0,173,18.19,0.57,3,0,0.184,4.2,6.91,0
KL101023,DE,Paid Search,Plus,72,4,205,44.99,0.321,1,1,0.445,3.9,68.38,0
KL101024,AT,Social,Basic,11,3,275,17.89,,2,0,0.386,3.9,20.39,1
KL101025,DE,Paid Search,Basic,8,5,137,33.22,0.232,2,0,0.286,4.2,63.12,0
KL101026,Other,Social,Premium,2,14,164,60.79,0.117,0,0,0.524,4.8,323.4,0
KL101027,DE,Social,Basic,12,7,220,18.9,0.425,1,0,0.219,4.5,50.27,0
KL101028,AT,Organic,Plus,21,6,163,64.18,0.368,1,1,0.164,4.7,146.33,0
KL101029,DE,Organic,Plus,70,5,115,42.85,0.646,3,1,0.454,3.1,81.42,0
KL101030,DE,Organic,Plus,1,5,202,50.46,0.719,5,0,0.263,4.0,95.87,0
KL101031,AT,Referral,Basic,17,6,170,27.41,0.339,5,0,0.293,4.1,62.49,0
KL101032,DE,Paid Search,Plus,12,4,182,52.5,0.565,2,1,0.36,4.2,79.8,1
KL101033,CH,Referral,Plus,5,2,228,47.9,0.453,3,2,0.474,4.4,36.4,1
KL101034,DE,Paid Search,Basic,7,5,181,25.79,0.284,1,0,0.646,4.6,49.0,1
KL101035,AT,Organic,Plus,27,4,133,49.77,0.314,1,0,0.158,5.0,75.65,0
KL101036,DE,Referral,Premium,19,9,145,74.51,0.637,5,1,0.578,3.7,254.82,0
KL101037,DE,Paid Search,Basic,5,2,217,24.67,0.549,2,2,0.219,4.1,18.75,0
KL101038,DE,Paid Search,Basic,12,2,222,27.88,0.206,0,0,0.439,4.5,21.19,0
KL101039,DE,Organic,Plus,4,5,225,58.72,0.388,2,1,0.479,4.7,111.57,0
KL101040,DE,Organic,Basic,22,2,137,29.57,0.468,2,1,0.241,4.0,22.47,0
KL101041,AT,Organic,Plus,4,7,200,50.9,0.208,1,1,0.417,4.4,135.39,0
KL101042,AT,Paid Search,Basic,19,3,183,34.62,0.239,1,0,0.604,5.0,39.47,0
KL101043,AT,Paid Search,Basic,11,1,219,36.74,0.633,2,0,0.306,3.3,13.96,0
KL101044,DE,Organic,Plus,15,2,235,49.99,0.232,1,1,0.078,4.5,37.99,1
KL101045,DE,Organic,Premium,29,6,146,43.19,0.094,0,0,0.328,4.8,98.47,0
KL101046,DE,Organic,Basic,22,5,167,23.77,0.274,0,1,0.161,3.4,45.16,0
KL101047,CH,Paid Search,Premium,12,8,176,62.59,0.314,2,0,0.126,4.3,190.27,0
KL101048,CH,Referral,Basic,1,3,176,30.34,0.055,0,0,0.304,4.5,34.59,0
KL101049,DE,Paid Search,Basic,21,3,208,20.96,0.816,1,0,0.234,,23.89,0
KL101050,AT,Organic,Plus,31,6,135,41.14,0.404,1,1,0.557,3.4,93.8,0
KL101051,DE,Paid Search,Basic,40,4,231,17.95,0.266,1,1,0.444,4.7,27.28,0
KL101052,DE,Referral,Plus,15,4,215,25.85,0.609,3,0,0.445,5.0,39.29,0
KL101053,DE,Social,Basic,2,3,170,49.48,0.619,4,0,0.152,4.4,56.41,0
KL101054,DE,Social,Basic,10,3,235,24.57,0.084,1,0,0.223,3.5,28.01,1
KL101055,AT,Referral,Basic,4,1,227,38.2,0.829,1,3,0.134,4.1,14.52,1
KL101056,CH,Paid Search,Plus,4,3,163,49.19,0.283,1,0,0.061,,56.08,0
KL101057,DE,Referral,Premium,31,6,197,61.68,0.439,4,1,0.357,3.3,140.63,0
KL101058,DE,Organic,Basic,1,2,230,40.2,0.397,2,0,0.47,4.7,30.55,0
KL101059,AT,Social,Basic,6,1,157,20.86,0.28,2,0,0.185,4.8,7.93,0
KL101060,Other,Social,Premium,3,7,79,64.4,0.488,2,0,0.306,4.8,171.3,0
KL101061,DE,Referral,Basic,26,4,174,32.89,0.786,5,3,0.075,,49.99,0
KL101062,DE,Paid Search,Plus,55,4,163,42.26,0.51,4,1,0.451,4.9,64.24,0
KL101063,AT,Social,Plus,7,5,203,40.74,0.635,2,0,0.453,4.5,77.41,0
KL101064,DE,Organic,Premium,9,7,141,49.37,0.201,1,1,0.44,4.1,131.32,0
KL101065,Other,Paid Search,Basic,4,0,199,34.16,0.787,5,0,0.419,,12.98,0
KL101066,DE,Paid Search,Basic,27,3,260,35.32,0.496,3,0,0.429,4.5,40.26,0
KL101067,AT,Paid Search,Basic,31,6,217,24.16,0.271,3,0,0.127,4.3,55.08,0
KL101068,DE,Social,Basic,17,5,127,35.48,0.198,0,3,0.444,3.4,67.41,0
KL101069,DE,Paid Search,Basic,6,1,260,30.0,0.067,0,2,0.296,2.9,11.4,1
KL101070,CH,Organic,Premium,5,5,235,73.84,0.16,0,1,0.276,4.5,140.3,1
KL101071,DE,Organic,Basic,18,1,208,34.27,0.102,0,2,0.14,4.2,13.02,1
KL101072,DE,Social,Basic,39,3,183,25.62,0.079,1,0,0.352,4.0,29.21,0
KL101073,Other,Social,Basic,72,6,107,44.78,0.191,0,0,0.473,4.6,102.1,0
KL101074,CH,Social,Basic,31,3,150,20.88,0.455,5,1,0.536,3.7,23.8,0
KL101075,DE,Organic,Plus,22,11,129,17.8,0.29,1,0,0.118,3.4,74.4,0
KL101076,DE,Social,Basic,8,5,164,8.0,0.296,3,2,0.281,3.1,15.2,1
KL101077,DE,Social,Plus,13,5,169,45.56,0.603,2,0,0.493,4.2,86.56,0
KL101078,AT,Organic,Plus,27,7,177,23.88,0.233,4,1,0.379,4.0,63.52,0
KL101079,DE,Organic,Basic,72,6,235,22.93,0.839,3,1,0.352,4.1,52.28,0
KL101080,DE,Paid Search,Plus,16,11,112,50.96,0.495,2,1,0.318,,213.01,0
KL101081,CH,Paid Search,Basic,11,3,176,8.0,0.174,1,1,0.121,4.4,9.12,0
KL101082,Other,Organic,Basic,14,1,208,26.07,0.184,0,0,0.637,4.2,9.91,1
KL101083,CH,Organic,Premium,11,6,164,64.4,0.803,1,1,0.257,3.5,146.83,0
KL101084,Other,Organic,Premium,11,8,216,52.67,0.471,3,0,0.315,4.3,160.12,0
KL101085,AT,Organic,Basic,6,4,182,30.02,0.356,2,2,0.33,3.1,45.63,1
KL101086,CH,Organic,Basic,10,5,213,26.45,0.189,2,0,0.259,3.8,50.26,0
KL101087,CH,Social,Basic,16,6,263,32.91,0.345,1,0,0.309,4.3,75.03,1
KL101088,DE,Paid Search,Plus,16,8,218,41.59,0.147,1,0,0.527,4.7,126.43,0
KL101089,DE,Paid Search,Plus,10,5,174,38.09,0.332,3,0,0.337,3.8,72.37,0
KL101090,DE,Social,Basic,19,4,172,30.89,0.458,1,1,0.535,3.3,46.95,0
KL101091,AT,Paid Search,Premium,7,5,147,75.16,0.349,0,0,0.293,4.5,142.8,0
KL101092,DE,Organic,Plus,4,5,184,53.04,0.235,1,2,0.233,4.4,100.78,0
KL101093,DE,Organic,Basic,6,2,150,32.79,0.65,4,0,0.316,,24.92,0
KL101094,DE,Organic,Premium,13,4,267,71.57,0.352,2,0,0.123,4.5,108.79,0
KL101095,DE,Paid Search,Plus,16,11,114,36.74,0.027,0,0,0.363,3.4,153.57,0
KL101096,DE,Paid Search,Basic,8,2,206,25.9,0.44,2,0,0.418,5.0,19.68,0
KL101097,CH,Paid Search,Plus,31,4,198,45.75,0.229,2,0,0.572,4.4,69.54,0
KL101098,CH,Paid Search,Premium,14,7,123,66.97,0.4,1,0,0.372,4.6,178.14,0
KL101099,DE,Referral,Premium,33,6,208,69.89,0.64,3,0,0.45,4.2,159.35,0
KL101100,DE,Organic,Basic,32,6,189,39.54,0.075,1,1,0.061,4.4,90.15,0
KL101101,DE,Paid Search,Plus,36,9,139,41.07,0.172,1,1,0.138,,140.46,0
KL101102,CH,Paid Search,Premium,18,4,202,53.16,0.258,0,1,0.203,4.4,80.8,0
KL101103,CH,Social,Premium,31,7,162,57.87,0.352,0,2,0.457,2.8,153.93,0
KL101104,DE,Social,Basic,72,6,172,29.67,0.426,2,0,0.227,4.0,67.65,0
KL101105,CH,Social,Plus,24,2,181,39.02,0.587,1,0,0.566,4.5,29.66,1
KL101106,DE,Organic,Premium,2,1,217,55.18,0.69,3,0,0.373,4.3,20.97,1
KL101107,DE,Paid Search,Basic,5,7,180,27.66,0.084,1,0,0.715,4.1,73.58,1
KL101108,Other,Social,Basic,39,1,184,22.08,0.303,2,2,0.28,3.9,8.39,0
KL101109,DE,Paid Search,Plus,6,3,207,46.69,0.329,1,1,0.154,4.7,53.23,1
KL101110,DE,Referral,Plus,4,3,129,54.16,0.304,1,0,0.241,4.1,61.74,1
KL101111,DE,Paid Search,Plus,15,3,240,51.34,0.686,1,0,0.649,,58.53,1
KL101112,DE,Paid Search,Basic,29,2,162,20.58,,0,1,0.036,4.0,15.64,1
KL101113,Other,Paid Search,Plus,10,7,105,37.03,0.315,1,1,0.477,4.2,98.5,0
KL101114,Other,Paid Search,Basic,13,4,171,15.69,0.719,0,2,0.543,3.7,23.85,0
KL101115,DE,Social,Plus,7,6,181,50.96,,2,2,0.48,2.6,116.19,0
KL101116,DE,Organic,Basic,23,5,171,29.1,0.437,1,0,0.434,4.7,55.29,0
KL101117,CH,Paid Search,Basic,11,1,242,40.79,0.338,0,0,0.202,,15.5,1
KL101118,DE,Paid Search,Premium,9,3,189,69.87,0.209,0,1,0.527,3.9,79.65,1
KL101119,CH,Social,Plus,2,3,190,38.44,0.543,4,2,0.491,3.5,43.82,1
KL101120,AT,Paid Search,Basic,23,3,193,13.8,0.385,2,1,0.569,4.1,15.73,1
KL101121,DE,Referral,Basic,3,2,265,30.45,0.502,4,0,0.189,4.7,23.14,1
KL101122,CH,Social,Plus,2,4,175,58.85,0.633,2,0,0.24,4.4,89.45,0
KL101123,DE,Paid Search,Premium,52,11,222,71.83,0.289,1,1,0.067,,300.25,0
KL101124,DE,Social,Basic,9,3,267,26.98,0.356,2,1,0.147,3.5,30.76,1
KL101125,DE,Referral,Premium,5,5,140,71.75,0.307,1,0,0.167,3.3,136.32,0
KL101126,DE,Organic,Basic,35,6,207,33.85,0.304,2,3,0.449,3.0,77.18,1
KL101127,AT,Paid Search,Plus,3,6,153,52.15,0.309,2,1,0.31,4.8,118.9,0
KL101128,AT,Organic,Basic,19,1,219,21.17,0.245,0,2,0.439,3.8,8.04,1
KL101129,Other,Social,Basic,16,4,134,31.48,0.298,2,2,0.201,3.9,47.85,0
KL101130,Other,Organic,Premium,42,7,163,53.1,0.815,0,1,0.262,,141.25,0
KL101131,DE,Social,Basic,6,1,312,13.02,0.423,4,0,0.116,3.9,4.95,1
KL101132,DE,Paid Search,Premium,5,4,163,70.61,0.448,0,0,0.115,4.5,107.33,0
KL101133,AT,Paid Search,Basic,3,2,233,37.98,0.92,6,1,0.405,5.0,28.86,0
KL101134,Other,Organic,Basic,3,0,228,28.03,0.443,0,2,0.472,3.3,10.65,1
KL101135,DE,Social,Premium,8,3,181,64.29,0.491,4,2,0.35,4.6,73.29,0
KL101136,DE,Paid Search,Plus,28,10,186,44.8,0.376,2,1,0.15,3.2,170.24,0
KL101137,DE,Paid Search,Basic,41,8,143,37.24,0.394,3,0,0.38,5.0,113.21,0
KL101138,DE,Organic,Plus,2,4,190,49.17,0.064,0,1,0.48,5.0,74.74,0
KL101139,AT,Organic,Basic,22,2,216,30.63,0.169,1,1,0.425,4.3,23.28,1
KL101140,DE,Paid Search,Premium,10,4,234,70.5,0.238,3,0,0.057,5.0,107.16,0
KL101141,CH,Referral,Basic,2,3,186,34.57,0.815,2,0,0.202,4.7,39.41,0
KL101142,CH,Organic,Plus,13,4,271,33.42,0.419,1,0,0.388,3.6,50.8,1
KL101143,CH,Social,Basic,1,4,129,32.3,0.115,0,1,0.223,4.1,49.1,0
KL101144,DE,Organic,Plus,23,6,154,31.7,,0,0,0.162,3.8,72.28,0
KL101145,DE,Social,Premium,2,6,219,73.62,0.181,0,0,0.277,5.0,167.85,0
KL101146,AT,Organic,Plus,11,3,180,48.78,0.285,0,1,0.152,4.2,55.61,1
KL101147,CH,Paid Search,Basic,14,4,197,28.49,0.375,1,1,0.119,3.7,43.3,0
KL101148,DE,Paid Search,Basic,14,4,158,26.52,0.51,1,1,0.442,3.9,40.31,1
KL101149,CH,Organic,Basic,7,5,134,37.2,0.624,4,1,0.097,3.0,70.68,0
KL101150,DE,Paid Search,Premium,29,5,165,67.19,0.102,0,1,0.39,4.9,127.66,0
KL101151,CH,Paid Search,Basic,60,3,226,30.06,0.27,1,0,0.237,,34.27,1
KL101152,DE,Paid Search,Plus,2,2,186,44.68,0.369,1,2,0.133,3.5,33.96,1
KL101153,DE,Referral,Basic,2,4,188,31.27,0.3,3,0,0.301,4.4,47.53,0
KL101154,DE,Paid Search,Premium,2,6,158,74.36,0.743,5,0,0.225,4.5,169.54,0
KL101155,DE,Referral,Plus,1,2,231,29.13,0.328,1,1,0.349,4.5,22.14,1
KL101156,DE,Paid Search,Plus,17,4,135,41.08,0.568,0,0,0.136,4.2,62.44,0
KL101157,DE,Organic,Premium,16,6,171,48.81,0.693,2,0,0.446,4.8,111.29,0
KL101158,DE,Organic,Premium,8,3,187,68.21,0.185,0,0,0.325,4.2,77.76,0
KL101159,CH,Paid Search,Plus,20,2,176,36.87,0.366,0,0,0.136,4.6,28.02,0
KL101160,DE,Organic,Plus,45,6,218,43.14,0.294,0,0,0.472,5.0,98.36,0
KL101161,AT,Social,Plus,7,7,107,35.82,0.401,2,0,0.391,4.4,95.28,0
KL101162,CH,Social,Basic,3,1,228,21.45,0.783,5,1,0.593,4.5,8.15,0
KL101163,DE,Paid Search,Basic,1,5,199,24.52,0.902,3,2,0.568,4.3,46.59,1
KL101164,DE,Paid Search,Plus,40,2,194,42.66,0.237,2,1,0.263,4.0,32.42,1
KL101165,CH,Paid Search,Plus,22,4,259,47.49,0.474,2,0,0.193,3.9,72.18,1
KL101166,CH,Paid Search,Basic,14,3,214,22.1,0.203,2,0,0.208,3.9,25.19,0
KL101167,DE,Organic,Basic,17,5,158,29.11,0.493,1,0,0.309,3.9,55.31,0
KL101168,CH,Organic,Plus,2,3,221,45.24,0.222,1,0,0.265,4.2,51.57,1
KL101169,DE,Organic,Basic,21,3,183,24.08,0.338,1,0,0.097,4.8,27.45,1
KL101170,DE,Organic,Plus,11,7,153,45.03,0.289,2,3,0.362,3.9,119.78,0
KL101171,AT,Social,Plus,7,2,247,31.63,0.385,1,0,0.189,4.7,24.04,1
KL101172,DE,Organic,Basic,9,6,194,20.77,0.379,2,0,0.378,4.4,47.36,0
KL101173,AT,Organic,Basic,5,2,245,36.48,0.062,0,1,0.646,3.6,27.72,1
KL101174,DE,Referral,Basic,70,3,112,10.13,0.582,2,0,0.3,4.7,11.55,0
KL101175,AT,Referral,Basic,20,9,164,25.28,0.643,1,0,0.187,4.5,86.46,0
KL101176,DE,Paid Search,Plus,14,6,229,42.56,0.564,4,1,0.29,4.3,97.04,0
KL101177,DE,Paid Search,Plus,2,7,128,43.95,0.178,2,2,0.474,3.9,116.91,0
KL101178,DE,Social,Premium,2,6,182,67.26,0.395,2,1,0.263,3.7,153.35,0
KL101179,DE,Organic,Basic,41,4,184,26.23,0.457,2,2,0.607,3.1,39.87,0
KL101180,AT,Paid Search,Plus,29,6,201,38.96,0.454,1,0,0.3,3.8,88.83,0
KL101181,DE,Organic,Basic,4,3,181,21.21,0.867,3,0,0.499,4.0,24.18,0
KL101182,DE,Paid Search,Plus,7,7,196,54.37,0.67,3,0,0.128,4.5,144.62,0
KL101183,DE,Referral,Basic,20,4,182,34.15,0.34,1,3,0.417,,51.91,1
KL101184,DE,Social,Plus,19,2,303,44.34,0.702,4,0,0.215,4.5,33.7,0
KL101185,CH,Referral,Plus,9,3,213,41.44,0.331,0,0,0.235,4.7,47.24,1
KL101186,DE,Social,Basic,15,5,264,23.22,0.219,1,0,0.07,4.8,44.12,0
KL101187,Other,Paid Search,Premium,21,10,167,64.6,0.528,3,0,0.327,4.5,245.48,0
KL101188,DE,Social,Basic,33,4,179,20.27,0.283,0,1,0.654,4.5,30.81,1
KL101189,AT,Social,Basic,4,2,209,38.96,0.286,2,2,0.423,4.1,29.61,1
KL101190,DE,Paid Search,Plus,8,3,214,34.96,,2,0,0.526,4.6,39.85,0
KL101191,DE,Organic,Plus,20,2,128,31.99,0.328,2,0,0.264,4.6,24.31,0
KL101192,CH,Paid Search,Basic,3,3,234,51.8,0.491,0,0,0.119,4.2,59.05,0
KL101193,Other,Organic,Basic,72,4,198,26.86,0.839,5,2,0.199,4.0,40.83,0
KL101194,CH,Paid Search,Basic,56,4,211,21.07,0.614,3,1,0.211,3.9,32.03,0
KL101195,DE,Organic,Premium,17,7,190,71.13,0.244,0,1,0.391,3.3,189.21,0
KL101196,DE,Paid Search,Plus,7,4,147,31.32,0.655,2,2,0.233,2.9,47.61,0
KL101197,AT,Organic,Basic,19,1,219,22.45,0.33,0,0,0.349,4.9,8.53,1
KL101198,DE,Organic,Basic,72,12,128,34.42,0.498,2,1,0.614,4.3,156.96,0
KL101199,AT,Paid Search,Premium,2,4,148,82.15,,1,1,0.165,3.9,124.87,0
KL101200,DE,Organic,Premium,15,7,219,73.19,0.311,1,1,0.114,,194.69,0
KL101201,DE,Referral,Basic,15,2,273,33.81,0.733,2,1,0.207,,25.7,1
KL101202,CH,Paid Search,Plus,5,4,178,53.16,0.676,5,0,0.348,3.9,80.8,0
KL101203,AT,Paid Search,Basic,21,1,234,25.72,0.288,0,2,0.359,4.0,9.77,1
KL101204,DE,Organic,Basic,5,6,174,16.28,0.478,2,1,0.814,3.8,37.12,0
KL101205,DE,Social,Premium,18,10,131,59.4,0.146,0,0,0.251,4.4,225.72,0
KL101206,DE,Paid Search,Premium,3,5,168,76.0,0.364,2,2,0.174,3.4,144.4,0
KL101207,DE,Paid Search,Basic,48,5,139,18.51,0.673,1,0,0.401,,35.17,0
KL101208,DE,Organic,Premium,47,5,196,63.88,0.325,0,1,0.158,5.0,121.37,0
KL101209,DE,Social,Plus,66,5,161,42.37,0.255,1,0,0.225,5.0,80.5,0
KL101210,AT,Referral,Plus,4,5,204,45.4,0.464,1,0,0.577,5.0,86.26,1
KL101211,CH,Paid Search,Plus,48,8,144,46.85,0.248,0,1,0.507,4.0,142.42,0
KL101212,DE,Organic,Plus,27,6,134,47.23,0.454,4,0,0.297,3.8,107.68,0
KL101213,DE,Organic,Premium,3,6,151,88.71,0.46,1,0,0.395,4.1,202.26,1
KL101214,DE,Organic,Basic,7,2,219,34.16,0.431,0,1,0.277,3.6,25.96,0
KL101215,DE,Social,Plus,22,10,131,53.6,0.166,0,2,0.236,3.5,203.68,0
KL101216,DE,Referral,Basic,1,2,174,28.5,0.115,0,0,0.181,,21.66,0
KL101217,DE,Referral,Plus,2,6,231,58.02,0.139,0,0,0.582,5.0,132.29,1
KL101218,AT,Social,Basic,2,4,143,21.81,0.381,3,1,0.34,4.9,33.15,1
KL101219,DE,Organic,Basic,52,5,228,36.2,0.915,8,0,0.382,4.2,68.78,0
KL101220,DE,Referral,Plus,2,6,214,41.21,0.49,0,0,0.461,3.5,93.96,1
KL101221,DE,Organic,Basic,5,0,253,35.96,0.276,2,0,0.505,3.9,13.66,1
KL101222,CH,Organic,Basic,2,4,217,32.46,0.511,4,0,0.134,4.4,49.34,0
KL101223,AT,Social,Basic,41,6,148,38.33,0.35,2,0,0.42,2.9,87.39,0
KL101224,DE,Organic,Plus,21,0,203,46.1,0.638,2,0,0.163,4.0,17.52,0
KL101225,CH,Social,Basic,10,5,250,27.67,0.207,1,0,0.195,3.8,52.57,0
KL101226,DE,Referral,Basic,32,5,220,36.12,0.556,2,0,0.635,4.0,68.63,0
KL101227,DE,Social,Plus,17,5,200,35.48,0.12,0,2,0.394,4.1,67.41,1
KL101228,Other,Social,Premium,27,8,139,50.9,0.828,4,0,0.665,5.0,154.74,0
KL101229,DE,Paid Search,Plus,13,6,144,24.5,0.333,2,0,0.474,4.5,55.86,0
KL101230,DE,Organic,Basic,20,4,150,42.61,0.779,2,0,0.241,3.4,64.77,0
KL101231,DE,Social,Premium,23,4,167,67.13,0.336,2,0,0.435,3.7,102.04,0
KL101232,DE,Paid Search,Plus,6,5,173,45.91,0.159,0,3,0.681,4.0,87.23,0
KL101233,AT,Referral,Plus,16,3,205,39.25,0.28,1,0,0.318,4.9,44.74,0
KL101234,DE,Organic,Plus,9,3,241,44.63,0.254,2,1,0.135,4.3,50.88,1
KL101235,DE,Organic,Basic,6,3,274,22.42,0.388,3,0,0.147,4.1,25.56,1
KL101236,DE,Paid Search,Plus,8,6,228,41.9,0.603,1,2,0.513,3.4,95.53,0
KL101237,DE,Social,Plus,12,6,131,27.66,0.624,2,0,0.289,4.5,63.06,0
KL101238,DE,Social,Basic,62,8,132,13.02,0.199,1,0,0.144,5.0,39.58,0
KL101239,DE,Referral,Basic,37,5,150,17.6,0.467,0,1,0.513,3.8,33.44,1
KL101240,CH,Organic,Basic,17,3,238,21.26,0.184,0,0,0.199,4.1,24.24,0
KL101241,DE,Paid Search,Plus,63,7,195,53.01,0.22,1,0,0.161,4.4,141.01,0
KL101242,DE,Organic,Basic,4,2,190,48.33,0.722,5,2,0.134,3.0,36.73,1
KL101243,DE,Organic,Plus,1,2,204,51.23,0.344,0,0,0.262,4.6,38.93,1
KL101244,DE,Paid Search,Plus,5,6,184,16.6,0.35,1,0,0.062,4.4,37.85,0
KL101245,DE,Paid Search,Basic,22,3,219,42.21,0.399,1,1,0.382,3.5,48.12,1
KL101246,DE,Paid Search,Basic,34,3,244,24.98,0.667,4,1,0.164,3.4,28.48,1
KL101247,DE,Paid Search,Basic,21,5,192,15.53,0.145,1,0,0.038,4.2,29.51,0
KL101248,CH,Paid Search,Basic,1,3,193,43.28,0.617,4,1,0.126,4.0,49.34,0
KL101249,Other,Social,Plus,55,6,191,38.81,0.555,2,1,0.356,4.3,88.49,0
KL101250,DE,Organic,Plus,7,9,145,34.35,0.207,0,1,0.436,3.9,117.48,0
KL101251,DE,Paid Search,Premium,38,7,182,60.74,0.344,3,1,0.655,3.5,161.57,0
KL101252,DE,Social,Premium,7,7,162,62.44,0.83,4,0,0.332,4.8,166.09,0
KL101253,DE,Social,Basic,52,9,194,32.92,0.453,0,0,0.245,4.8,112.59,0
KL101254,DE,Social,Plus,4,2,253,43.71,0.172,0,0,0.527,4.4,33.22,1
KL101255,CH,Organic,Basic,9,3,194,22.87,0.573,2,0,0.303,,26.07,0
KL101256,AT,Paid Search,Basic,5,3,273,12.47,,1,1,0.103,3.5,14.22,1
KL101257,CH,Referral,Basic,3,1,224,21.76,0.088,0,1,0.071,4.2,8.27,1
KL101258,DE,Paid Search,Basic,5,1,231,30.01,0.423,1,0,0.426,3.6,11.4,0
KL101259,Other,Paid Search,Plus,11,9,203,36.18,0.667,1,1,0.188,3.6,123.74,0
KL101260,DE,Referral,Plus,43,5,255,43.18,0.392,1,2,0.355,3.8,82.04,1
KL101261,DE,Organic,Basic,49,5,226,28.07,0.577,3,0,0.475,4.7,53.33,0
KL101262,DE,Social,Basic,53,3,212,37.19,0.342,4,0,0.125,4.2,42.4,0
KL101263,Other,Social,Plus,2,7,155,44.3,0.16,0,0,0.212,4.2,117.84,0
KL101264,DE,Organic,Plus,4,4,203,49.02,0.778,1,0,0.227,4.3,74.51,0
KL101265,CH,Social,Plus,49,1,237,40.24,0.775,6,1,0.039,3.0,15.29,0
KL101266,DE,Paid Search,Basic,37,3,215,41.16,0.358,1,1,0.503,4.0,46.92,0
KL101267,Other,Social,Basic,27,2,200,24.38,0.247,1,2,0.254,3.8,18.53,0
KL101268,DE,Referral,Plus,60,4,166,35.28,0.429,1,0,0.526,4.0,53.63,0
KL101269,DE,Social,Plus,39,8,167,52.73,0.343,1,1,0.189,3.0,160.3,0
KL101270,Other,Organic,Basic,27,1,193,22.99,0.464,1,0,0.488,3.9,8.74,1
KL101271,DE,Social,Basic,28,2,149,19.3,0.706,1,1,0.101,4.0,14.67,1
KL101272,DE,Referral,Basic,4,6,144,19.06,0.739,2,1,0.201,4.2,43.46,0
KL101273,DE,Paid Search,Plus,1,3,183,38.02,0.313,0,3,0.585,3.7,43.34,1
KL101274,DE,Paid Search,Basic,38,9,123,25.88,0.303,0,1,0.317,4.2,88.51,0
KL101275,DE,Organic,Plus,4,6,182,45.33,0.5,2,1,0.527,4.2,103.35,0
KL101276,DE,Social,Premium,14,7,122,71.18,0.148,0,2,0.083,4.2,189.34,0
KL101277,DE,Organic,Basic,5,2,166,28.25,0.642,1,3,0.231,3.9,21.47,0
KL101278,CH,Organic,Basic,17,4,234,35.6,0.308,0,0,0.105,4.3,54.11,0
KL101279,DE,Referral,Basic,4,1,247,34.53,0.848,1,0,0.443,3.7,13.12,0
KL101280,DE,Referral,Basic,65,1,225,20.61,0.024,0,2,0.208,3.3,7.83,1
KL101281,DE,Referral,Premium,19,12,175,57.2,0.602,5,0,0.44,4.1,260.83,0
KL101282,DE,Paid Search,Premium,17,4,165,61.44,0.454,1,0,0.282,4.3,93.39,0
KL101283,AT,Organic,Basic,2,3,224,10.82,0.457,1,1,0.04,4.0,12.33,1
KL101284,Other,Paid Search,Premium,33,13,111,65.65,0.583,1,1,0.456,4.6,324.31,0
KL101285,Other,Organic,Basic,7,3,250,26.2,0.375,2,1,0.298,4.2,29.87,1
KL101286,DE,Social,Plus,9,4,198,55.05,0.713,3,0,0.058,,83.68,0
KL101287,DE,Paid Search,Plus,55,9,119,50.81,0.259,2,0,0.123,3.6,173.77,0
KL101288,DE,Paid Search,Basic,3,5,229,25.62,0.557,1,1,0.265,,48.68,0
KL101289,DE,Organic,Plus,47,6,159,49.83,0.416,3,0,0.48,5.0,113.61,0
KL101290,DE,Paid Search,Plus,32,4,148,40.71,,2,0,0.293,4.7,61.88,0
KL101291,AT,Social,Basic,33,5,235,31.78,0.724,4,0,0.189,4.3,60.38,0
KL101292,DE,Social,Premium,44,12,148,49.56,0.559,6,0,0.515,3.7,225.99,0
KL101293,DE,Organic,Basic,17,4,159,23.55,0.712,2,1,0.251,,35.8,0
KL101294,DE,Organic,Basic,25,4,186,29.33,0.051,0,1,0.372,3.3,44.58,0
KL101295,DE,Paid Search,Premium,57,6,169,62.88,0.26,2,0,0.026,4.2,143.37,0
KL101296,DE,Organic,Basic,2,3,166,38.37,0.259,1,0,0.314,4.3,43.74,0
KL101297,DE,Referral,Basic,55,8,127,30.89,0.366,0,0,0.281,3.9,93.91,0
KL101298,AT,Social,Basic,13,5,178,32.92,,0,0,0.409,4.8,62.55,0
KL101299,DE,Organic,Basic,4,2,240,29.74,,1,1,0.737,3.6,22.6,1
KL101300,DE,Social,Basic,11,4,218,28.16,0.182,0,0,0.542,4.2,42.8,0
KL101301,DE,Paid Search,Basic,5,2,186,35.39,0.191,2,1,0.302,5.0,26.9,1
KL101302,AT,Organic,Plus,2,1,242,56.31,0.272,0,2,0.491,4.0,21.4,1
KL101303,DE,Paid Search,Basic,7,4,241,11.29,0.425,1,0,0.612,4.9,17.16,1
KL101304,CH,Organic,Premium,7,7,135,56.93,0.415,3,0,0.283,4.1,151.43,0
KL101305,Other,Paid Search,Premium,3,7,191,65.48,0.046,1,0,0.249,3.8,174.18,1
KL101306,DE,Social,Basic,8,8,158,38.79,0.511,3,1,0.353,4.1,117.92,0
KL101307,AT,Referral,Premium,49,4,180,71.31,,2,0,0.243,4.1,108.39,0
KL101308,DE,Paid Search,Premium,21,5,182,58.48,0.208,2,1,0.17,4.3,111.11,0
KL101309,Other,Social,Premium,46,7,194,61.88,0.114,0,1,0.375,4.1,164.6,0
KL101310,DE,Organic,Plus,11,7,121,48.03,0.77,3,2,0.303,4.4,127.76,0
KL101311,Other,Paid Search,Basic,6,3,197,23.21,0.748,2,0,0.062,4.4,26.46,0
KL101312,DE,Organic,Basic,72,3,184,30.27,0.354,2,1,0.056,4.4,34.51,0
KL101313,DE,Paid Search,Premium,13,6,174,59.56,0.61,3,0,0.306,4.9,135.8,0
KL101314,DE,Organic,Plus,13,5,175,45.91,0.546,1,0,0.324,4.7,87.23,0
KL101315,AT,Referral,Premium,9,6,147,70.09,0.615,1,1,0.466,4.0,159.81,0
KL101316,DE,Referral,Plus,32,7,231,20.47,0.382,2,0,0.36,5.0,54.45,0
KL101317,DE,Organic,Basic,2,1,122,42.39,0.538,1,0,0.129,,16.11,0
KL101318,AT,Social,Basic,4,2,225,43.26,0.738,3,0,0.382,4.0,32.88,0
KL101319,CH,Organic,Premium,5,2,225,48.73,0.274,2,1,0.607,5.0,37.03,1
KL101320,DE,Social,Basic,7,1,216,26.17,0.574,2,2,0.288,3.2,9.94,1
KL101321,DE,Organic,Plus,39,7,175,28.95,0.185,2,0,0.3,4.4,77.01,0
KL101322,DE,Organic,Premium,16,6,195,47.95,0.32,3,0,0.48,4.3,109.33,0
KL101323,CH,Social,Basic,33,2,187,34.49,0.581,1,1,0.436,4.3,26.21,0
KL101324,DE,Paid Search,Basic,40,4,176,42.5,0.315,2,0,0.389,4.3,64.6,0
KL101325,CH,Paid Search,Plus,6,5,170,41.82,0.501,0,0,0.083,4.7,79.46,0
KL101326,DE,Paid Search,Plus,10,2,222,54.5,0.401,2,0,0.081,4.0,41.42,1
KL101327,DE,Organic,Plus,22,1,231,36.7,0.186,1,3,0.364,2.2,13.95,1
KL101328,DE,Organic,Basic,22,1,176,16.4,0.846,5,0,0.205,4.4,6.23,0
KL101329,DE,Paid Search,Basic,1,2,203,24.88,,0,1,0.337,3.2,18.91,1
KL101330,CH,Paid Search,Basic,9,6,152,21.74,0.461,4,1,0.533,4.2,49.57,0
KL101331,DE,Organic,Basic,6,4,157,31.43,0.61,3,1,0.141,3.7,47.77,0
KL101332,DE,Paid Search,Basic,3,1,197,36.7,0.418,1,0,0.646,4.0,13.95,0
KL101333,Other,Paid Search,Plus,17,2,166,32.77,0.42,0,0,0.334,4.3,24.91,0
KL101334,Other,Social,Basic,6,3,134,17.17,0.474,0,1,0.679,4.1,19.57,0
KL101335,CH,Social,Plus,18,2,208,49.03,0.404,1,1,0.203,4.2,37.26,1
KL101336,DE,Paid Search,Premium,15,7,198,62.2,0.582,0,0,0.374,3.3,165.45,0
KL101337,DE,Paid Search,Plus,8,8,147,48.23,0.52,0,2,0.15,3.3,146.62,0
KL101338,CH,Paid Search,Plus,7,1,246,35.42,0.46,1,1,0.123,4.4,13.46,1
KL101339,DE,Organic,Basic,3,1,240,22.74,0.518,1,0,0.383,4.4,8.64,0
KL101340,DE,Organic,Plus,2,1,183,50.2,0.107,0,0,0.406,4.9,19.08,1
KL101341,CH,Organic,Basic,10,4,161,34.57,0.176,1,0,0.469,5.0,52.55,1
KL101342,DE,Social,Basic,9,1,163,39.14,0.275,0,1,0.208,4.4,14.87,1
KL101343,DE,Organic,Plus,10,5,190,40.33,0.508,2,0,0.5,4.6,76.63,1
KL101344,Other,Paid Search,Basic,14,8,175,38.36,0.576,1,0,0.4,4.6,116.61,0
KL101345,DE,Paid Search,Basic,14,4,189,31.56,0.651,2,2,0.37,3.3,47.97,1
KL101346,DE,Paid Search,Plus,33,5,154,45.24,0.406,1,1,0.265,4.3,85.96,0
KL101347,DE,Social,Basic,35,1,210,21.17,0.586,4,1,0.256,4.0,8.04,1
KL101348,DE,Social,Basic,20,0,245,33.28,0.535,0,0,0.529,4.5,12.65,1
KL101349,DE,Organic,Basic,4,4,210,25.97,0.671,2,2,0.165,,39.47,0
KL101350,CH,Social,Basic,11,3,215,42.89,,1,1,0.607,4.6,48.89,1
KL101351,CH,Paid Search,Plus,7,6,184,41.99,0.147,0,2,0.225,3.4,95.74,1
KL101352,DE,Paid Search,Plus,5,5,221,40.55,0.929,0,0,0.554,4.0,77.04,0
KL101353,DE,Social,Basic,37,8,123,38.22,0.714,3,0,0.358,3.9,116.19,0
KL101354,CH,Social,Plus,7,8,136,42.67,0.354,2,2,0.315,3.7,129.72,0
KL101355,DE,Organic,Premium,3,5,148,58.19,0.07,1,2,0.196,3.2,110.56,0
KL101356,DE,Referral,Plus,2,1,199,29.75,0.5,2,1,0.087,4.4,11.3,0
KL101357,DE,Social,Plus,13,2,256,34.84,0.056,0,1,0.22,3.9,26.48,1
KL101358,AT,Paid Search,Plus,72,9,122,27.39,0.735,0,2,0.396,3.9,93.67,0
KL101359,DE,Organic,Premium,2,4,163,64.25,0.1,0,0,0.595,4.4,97.66,0
KL101360,AT,Organic,Premium,31,8,97,71.88,0.325,4,0,0.735,5.0,218.52,0
KL101361,DE,Paid Search,Basic,29,3,219,23.45,0.282,0,0,0.228,4.4,26.73,0
KL101362,DE,Paid Search,Basic,7,4,187,48.26,0.839,4,2,0.489,3.3,73.36,1
KL101363,DE,Paid Search,Basic,7,6,221,16.66,0.484,2,0,0.278,4.2,37.98,0
KL101364,DE,Social,Plus,40,5,229,46.24,0.766,3,1,0.113,4.4,87.86,0
KL101365,DE,Organic,Basic,18,7,125,31.48,0.467,3,0,0.525,3.8,83.74,0
KL101366,DE,Social,Premium,72,7,162,61.61,0.693,1,3,0.782,3.7,163.88,0
KL101367,DE,Social,Basic,27,3,241,26.75,0.115,1,0,0.432,4.6,30.5,1
KL101368,DE,Social,Plus,56,10,115,55.3,0.304,2,1,0.859,4.0,210.14,0
KL101369,DE,Social,Basic,20,6,207,36.58,0.606,1,1,0.067,,83.4,1
KL101370,DE,Referral,Basic,17,2,117,35.49,0.161,0,0,0.415,4.5,26.97,0
KL101371,Other,Organic,Basic,25,2,202,20.52,0.178,0,1,0.256,4.5,15.6,1
KL101372,DE,Social,Plus,11,4,166,45.97,0.593,2,0,0.362,4.0,69.87,0
KL101373,CH,Referral,Basic,22,8,193,34.53,0.499,1,0,0.672,4.7,104.97,0
KL101374,Other,Paid Search,Basic,4,5,167,34.92,0.444,0,0,0.376,4.9,66.35,1
KL101375,DE,Organic,Plus,25,5,209,30.83,0.482,3,0,0.647,4.6,58.58,0
KL101376,AT,Referral,Premium,9,6,191,67.73,0.172,0,0,0.097,4.6,154.42,1
KL101377,CH,Organic,Plus,7,8,130,44.65,0.066,0,0,0.031,4.9,135.74,0
KL101378,AT,Organic,Plus,6,9,179,50.96,0.652,3,0,0.217,4.4,174.28,0
KL101379,DE,Organic,Basic,15,3,215,25.89,0.289,2,0,0.361,4.1,29.51,1
KL101380,DE,Paid Search,Premium,56,11,79,55.77,0.368,1,0,0.303,5.0,233.12,0
KL101381,DE,Paid Search,Basic,7,4,207,20.41,0.435,0,1,0.34,4.7,31.02,0
KL101382,DE,Paid Search,Premium,13,7,148,67.91,0.624,2,0,0.041,4.4,180.64,0
KL101383,Other,Referral,Plus,22,10,157,51.3,0.034,0,2,0.201,3.8,194.94,0
KL101384,Other,Paid Search,Basic,9,5,189,25.07,0.606,3,2,0.258,4.6,47.63,1
KL101385,DE,Paid Search,Basic,1,3,232,30.34,0.47,1,0,0.336,3.8,34.59,1
KL101386,AT,Referral,Plus,7,3,230,25.61,0.115,1,0,0.483,4.3,29.2,1
KL101387,DE,Social,Plus,15,7,137,24.96,0.148,0,0,0.433,4.1,66.39,0
KL101388,CH,Organic,Plus,10,4,170,45.81,0.669,2,0,0.268,4.6,69.63,0
KL101389,DE,Organic,Premium,3,6,163,68.67,0.429,1,3,0.449,3.1,156.57,0
KL101390,Other,Paid Search,Plus,16,5,218,47.72,0.117,1,0,0.4,5.0,90.67,1
KL101391,CH,Social,Basic,44,3,182,11.28,0.173,2,3,0.312,3.2,12.86,0
KL101392,DE,Paid Search,Plus,30,7,176,53.64,0.356,2,0,0.267,4.1,142.68,0
KL101393,DE,Organic,Basic,4,4,220,23.52,0.539,0,2,0.104,,35.75,1
KL101394,CH,Social,Plus,2,4,190,37.15,0.32,1,1,0.432,4.1,56.47,0
KL101395,DE,Social,Premium,3,5,241,70.34,0.638,3,1,0.48,3.3,133.65,0
KL101396,DE,Paid Search,Basic,57,4,169,28.66,0.618,3,0,0.371,4.7,43.56,0
KL101397,CH,Social,Plus,1,5,199,55.54,0.569,1,1,0.179,4.8,105.53,0
KL101398,DE,Social,Plus,2,4,202,47.76,0.274,0,0,0.638,3.8,72.6,1
KL101399,DE,Social,Basic,9,1,217,40.34,0.395,4,0,0.228,4.5,15.33,1
KL101400,DE,Social,Plus,7,3,121,38.66,0.121,0,0,0.217,4.3,44.07,0
KL101401,DE,Social,Plus,3,1,202,51.81,0.779,0,1,0.554,3.7,19.69,1
KL101402,Other,Paid Search,Basic,25,4,127,10.23,0.371,1,0,0.235,3.9,15.55,0
KL101403,DE,Paid Search,Basic,19,4,171,27.33,0.632,1,1,0.473,4.2,41.54,0
KL101404,DE,Social,Basic,17,3,193,17.25,0.24,0,1,0.173,3.8,19.66,1
KL101405,DE,Paid Search,Plus,4,6,253,43.05,0.69,1,0,0.224,3.8,98.15,0
KL101406,Other,Paid Search,Basic,6,2,230,29.47,0.302,2,1,0.315,4.5,22.4,1
KL101407,DE,Organic,Basic,5,1,176,35.66,0.471,1,1,0.459,4.1,13.55,1
KL101408,CH,Social,Premium,2,3,203,67.05,0.257,1,2,0.518,4.0,76.44,1
KL101409,AT,Social,Plus,10,7,179,36.17,0.618,4,0,0.349,5.0,96.21,0
KL101410,CH,Paid Search,Plus,9,5,184,38.35,0.586,3,0,0.26,4.6,72.86,0
KL101411,Other,Paid Search,Premium,1,4,189,66.65,0.375,4,0,0.148,,101.31,0
KL101412,CH,Organic,Basic,39,4,169,22.86,0.339,0,1,0.358,3.8,34.75,0
KL101413,Other,Referral,Basic,47,8,169,37.56,0.551,1,0,0.463,4.7,114.18,0
KL101414,DE,Social,Plus,2,5,189,39.03,0.599,2,2,0.2,4.1,74.16,0
KL101415,CH,Paid Search,Basic,57,11,156,36.23,0.474,3,2,0.196,4.4,151.44,0
KL101416,DE,Paid Search,Basic,72,6,201,22.61,0.552,1,0,0.461,3.5,51.55,0
KL101417,DE,Social,Plus,24,7,192,47.01,0.713,6,0,0.544,4.7,125.05,0
KL101418,CH,Paid Search,Basic,4,8,160,26.33,0.819,2,1,0.273,4.3,80.04,0
KL101419,Other,Referral,Plus,46,4,182,51.34,0.109,0,0,0.348,5.0,78.04,0
KL101420,AT,Organic,Plus,1,4,214,57.32,0.224,2,0,0.593,4.6,87.13,1
KL101421,DE,Organic,Plus,16,3,167,43.67,0.742,2,0,0.155,3.9,49.78,0
KL101422,DE,Paid Search,Basic,41,2,117,43.22,0.409,1,1,0.316,4.0,32.85,0
KL101423,DE,Organic,Basic,25,9,87,26.79,0.317,1,0,0.072,4.5,91.62,0
KL101424,DE,Paid Search,Premium,2,3,130,66.6,0.461,0,1,0.197,3.8,75.92,1
KL101425,DE,Social,Premium,57,7,184,64.15,0.08,0,2,0.34,2.9,170.64,0
KL101426,DE,Organic,Basic,34,7,169,19.98,0.264,4,0,0.611,4.7,53.15,0
KL101427,DE,Paid Search,Basic,8,4,216,39.72,0.342,1,2,0.396,2.6,60.37,1
KL101428,CH,Social,Plus,9,6,190,43.26,0.284,0,2,0.587,,98.63,1
KL101429,DE,Social,Basic,5,3,232,24.65,0.271,1,0,0.207,4.7,28.1,1
KL101430,Other,Paid Search,Basic,22,6,212,22.28,0.373,3,0,0.412,4.4,50.8,0
KL101431,DE,Organic,Basic,12,2,237,43.15,0.634,1,0,0.212,3.9,32.79,1
KL101432,DE,Paid Search,Basic,7,1,246,26.86,0.482,2,0,0.511,4.6,10.21,1
KL101433,DE,Paid Search,Basic,16,5,237,26.77,0.387,2,1,0.4,3.9,50.86,1
KL101434,DE,Social,Basic,6,3,269,36.22,0.636,3,0,0.247,4.9,41.29,1
KL101435,Other,Paid Search,Plus,14,5,183,54.38,0.294,2,0,0.527,3.2,103.32,1
KL101436,DE,Organic,Basic,8,3,250,23.88,0.214,1,1,0.065,4.6,27.22,0
KL101437,DE,Social,Basic,2,1,192,33.0,0.271,1,1,0.242,3.8,12.54,1
KL101438,Other,Paid Search,Basic,4,4,170,32.99,0.362,1,1,0.372,3.6,50.14,1
KL101439,Other,Organic,Premium,2,6,230,63.6,0.574,0,0,0.473,3.9,145.01,1
KL101440,DE,Paid Search,Basic,3,2,208,24.94,0.228,3,0,0.22,4.6,18.95,1
KL101441,DE,Referral,Basic,4,2,146,23.14,0.207,2,1,0.496,4.4,17.59,0
KL101442,DE,Social,Plus,35,6,130,50.32,0.565,1,1,0.55,,114.73,0
KL101443,DE,Organic,Plus,2,6,145,44.02,0.468,6,0,0.278,4.5,100.37,0
KL101444,DE,Social,Plus,5,1,171,42.64,,1,0,0.471,5.0,16.2,0
KL101445,DE,Organic,Basic,21,6,191,22.29,0.162,0,0,0.618,4.8,50.82,0
KL101446,CH,Paid Search,Basic,23,1,182,36.33,0.516,3,1,0.225,3.7,13.81,0
KL101447,DE,Paid Search,Basic,34,2,194,30.54,0.272,0,2,0.468,3.4,23.21,1
KL101448,AT,Organic,Plus,23,4,167,35.05,0.782,6,2,0.657,4.4,53.28,0
KL101449,DE,Paid Search,Basic,12,2,156,25.23,0.664,4,0,0.499,4.2,19.17,0
KL101450,CH,Referral,Basic,1,2,158,34.09,0.856,1,1,0.298,3.8,25.91,0
KL101451,DE,Organic,Basic,1,1,244,13.92,0.567,1,1,0.132,4.5,5.29,1
KL101452,CH,Social,Premium,3,5,191,64.72,0.68,2,2,0.479,4.2,122.97,1
KL101453,Other,Social,Basic,65,7,52,34.69,0.482,2,0,0.327,4.5,92.28,0
KL101454,DE,Paid Search,Basic,9,3,174,29.99,0.38,1,2,0.571,3.9,34.19,0
KL101455,DE,Organic,Premium,46,6,203,70.91,0.596,4,2,0.444,3.2,161.67,0
KL101456,DE,Organic,Plus,29,7,184,25.31,,1,0,0.283,3.7,67.32,0
KL101457,DE,Organic,Plus,45,5,254,31.6,0.09,0,0,0.36,4.1,60.04,0
KL101458,Other,Paid Search,Plus,12,5,171,49.17,0.466,2,1,0.156,4.4,93.42,0
KL101459,DE,Referral,Basic,16,5,193,31.23,0.692,1,0,0.241,4.2,59.34,0
KL101460,CH,Social,Plus,12,2,173,39.88,0.689,1,1,0.158,4.7,30.31,0
KL101461,DE,Organic,Basic,2,4,134,30.22,0.47,1,2,0.752,3.7,45.93,1
KL101462,DE,Organic,Premium,11,1,225,69.83,0.451,1,1,0.482,3.4,26.54,0
KL101463,DE,Organic,Basic,37,4,174,24.12,0.639,1,0,0.429,3.9,36.66,0
KL101464,AT,Referral,Plus,59,6,265,36.46,0.35,0,1,0.943,3.4,83.13,1
KL101465,AT,Organic,Plus,17,8,135,31.33,0.534,1,1,0.316,4.2,95.24,0
KL101466,DE,Organic,Basic,21,3,181,39.64,0.066,0,0,0.129,4.7,45.19,0
KL101467,DE,Paid Search,Basic,22,2,207,28.59,0.085,0,1,0.43,4.4,21.73,0
KL101468,AT,Paid Search,Plus,7,6,205,54.18,0.503,1,0,0.413,4.0,123.53,1
KL101469,DE,Organic,Basic,18,3,226,17.29,0.382,0,0,0.648,4.8,19.71,1
KL101470,Other,Social,Premium,3,5,122,66.04,0.337,5,0,0.366,5.0,125.48,0
KL101471,DE,Organic,Basic,3,3,242,18.48,0.368,4,1,0.088,3.9,21.07,0
KL101472,DE,Organic,Plus,56,5,174,56.07,0.85,4,1,0.313,,106.53,0
KL101473,DE,Organic,Plus,33,4,94,63.8,0.64,2,0,0.092,4.0,96.98,0
KL101474,DE,Paid Search,Basic,7,3,196,38.03,0.785,3,0,0.425,4.5,43.35,0
KL101475,DE,Referral,Plus,3,5,144,33.05,0.855,2,0,0.069,4.6,62.8,0
KL101476,DE,Paid Search,Plus,4,5,221,32.75,0.319,1,0,0.057,4.6,62.22,1
KL101477,Other,Social,Plus,18,4,200,41.22,0.393,1,0,0.172,3.6,62.65,1
KL101478,DE,Organic,Plus,16,12,162,43.11,0.304,0,0,0.029,,196.58,0
KL101479,DE,Social,Plus,44,4,230,46.16,0.245,0,0,0.116,4.6,70.16,1
KL101480,DE,Referral,Basic,2,3,180,31.8,0.629,3,1,0.688,4.2,36.25,0
KL101481,DE,Paid Search,Basic,4,1,221,28.14,0.768,4,0,0.503,4.7,10.69,0
KL101482,DE,Referral,Basic,38,10,180,26.18,0.347,3,0,0.23,4.5,99.48,0
KL101483,DE,Paid Search,Plus,16,8,164,35.43,0.331,4,0,0.426,3.9,107.71,0
KL101484,AT,Social,Premium,1,9,119,70.42,0.574,0,0,0.34,5.0,240.84,0
KL101485,DE,Organic,Basic,6,1,263,8.97,0.391,2,0,0.257,4.7,3.41,1
KL101486,Other,Social,Plus,11,5,181,42.8,0.276,0,0,0.571,3.9,81.32,0
KL101487,DE,Paid Search,Basic,3,3,168,29.82,0.2,4,1,0.377,4.2,33.99,1
KL101488,CH,Referral,Plus,5,4,255,40.23,0.225,1,3,0.376,3.5,61.15,1
KL101489,DE,Referral,Plus,49,5,113,48.52,0.198,2,2,0.413,3.4,92.19,0
KL101490,DE,Paid Search,Plus,11,3,173,49.88,0.168,1,0,0.322,4.1,56.86,0
KL101491,CH,Referral,Plus,19,4,168,43.64,0.662,2,0,0.627,4.5,66.33,0
KL101492,AT,Referral,Plus,18,6,203,60.51,0.709,5,0,0.516,3.0,137.96,0
KL101493,CH,Paid Search,Basic,7,3,184,22.43,0.648,3,1,0.243,4.3,25.57,0
KL101494,DE,Organic,Plus,25,5,156,38.29,0.266,1,2,0.502,3.6,72.75,0
KL101495,AT,Organic,Basic,25,9,185,24.68,0.538,1,0,0.276,4.5,84.41,0
KL101496,CH,Organic,Premium,11,4,215,74.03,0.787,2,2,0.191,4.6,112.53,0
KL101497,AT,Organic,Plus,28,3,186,44.91,,5,0,0.337,4.5,51.2,0
KL101498,DE,Referral,Basic,3,4,196,12.62,0.169,1,1,0.586,3.8,19.18,0
KL101499,AT,Organic,Basic,5,3,157,25.37,0.172,2,0,0.287,3.7,28.92,0
KL101500,AT,Social,Basic,4,3,188,23.2,0.61,4,0,0.497,4.6,26.45,0
KL101501,Other,Paid Search,Premium,18,4,186,78.54,0.682,3,1,0.113,3.5,119.38,0
KL101502,DE,Paid Search,Basic,6,4,143,21.53,0.562,2,0,0.381,,32.73,0
KL101503,DE,Organic,Plus,4,7,106,41.87,0.499,1,1,0.395,4.5,111.37,0
KL101504,CH,Paid Search,Basic,7,2,190,15.41,0.537,4,1,0.219,4.1,11.71,0
KL101505,DE,Paid Search,Plus,19,5,217,43.26,0.709,3,2,0.341,3.2,82.19,0
KL101506,AT,Paid Search,Plus,2,3,216,57.06,0.075,0,1,0.175,4.0,65.05,1
KL101507,DE,Organic,Basic,3,2,183,21.34,0.49,1,0,0.252,4.5,16.22,1
KL101508,DE,Social,Plus,14,4,279,49.45,0.394,0,0,0.224,4.4,75.16,1
KL101509,AT,Organic,Basic,3,1,174,26.35,0.678,2,0,0.559,4.1,10.01,1
KL101510,DE,Paid Search,Plus,15,7,183,41.84,0.402,0,0,0.205,4.4,111.29,0
KL101511,DE,Paid Search,Basic,32,5,161,32.96,0.574,4,1,0.027,4.3,62.62,0
KL101512,AT,Organic,Plus,14,5,222,31.95,0.378,4,0,0.148,4.5,60.7,0
KL101513,AT,Social,Basic,48,7,160,21.87,0.189,1,0,0.322,4.6,58.17,0
KL101514,CH,Organic,Plus,4,3,188,34.75,0.382,4,0,0.789,4.7,39.62,0
KL101515,DE,Referral,Basic,5,4,222,41.53,0.268,1,1,0.448,3.6,63.13,0
KL101516,DE,Referral,Plus,7,3,190,50.43,0.833,5,2,0.235,3.8,57.49,1
KL101517,Other,Paid Search,Basic,20,1,238,35.9,0.455,3,1,0.291,3.6,13.64,0
KL101518,DE,Organic,Basic,17,2,200,36.08,0.272,0,1,0.451,4.5,27.42,1
KL101519,DE,Organic,Plus,16,5,88,48.47,0.328,0,0,0.353,,92.09,0
KL101520,DE,Referral,Basic,8,0,295,15.02,0.176,0,0,0.176,,5.71,1
KL101521,DE,Paid Search,Basic,6,2,222,23.23,0.255,1,1,0.085,4.0,17.65,1
KL101522,CH,Organic,Plus,1,6,161,40.26,0.62,2,0,0.423,4.7,91.79,0
KL101523,CH,Paid Search,Basic,9,2,252,29.06,0.266,3,0,0.24,4.5,22.09,1
KL101524,AT,Organic,Premium,13,5,146,56.86,0.902,2,1,0.279,4.4,108.03,0
KL101525,DE,Paid Search,Basic,6,3,164,16.92,0.077,0,1,0.254,3.3,19.29,1
KL101526,DE,Paid Search,Premium,21,10,90,56.57,0.863,3,0,0.315,4.6,214.97,0
KL101527,DE,Organic,Premium,10,5,173,58.93,0.288,1,0,0.287,4.0,111.97,0
KL101528,DE,Social,Basic,3,4,165,25.06,0.254,1,0,0.295,4.5,38.09,0
KL101529,DE,Organic,Basic,17,5,170,31.41,0.657,2,0,0.639,4.7,59.68,0
KL101530,DE,Paid Search,Plus,3,4,137,40.77,0.305,1,1,0.587,4.3,61.97,0
KL101531,DE,Paid Search,Plus,16,1,188,51.75,0.334,2,1,0.196,3.2,19.66,0
KL101532,DE,Referral,Basic,14,7,180,32.97,0.231,2,0,0.32,4.1,87.7,0
KL101533,AT,Paid Search,Basic,27,7,212,25.51,0.673,1,0,0.3,4.7,67.86,0
KL101534,DE,Referral,Basic,22,6,174,31.59,0.224,1,0,0.396,4.2,72.03,0
KL101535,DE,Paid Search,Plus,72,6,155,41.17,0.366,2,0,0.315,4.1,93.87,0
KL101536,CH,Social,Plus,72,10,162,37.28,0.123,0,1,0.131,4.7,141.66,0
KL101537,AT,Organic,Basic,4,0,261,28.47,0.275,1,0,0.329,4.0,10.82,1
KL101538,CH,Social,Plus,30,6,211,45.32,0.094,0,0,0.516,4.9,103.33,1
KL101539,DE,Organic,Plus,3,5,198,50.03,0.416,1,1,0.508,3.3,95.06,0
KL101540,CH,Referral,Premium,10,8,130,82.64,0.57,1,0,0.152,,251.23,0
KL101541,DE,Referral,Basic,11,6,170,38.18,0.444,2,2,0.38,,87.05,1
KL101542,DE,Paid Search,Basic,1,2,212,20.02,0.695,1,2,0.584,4.3,15.22,1
KL101543,DE,Paid Search,Basic,26,7,78,15.24,0.425,2,1,0.432,4.1,40.54,0
KL101544,DE,Paid Search,Plus,4,2,205,52.35,0.236,1,1,0.569,4.3,39.79,1
KL101545,DE,Organic,Basic,3,2,264,27.01,0.45,2,2,0.121,3.0,20.53,1
KL101546,DE,Social,Basic,22,2,182,22.37,0.231,1,2,0.512,4.4,17.0,1
KL101547,AT,Social,Plus,21,10,76,55.05,0.311,2,0,0.079,4.4,209.19,0
KL101548,DE,Paid Search,Plus,13,2,181,40.5,0.443,4,0,0.338,4.9,30.78,0
KL101549,DE,Organic,Basic,35,4,163,27.12,0.451,3,0,0.55,3.8,41.22,0
KL101550,DE,Referral,Basic,7,3,235,22.89,0.168,0,0,0.526,5.0,26.09,1
KL101551,DE,Organic,Basic,6,4,280,11.73,0.098,0,0,0.07,,17.83,1
KL101552,DE,Paid Search,Basic,7,5,185,20.62,0.628,2,1,0.657,4.0,39.18,0
KL101553,DE,Organic,Basic,34,7,134,22.91,0.375,1,0,0.156,5.0,60.94,0
KL101554,DE,Organic,Basic,6,3,154,14.88,0.451,2,1,0.362,4.4,16.96,0
KL101555,CH,Organic,Basic,22,3,232,28.64,0.037,0,0,0.219,4.2,32.65,1
KL101556,Other,Paid Search,Premium,38,6,197,67.13,0.143,0,0,0.197,3.7,153.06,0
KL101557,DE,Paid Search,Premium,2,6,213,72.28,,0,1,0.063,4.5,164.8,0
KL101558,AT,Paid Search,Basic,10,5,162,21.95,0.545,0,1,0.52,3.4,41.7,0
KL101559,CH,Social,Plus,26,6,229,27.02,0.421,0,0,0.133,4.4,61.61,0
KL101560,Other,Social,Basic,7,3,202,25.38,0.309,2,0,0.181,3.3,28.93,1
KL101561,DE,Organic,Plus,4,3,171,31.99,0.186,0,1,0.046,3.4,36.47,1
KL101562,CH,Organic,Premium,30,6,100,64.79,0.425,0,0,0.301,5.0,147.72,0
KL101563,CH,Paid Search,Plus,39,6,154,48.94,0.12,0,2,0.54,4.5,111.58,0
KL101564,CH,Social,Plus,4,6,154,37.76,0.108,0,1,0.152,5.0,86.09,0
KL101565,DE,Paid Search,Basic,9,1,175,27.43,0.173,2,0,0.489,4.6,10.42,1
KL101566,DE,Organic,Basic,60,6,188,11.61,0.629,2,0,0.216,4.3,26.47,0
KL101567,DE,Social,Basic,20,5,156,24.89,0.626,6,1,0.219,3.6,47.29,0
KL101568,DE,Organic,Basic,22,5,147,40.84,0.085,0,0,0.381,4.1,77.6,0
KL101569,DE,Paid Search,Plus,61,8,124,46.46,0.438,3,1,0.599,4.0,141.24,0
KL101570,DE,Organic,Basic,19,3,146,21.75,0.273,0,1,0.093,3.2,24.8,0
KL101571,DE,Social,Basic,7,1,192,19.02,0.671,5,3,0.768,3.6,7.23,1
KL101572,DE,Paid Search,Plus,1,7,145,41.8,0.283,1,0,0.198,4.8,111.19,0
KL101573,CH,Social,Plus,15,4,179,46.07,0.753,3,0,0.182,3.5,70.03,0
KL101574,DE,Organic,Plus,25,9,161,35.86,0.116,1,1,0.418,4.3,122.64,0
KL101575,DE,Paid Search,Plus,7,1,266,40.45,0.484,2,0,0.223,4.1,15.37,1
KL101576,CH,Organic,Plus,9,3,231,26.55,0.594,2,0,0.243,4.5,30.27,1
KL101577,CH,Social,Basic,1,0,165,34.5,0.638,6,2,0.616,4.3,13.11,1
KL101578,Other,Organic,Plus,21,7,195,35.15,0.53,2,1,0.268,4.7,93.5,0
KL101579,CH,Organic,Basic,72,10,178,33.07,0.216,2,1,0.229,4.4,125.67,0
KL101580,CH,Social,Basic,2,3,223,30.79,0.686,2,0,0.353,4.6,35.1,0
KL101581,DE,Organic,Premium,26,9,132,68.7,0.548,4,0,0.582,3.5,234.95,0
KL101582,DE,Organic,Basic,3,1,263,25.93,0.704,4,1,0.276,4.1,9.85,1
KL101583,DE,Social,Basic,23,3,165,41.16,0.139,1,0,0.549,4.1,46.92,0
KL101584,DE,Social,Basic,11,3,233,22.79,0.214,2,0,0.22,4.1,25.98,1
KL101585,Other,Social,Premium,68,3,232,78.28,0.591,4,0,0.587,4.7,89.24,0
KL101586,DE,Organic,Premium,23,9,165,67.03,0.424,2,1,0.238,4.2,229.24,0
KL101587,DE,Paid Search,Basic,65,2,141,28.99,,2,0,0.222,3.9,22.03,0
KL101588,DE,Social,Plus,23,7,171,40.16,0.29,1,0,0.831,4.6,106.83,0
KL101589,DE,Organic,Basic,30,1,241,28.9,0.7,3,0,0.162,3.9,10.98,0
KL101590,DE,Social,Plus,2,6,174,42.08,0.728,3,3,0.25,4.4,95.94,0
KL101591,DE,Organic,Basic,41,4,185,41.94,0.277,0,0,0.201,4.8,63.75,1
KL101592,Other,Referral,Basic,72,7,151,18.29,,0,1,0.426,3.9,48.65,0
KL101593,DE,Paid Search,Plus,48,12,106,40.45,0.482,2,3,0.1,2.7,184.45,0
KL101594,CH,Paid Search,Premium,6,3,193,57.43,0.106,1,1,0.737,3.5,65.47,1
KL101595,AT,Paid Search,Basic,28,8,198,23.4,0.61,3,2,0.411,3.6,71.14,0
KL101596,DE,Organic,Basic,64,3,171,28.14,0.258,1,1,0.449,3.8,32.08,0
KL101597,DE,Paid Search,Premium,27,2,218,77.04,0.68,3,0,0.734,4.7,58.55,0
KL101598,CH,Social,Basic,19,1,118,31.86,0.627,4,0,0.152,3.1,12.11,0
KL101599,DE,Paid Search,Basic,28,8,138,20.35,0.549,3,1,0.434,3.7,61.86,0
KL101600,CH,Paid Search,Plus,4,2,229,39.65,,1,0,0.44,5.0,30.13,0
KL101601,DE,Organic,Basic,14,2,239,37.22,0.489,2,0,0.306,5.0,28.29,0
KL101602,AT,Social,Basic,31,4,149,23.32,0.362,1,0,0.407,4.7,35.45,0
KL101603,CH,Paid Search,Basic,17,4,198,29.08,0.435,2,0,0.679,4.9,44.2,0
KL101604,DE,Organic,Basic,14,3,223,31.27,0.096,1,0,0.108,4.6,35.65,1
KL101605,DE,Referral,Plus,18,8,128,40.25,0.402,0,0,0.38,2.9,122.36,0
KL101606,Other,Paid Search,Plus,12,6,113,34.7,0.371,1,2,0.11,4.2,79.12,0
KL101607,DE,Paid Search,Basic,44,8,109,30.01,0.456,2,0,0.21,5.0,91.23,0
KL101608,DE,Referral,Plus,1,4,132,60.44,0.316,1,1,0.203,4.0,91.87,0
KL101609,DE,Paid Search,Basic,14,5,205,24.27,0.546,0,0,0.087,3.9,46.11,0
KL101610,DE,Referral,Basic,4,0,223,23.72,0.522,3,0,0.254,4.6,9.01,1
KL101611,CH,Social,Plus,9,6,157,47.93,0.923,2,3,0.468,3.5,109.28,0
KL101612,CH,Paid Search,Basic,4,1,180,47.07,0.615,2,1,0.306,4.7,17.89,0
KL101613,DE,Organic,Plus,27,7,202,35.2,0.662,2,0,0.731,4.6,93.63,0
KL101614,CH,Organic,Basic,12,6,164,18.54,0.665,1,0,0.562,4.4,42.27,0
KL101615,DE,Paid Search,Plus,44,5,191,48.37,0.388,1,0,0.208,5.0,91.9,0
KL101616,DE,Organic,Premium,49,6,140,71.55,0.474,3,0,0.121,4.9,163.13,0
KL101617,DE,Organic,Basic,33,3,154,20.19,0.323,2,1,0.496,3.8,23.02,1
KL101618,Other,Paid Search,Premium,32,10,175,62.62,0.576,3,1,0.497,3.4,237.96,0
KL101619,DE,Social,Basic,18,2,206,18.73,0.262,1,0,0.159,4.5,14.23,1
KL101620,DE,Organic,Basic,14,4,193,25.07,0.671,3,0,0.184,5.0,38.11,0
KL101621,DE,Social,Basic,29,5,191,25.69,0.493,2,0,0.164,4.3,48.81,0
KL101622,CH,Referral,Plus,7,4,222,49.61,0.253,0,3,0.184,3.7,75.41,1
KL101623,DE,Social,Plus,21,2,244,51.79,0.743,1,0,0.284,3.9,39.36,0
KL101624,DE,Social,Premium,2,4,148,64.23,0.643,3,3,0.223,3.4,97.63,0
KL101625,AT,Social,Plus,19,7,154,54.02,0.369,2,1,0.371,4.2,143.69,0
KL101626,DE,Organic,Basic,7,2,167,35.67,0.445,0,0,0.414,4.2,27.11,0
KL101627,DE,Paid Search,Premium,24,8,162,54.44,0.559,1,4,0.752,3.0,165.5,1
KL101628,DE,Referral,Premium,23,5,166,74.06,0.368,2,0,0.629,4.1,140.71,0
KL101629,DE,Social,Plus,18,6,161,48.47,0.679,3,0,0.37,4.7,110.51,0
KL101630,DE,Social,Plus,13,2,196,57.37,0.864,4,1,0.141,3.6,43.6,0
KL101631,CH,Referral,Plus,5,3,186,44.13,0.413,0,0,0.271,3.4,50.31,0
KL101632,AT,Organic,Basic,18,6,260,42.18,0.044,0,1,0.331,4.2,96.17,1
KL101633,AT,Organic,Premium,1,4,120,51.14,0.376,2,1,0.35,3.4,77.73,0
KL101634,Other,Social,Premium,10,6,166,61.45,0.4,4,0,0.295,4.0,140.11,0
KL101635,DE,Organic,Plus,12,3,143,26.15,0.287,1,0,0.128,4.2,29.81,0
KL101636,DE,Paid Search,Basic,3,2,209,25.54,0.51,2,0,0.321,,19.41,0
KL101637,Other,Social,Basic,7,3,146,29.33,0.589,1,2,0.208,3.0,33.44,1
KL101638,DE,Paid Search,Premium,34,7,161,64.8,0.329,1,1,0.637,4.5,172.37,0
KL101639,AT,Organic,Premium,44,11,106,72.45,0.506,5,1,0.408,3.7,302.84,0
KL101640,AT,Social,Plus,12,7,201,61.83,0.303,3,0,0.159,5.0,164.47,0
KL101641,DE,Organic,Premium,72,9,96,62.13,0.246,0,2,0.05,4.0,212.48,0
KL101642,DE,Referral,Plus,8,4,140,52.18,,3,0,0.33,4.9,79.31,0
KL101643,DE,Organic,Premium,21,4,148,70.69,0.686,2,0,0.472,4.6,107.45,0
KL101644,DE,Social,Basic,3,4,201,30.98,0.243,0,0,0.809,4.0,47.09,1
KL101645,DE,Paid Search,Basic,72,5,187,34.85,0.139,2,1,0.136,4.1,66.22,0
KL101646,DE,Paid Search,Plus,16,2,193,39.27,0.28,0,1,0.355,3.9,29.85,1
KL101647,CH,Paid Search,Basic,12,1,234,36.45,0.615,2,2,0.384,4.6,13.85,1
KL101648,CH,Organic,Basic,17,0,140,16.46,0.585,1,1,0.904,3.5,6.25,0
KL101649,CH,Paid Search,Plus,52,8,147,43.27,0.429,2,0,0.491,4.4,131.54,0
KL101650,DE,Social,Basic,39,2,203,25.56,0.861,2,3,0.18,3.3,19.43,0
KL101651,DE,Social,Plus,9,2,210,61.91,0.603,1,1,0.609,4.5,47.05,1
KL101652,DE,Organic,Basic,6,4,190,19.39,0.742,1,0,0.408,4.8,29.47,0
KL101653,DE,Social,Plus,2,2,212,45.95,0.227,1,2,0.541,4.3,34.92,1
KL101654,Other,Social,Basic,39,3,211,38.12,0.619,3,0,0.255,4.3,43.46,0
KL101655,DE,Social,Plus,5,4,256,37.52,0.568,2,1,0.479,5.0,57.03,1
KL101656,DE,Paid Search,Plus,7,4,212,42.31,0.334,3,0,0.188,5.0,64.31,0
KL101657,CH,Organic,Basic,8,2,151,23.95,0.359,3,1,0.119,3.4,18.2,0
KL101658,DE,Referral,Basic,3,2,233,24.54,0.342,1,2,0.456,2.8,18.65,1
KL101659,DE,Paid Search,Basic,9,1,206,41.52,0.039,0,1,0.592,4.0,15.78,1
KL101660,DE,Paid Search,Basic,27,4,167,12.92,0.553,0,2,0.32,3.9,19.64,0
KL101661,AT,Social,Basic,20,4,137,30.22,0.238,1,0,0.12,4.8,45.93,0
KL101662,CH,Organic,Basic,12,2,193,11.33,0.439,1,0,0.557,5.0,8.61,1
KL101663,DE,Social,Plus,20,4,194,49.64,0.29,1,1,0.239,4.0,75.45,0
KL101664,CH,Organic,Basic,32,7,190,24.95,0.517,2,1,0.189,4.1,66.37,0
KL101665,CH,Social,Basic,3,0,181,14.22,0.622,2,1,0.565,3.3,5.4,1
KL101666,CH,Referral,Basic,11,6,157,26.85,0.435,2,0,0.558,4.0,61.22,0
KL101667,DE,Referral,Basic,10,2,186,18.36,0.276,1,0,0.18,4.6,13.95,0
KL101668,DE,Referral,Plus,21,8,136,49.97,0.492,2,1,0.197,4.1,151.91,0
KL101669,CH,Social,Plus,2,5,126,50.35,0.631,5,1,0.132,3.5,95.66,0
KL101670,DE,Organic,Plus,31,6,134,32.89,0.532,4,1,0.327,4.0,74.99,0
KL101671,DE,Referral,Basic,7,3,185,32.39,0.127,0,0,0.03,4.7,36.92,1
KL101672,AT,Referral,Basic,7,2,226,22.87,0.395,1,1,0.147,3.6,17.38,1
KL101673,DE,Paid Search,Basic,9,2,195,25.72,0.222,1,0,0.324,4.5,19.55,0
KL101674,CH,Paid Search,Plus,12,4,146,57.98,0.332,2,0,0.301,4.3,88.13,0
KL101675,Other,Organic,Basic,38,6,162,25.03,0.73,7,1,0.312,4.8,57.07,0
KL101676,AT,Paid Search,Plus,4,4,144,53.76,0.43,3,0,0.41,4.9,81.72,0
KL101677,DE,Social,Plus,4,6,198,56.19,0.163,2,0,0.205,2.9,128.11,0
KL101678,CH,Paid Search,Plus,45,6,224,39.53,0.276,0,3,0.365,3.8,90.13,0
KL101679,DE,Paid Search,Plus,46,5,183,44.34,0.456,2,1,0.434,3.9,84.25,0
KL101680,AT,Paid Search,Premium,32,7,187,61.31,0.116,0,2,0.347,3.3,163.08,1
KL101681,CH,Organic,Basic,3,3,171,28.23,0.552,3,0,0.375,4.2,32.18,0
KL101682,AT,Referral,Basic,10,1,220,33.38,0.359,5,1,0.45,4.1,12.68,0
KL101683,DE,Organic,Premium,6,3,193,64.44,0.646,4,0,0.058,4.5,73.46,0
KL101684,DE,Organic,Plus,2,9,181,45.26,0.294,3,1,0.519,4.0,154.79,0
KL101685,DE,Organic,Basic,9,3,174,22.57,0.597,3,2,0.128,3.3,25.73,0
KL101686,DE,Social,Basic,72,10,135,20.95,0.645,0,1,0.027,4.1,79.61,0
KL101687,DE,Social,Basic,16,1,172,25.19,0.61,3,1,0.542,4.3,9.57,1
KL101688,DE,Organic,Plus,9,6,193,43.28,0.402,0,0,0.231,4.6,98.68,0
KL101689,DE,Organic,Basic,4,3,172,38.47,0.848,3,0,0.686,4.9,43.86,1
KL101690,CH,Paid Search,Basic,1,2,191,26.68,0.25,0,1,0.703,4.6,20.28,1
KL101691,CH,Organic,Basic,4,4,155,31.43,0.528,1,0,0.296,5.0,47.77,1
KL101692,DE,Social,Premium,3,6,163,57.62,0.464,0,1,0.351,3.9,131.37,1
KL101693,AT,Organic,Plus,20,2,227,49.02,0.834,1,0,0.234,5.0,37.26,0
KL101694,AT,Paid Search,Basic,6,4,198,25.03,0.601,6,1,0.316,4.9,38.05,0
KL101695,DE,Paid Search,Premium,23,7,207,63.37,0.351,2,0,0.236,4.0,168.56,0
KL101696,DE,Paid Search,Basic,54,13,91,28.63,0.427,0,0,0.54,4.2,141.43,0
KL101697,CH,Paid Search,Plus,14,6,170,37.8,0.359,3,0,0.501,3.9,86.18,0
KL101698,Other,Organic,Plus,6,8,194,33.26,0.478,1,1,0.15,3.5,101.11,1
KL101699,AT,Organic,Basic,7,5,145,31.79,0.082,2,1,0.597,4.0,60.4,0
KL101700,CH,Organic,Plus,24,10,180,49.4,0.097,1,1,0.42,3.2,187.72,0
KL101701,Other,Organic,Premium,2,5,231,54.47,0.095,0,0,0.059,3.4,103.49,0
KL101702,DE,Referral,Basic,3,3,155,30.13,0.417,3,0,0.632,4.6,34.35,0
KL101703,AT,Organic,Basic,17,2,287,30.01,0.383,0,1,0.234,3.7,22.81,1
KL101704,DE,Organic,Plus,20,2,193,39.25,0.233,1,0,0.158,5.0,29.83,0
KL101705,Other,Organic,Basic,38,3,135,25.22,0.787,7,0,0.544,3.8,28.75,0
KL101706,DE,Social,Plus,36,6,132,50.7,0.163,0,1,0.66,4.0,115.6,0
KL101707,DE,Referral,Basic,4,3,189,45.48,0.231,0,0,0.134,3.6,51.85,1
KL101708,CH,Social,Plus,10,9,132,52.53,0.255,1,0,0.049,4.7,179.65,0
KL101709,DE,Paid Search,Plus,2,3,167,46.46,0.214,0,0,0.577,3.7,52.96,0
KL101710,CH,Social,Premium,5,6,127,74.58,0.37,2,1,0.243,4.4,170.04,0
KL101711,DE,Paid Search,Basic,12,3,145,31.91,0.359,2,0,0.099,4.1,36.38,0
KL101712,Other,Social,Premium,11,2,260,59.63,0.164,0,1,0.399,4.9,45.32,1
KL101713,CH,Social,Plus,8,6,183,45.02,0.595,2,1,0.29,,102.65,0
KL101714,DE,Organic,Plus,12,3,229,31.35,0.116,0,1,0.239,4.8,35.74,1
KL101715,CH,Paid Search,Plus,12,7,129,36.15,0.173,0,1,0.829,3.5,96.16,0
KL101716,DE,Organic,Basic,12,3,180,35.62,0.113,1,0,0.203,4.9,40.61,1
KL101717,DE,Organic,Plus,45,8,119,40.56,0.784,2,3,0.184,3.0,123.3,0
KL101718,AT,Social,Basic,5,3,177,21.44,0.719,2,1,0.318,4.6,24.44,0
KL101719,CH,Organic,Basic,12,4,224,23.24,0.334,2,0,0.242,5.0,35.32,1
KL101720,DE,Social,Plus,14,3,179,32.29,0.369,0,0,0.061,4.5,36.81,0
KL101721,DE,Referral,Basic,15,4,183,30.63,0.108,0,0,0.407,4.5,46.56,1
KL101722,AT,Paid Search,Plus,2,2,179,38.63,0.101,0,0,0.197,4.3,29.36,1
KL101723,DE,Paid Search,Basic,52,8,181,26.07,,1,0,0.377,3.7,79.25,0
KL101724,DE,Paid Search,Basic,37,5,159,31.34,0.571,4,0,0.405,3.8,59.55,0
KL101725,DE,Social,Plus,10,4,231,44.75,,5,0,0.136,4.3,68.02,0
KL101726,DE,Organic,Basic,6,0,206,18.53,0.615,1,1,0.375,3.3,7.04,1
KL101727,CH,Organic,Premium,18,6,257,55.79,0.199,1,1,0.213,4.5,127.2,1
KL101728,DE,Paid Search,Premium,34,6,214,64.45,0.491,4,1,0.327,4.6,146.95,0
KL101729,DE,Referral,Basic,72,6,170,33.21,0.267,0,2,0.653,,75.72,0
KL101730,Other,Organic,Basic,2,2,206,22.65,,0,1,0.269,3.9,17.21,1
KL101731,DE,Paid Search,Basic,4,2,252,23.77,0.511,1,1,0.367,4.1,18.07,1
KL101732,AT,Referral,Plus,35,7,175,43.13,0.124,0,0,0.915,5.0,114.73,1
KL101733,DE,Organic,Basic,32,2,225,28.99,0.528,1,0,0.169,4.1,22.03,0
KL101734,CH,Organic,Premium,3,4,262,64.59,0.446,0,1,0.289,4.0,98.18,1
KL101735,AT,Paid Search,Premium,62,10,147,68.07,0.42,4,0,0.136,4.1,258.67,0
KL101736,CH,Organic,Basic,72,5,106,20.75,0.145,0,2,0.235,3.3,39.42,0
KL101737,DE,Organic,Plus,44,9,154,54.11,0.745,3,0,0.157,4.2,185.06,0
KL101738,DE,Paid Search,Basic,16,5,221,25.6,0.168,2,2,0.142,3.5,48.64,1
KL101739,CH,Social,Plus,15,3,207,55.45,0.361,1,0,0.237,4.3,63.21,0
KL101740,DE,Paid Search,Basic,2,3,155,10.59,0.624,3,0,0.121,4.8,12.07,0
KL101741,DE,Paid Search,Plus,41,3,193,28.45,0.386,4,1,0.617,3.7,32.43,0
KL101742,DE,Paid Search,Basic,35,1,264,27.34,0.313,1,1,0.558,4.1,10.39,1
KL101743,Other,Social,Premium,8,10,90,73.01,0.204,1,2,0.535,4.5,277.44,0
KL101744,AT,Social,Basic,49,7,104,29.87,0.534,5,0,0.555,5.0,79.45,0
KL101745,AT,Social,Plus,5,1,183,41.14,0.51,1,1,0.368,3.5,15.63,0
KL101746,AT,Social,Premium,5,6,212,67.28,0.443,2,0,0.31,3.9,153.4,0
KL101747,DE,Referral,Plus,30,4,116,41.83,0.562,2,0,0.428,4.4,63.58,0
KL101748,DE,Social,Plus,22,7,168,57.7,,2,1,0.341,3.8,153.48,0
KL101749,DE,Organic,Basic,9,3,213,23.88,,1,0,0.341,4.2,27.22,0
KL101750,AT,Referral,Basic,40,7,164,38.2,0.384,1,1,0.273,4.3,101.61,0
KL101751,DE,Referral,Basic,32,7,112,22.08,0.413,4,1,0.313,4.7,58.73,0
KL101752,CH,Organic,Premium,6,9,153,62.65,0.49,2,1,0.161,3.2,214.26,0
KL101753,CH,Organic,Basic,33,5,142,20.23,0.219,1,0,0.386,4.4,38.44,0
KL101754,DE,Paid Search,Basic,19,1,217,34.82,0.743,3,1,0.247,4.4,13.23,1
KL101755,DE,Paid Search,Plus,11,3,165,51.7,0.193,0,1,0.221,3.6,58.94,0
KL101756,DE,Social,Basic,30,7,176,26.61,0.215,2,0,0.1,4.4,70.78,0
KL101757,Other,Paid Search,Premium,1,7,162,69.36,0.103,1,0,0.467,4.2,184.5,0
KL101758,CH,Organic,Basic,5,2,160,29.02,0.575,2,1,0.262,3.4,22.06,0
KL101759,Other,Organic,Basic,15,5,199,32.75,0.273,2,2,0.56,2.2,62.22,0
KL101760,DE,Referral,Plus,16,4,183,51.46,0.685,3,1,0.294,4.0,78.22,0
KL101761,DE,Organic,Plus,16,5,191,32.86,0.704,3,1,0.256,3.8,62.43,0
KL101762,DE,Social,Premium,9,5,187,56.55,0.439,1,2,0.404,3.5,107.44,1
KL101763,DE,Organic,Basic,14,2,239,23.59,0.364,1,0,0.147,3.7,17.93,1
KL101764,DE,Paid Search,Basic,41,7,184,24.48,0.449,3,1,0.313,4.5,65.12,0
KL101765,DE,Paid Search,Basic,6,2,218,29.68,0.527,3,2,0.239,3.4,22.56,1
KL101766,Other,Organic,Basic,9,2,137,28.09,0.421,3,0,0.186,4.0,21.35,0
KL101767,DE,Social,Plus,10,2,189,40.4,0.268,1,1,0.366,,30.7,1
KL101768,DE,Social,Basic,19,4,96,27.41,0.62,0,1,0.323,4.4,41.66,0
KL101769,CH,Organic,Plus,9,8,103,43.78,0.357,0,2,0.218,3.8,133.09,0
KL101770,DE,Paid Search,Premium,3,7,201,58.87,0.404,2,1,0.233,4.5,156.59,0
KL101771,CH,Social,Basic,4,4,168,11.07,0.675,6,0,0.541,4.5,16.83,0
KL101772,AT,Social,Plus,8,3,232,34.75,0.79,2,3,0.511,4.4,39.62,0
KL101773,CH,Paid Search,Basic,10,2,172,36.87,0.357,2,0,0.602,4.9,28.02,0
KL101774,AT,Social,Plus,72,7,155,21.28,0.413,3,1,0.179,4.1,56.6,0
KL101775,DE,Organic,Basic,72,9,149,37.07,0.467,2,0,0.209,4.0,126.78,0
KL101776,AT,Organic,Plus,48,4,238,37.46,0.627,5,0,0.451,3.7,56.94,0
KL101777,DE,Social,Basic,43,2,235,34.81,0.231,2,0,0.544,4.5,26.46,1
KL101778,DE,Social,Basic,14,2,182,19.83,0.388,0,1,0.654,3.8,15.07,1
KL101779,DE,Social,Basic,6,0,199,8.0,0.679,6,0,0.469,4.8,3.04,1
KL101780,DE,Organic,Basic,28,6,174,21.13,0.523,1,0,0.49,4.0,48.18,0
KL101781,CH,Paid Search,Premium,56,5,259,63.94,,3,2,0.504,3.8,121.49,0
KL101782,DE,Social,Basic,17,4,187,31.1,0.297,0,0,0.593,4.4,47.27,1
KL101783,DE,Organic,Premium,17,11,100,53.69,0.342,2,0,0.444,4.4,224.42,0
KL101784,DE,Paid Search,Basic,8,3,165,31.02,0.29,1,1,0.139,4.1,35.36,0
KL101785,CH,Paid Search,Basic,11,6,162,28.22,0.207,1,1,0.491,4.5,64.34,0
KL101786,DE,Organic,Basic,21,4,196,23.06,0.284,3,1,0.488,4.1,35.05,1
KL101787,AT,Paid Search,Basic,4,1,177,28.93,0.3,0,0,0.215,4.2,10.99,0
KL101788,CH,Organic,Plus,45,2,234,42.72,0.721,5,1,0.658,3.4,32.47,0
KL101789,DE,Referral,Basic,4,6,146,32.21,0.222,0,1,0.025,4.4,73.44,0
KL101790,CH,Organic,Premium,34,6,214,66.61,0.574,3,0,0.019,4.1,151.87,0
KL101791,DE,Organic,Basic,4,5,186,28.84,0.553,4,0,0.299,4.3,54.8,0
KL101792,DE,Organic,Basic,10,2,189,43.82,0.508,0,3,0.376,3.1,33.3,1
KL101793,AT,Organic,Basic,46,5,78,12.44,0.374,2,1,0.114,3.5,23.64,0
KL101794,CH,Organic,Plus,59,8,140,31.58,0.367,2,0,0.272,3.9,96.0,0
KL101795,DE,Paid Search,Plus,49,5,177,50.72,0.254,0,1,0.128,4.0,96.37,0
KL101796,DE,Organic,Premium,7,8,155,53.27,0.186,1,1,0.237,3.8,161.94,0
KL101797,DE,Organic,Basic,14,2,222,35.17,0.331,2,0,0.425,3.9,26.73,1
KL101798,DE,Organic,Basic,34,4,172,30.56,0.099,0,0,0.051,4.7,46.45,0
KL101799,AT,Paid Search,Plus,72,10,158,31.54,0.454,3,1,0.27,4.5,119.85,0
KL101800,DE,Organic,Plus,3,4,154,49.92,0.473,2,0,0.242,4.6,75.88,0
KL101801,AT,Paid Search,Plus,1,0,253,51.51,0.059,0,1,0.301,4.1,19.57,1
KL101802,DE,Social,Basic,18,2,237,28.25,0.689,3,1,0.649,2.8,21.47,1
KL101803,AT,Social,Plus,2,7,173,41.21,0.536,3,0,0.508,4.1,109.62,0
KL101804,AT,Organic,Basic,27,7,189,38.38,0.414,0,0,0.278,4.8,102.09,0
KL101805,AT,Social,Premium,36,12,111,51.41,0.595,2,0,0.269,4.3,234.43,0
KL101806,DE,Social,Basic,14,4,180,33.56,0.605,6,0,0.282,4.5,51.01,0
KL101807,DE,Organic,Plus,11,4,178,30.47,,3,1,0.613,4.5,46.31,0
KL101808,DE,Paid Search,Basic,59,5,224,32.64,0.361,1,2,0.675,4.2,62.02,1
KL101809,DE,Social,Plus,34,7,169,40.97,0.595,6,0,0.447,4.7,108.98,0
KL101810,DE,Organic,Premium,11,7,135,64.73,0.071,0,0,0.091,5.0,172.18,0
KL101811,DE,Paid Search,Premium,28,6,168,78.17,0.293,3,1,0.287,3.7,178.23,0
KL101812,AT,Paid Search,Basic,40,4,169,15.47,0.524,1,0,0.325,4.4,23.51,0
KL101813,DE,Organic,Basic,13,6,176,33.75,0.457,2,1,0.363,3.9,76.95,0
KL101814,CH,Referral,Plus,20,5,172,41.43,0.396,0,0,0.445,3.7,78.72,0
KL101815,DE,Organic,Plus,39,3,147,42.8,0.544,2,0,0.174,4.2,48.79,0
KL101816,CH,Organic,Plus,28,9,109,48.87,0.711,1,0,0.297,4.4,167.14,0
KL101817,DE,Organic,Basic,8,4,173,34.46,0.396,2,1,0.545,4.2,52.38,0
KL101818,DE,Paid Search,Basic,8,1,258,32.98,0.533,0,0,0.182,4.8,12.53,1
KL101819,DE,Referral,Basic,27,4,122,21.04,0.213,2,0,0.349,3.8,31.98,0
KL101820,Other,Social,Plus,15,6,184,46.94,0.635,1,0,0.213,5.0,107.02,0
KL101821,DE,Referral,Basic,33,5,235,34.09,0.603,2,3,0.378,2.7,64.77,0
KL101822,DE,Paid Search,Basic,25,4,222,32.03,0.759,2,0,0.369,4.4,48.69,0
KL101823,DE,Paid Search,Plus,30,5,179,47.06,0.579,6,1,0.202,3.8,89.41,0
KL101824,AT,Paid Search,Plus,20,6,164,42.77,0.481,2,0,0.434,3.7,97.52,0
KL101825,DE,Organic,Premium,40,7,186,55.71,,3,1,0.521,4.4,148.19,0
KL101826,DE,Referral,Basic,17,3,249,24.76,,1,2,0.629,3.8,28.23,1
KL101827,DE,Paid Search,Basic,2,3,221,24.27,0.362,4,0,0.421,4.9,27.67,1
KL101828,Other,Paid Search,Plus,10,6,178,42.23,0.668,2,0,0.406,3.5,96.28,0
KL101829,DE,Paid Search,Basic,47,1,254,24.82,0.658,1,1,0.42,3.3,9.43,0
KL101830,DE,Social,Plus,5,3,202,56.45,0.357,2,1,0.081,3.9,64.35,1
KL101831,Other,Organic,Basic,33,10,143,31.64,0.673,1,2,0.22,4.3,120.23,0
KL101832,DE,Social,Plus,12,6,194,41.54,0.657,2,2,0.528,3.8,94.71,0
KL101833,DE,Social,Basic,6,2,182,30.27,0.223,2,0,0.619,4.1,23.01,0
KL101834,DE,Social,Plus,4,6,277,45.4,0.047,0,0,0.356,4.5,103.51,1
KL101835,DE,Organic,Plus,38,7,170,59.37,0.231,0,1,0.687,4.5,157.92,0
KL101836,DE,Organic,Basic,37,5,174,31.62,0.255,0,0,0.189,4.5,60.08,0
KL101837,DE,Paid Search,Basic,16,2,234,24.79,0.2,0,2,0.085,3.6,18.84,1
KL101838,CH,Social,Basic,18,6,210,19.82,0.499,1,0,0.445,4.2,45.19,0
KL101839,AT,Referral,Plus,22,5,156,43.84,0.517,1,0,0.336,4.2,83.3,0
KL101840,DE,Paid Search,Basic,33,5,120,44.42,0.384,0,1,0.298,3.9,84.4,0
KL101841,DE,Organic,Basic,12,2,192,26.76,0.41,1,1,0.293,4.5,20.34,1
KL101842,DE,Organic,Plus,23,3,206,34.54,0.8,1,1,0.78,3.3,39.38,0
KL101843,Other,Paid Search,Plus,4,3,170,49.95,0.336,2,1,0.455,4.2,56.94,0
KL101844,DE,Organic,Plus,16,6,171,42.97,0.757,3,2,0.404,3.9,97.97,0
KL101845,AT,Paid Search,Basic,8,6,168,14.96,0.463,2,2,0.08,3.6,34.11,0
KL101846,DE,Social,Premium,6,7,107,66.68,0.36,1,3,0.32,3.8,177.37,0
KL101847,AT,Paid Search,Basic,28,6,195,37.13,0.585,1,1,0.086,4.1,84.66,0
KL101848,DE,Paid Search,Basic,7,3,227,11.2,0.419,1,0,0.284,4.6,12.77,1
KL101849,AT,Organic,Plus,14,5,187,47.75,0.052,0,0,0.094,4.3,90.72,0
KL101850,DE,Organic,Basic,29,4,202,17.99,0.241,0,2,0.162,4.6,27.34,1
KL101851,CH,Social,Plus,10,4,165,40.37,0.11,1,1,0.36,3.4,61.36,0
KL101852,DE,Paid Search,Basic,6,2,200,24.21,0.293,2,1,0.36,3.4,18.4,1
KL101853,AT,Organic,Basic,3,2,228,36.89,0.156,2,1,0.262,3.2,28.04,1
KL101854,CH,Organic,Plus,37,1,164,49.99,0.207,0,3,0.413,4.2,19.0,0
KL101855,Other,Organic,Basic,28,3,160,17.17,,2,0,0.262,4.9,19.57,0
KL101856,DE,Social,Plus,17,4,138,26.08,0.673,4,1,0.23,4.6,39.64,0
KL101857,DE,Paid Search,Plus,3,3,255,29.89,0.55,0,1,0.325,3.0,34.07,1
KL101858,DE,Paid Search,Basic,5,1,202,31.4,0.31,0,3,0.243,4.0,11.93,1
KL101859,DE,Paid Search,Plus,3,2,254,23.74,0.736,1,3,0.412,3.4,18.04,1
KL101860,DE,Organic,Premium,2,3,193,59.85,0.047,0,1,0.557,3.8,68.23,1
KL101861,Other,Paid Search,Plus,34,5,243,49.44,0.533,3,1,0.178,4.2,93.94,0
KL101862,Other,Organic,Basic,5,4,231,32.79,0.821,3,0,0.231,4.7,49.84,0
KL101863,DE,Referral,Plus,3,7,140,28.43,0.258,0,0,0.332,3.1,75.62,0
KL101864,AT,Organic,Premium,36,4,192,66.59,0.21,0,0,0.624,4.6,101.22,1
KL101865,CH,Paid Search,Plus,7,3,161,34.34,0.248,1,0,0.4,4.8,39.15,0
KL101866,Other,Organic,Basic,48,6,195,22.83,0.241,1,4,0.38,2.5,52.05,1
KL101867,DE,Social,Basic,25,0,258,23.42,0.568,3,0,0.123,5.0,8.9,1
KL101868,DE,Organic,Plus,8,7,230,38.36,0.674,4,0,0.282,4.3,102.04,0
KL101869,CH,Referral,Plus,2,8,204,41.31,0.453,0,0,0.316,3.8,125.58,0
KL101870,DE,Organic,Premium,5,11,147,59.1,0.255,1,1,0.366,4.6,247.04,0
KL101871,DE,Social,Premium,9,4,200,59.42,0.722,2,0,0.028,5.0,90.32,0
KL101872,Other,Social,Basic,6,0,211,35.14,0.747,5,1,0.264,3.9,13.35,0
KL101873,Other,Organic,Plus,3,2,268,42.04,0.486,0,0,0.412,4.5,31.95,1
KL101874,CH,Organic,Basic,7,4,158,19.28,0.181,1,1,0.308,5.0,29.31,0
KL101875,CH,Paid Search,Basic,7,5,144,28.81,0.321,0,1,0.378,3.8,54.74,0
KL101876,DE,Social,Basic,7,6,134,16.11,0.317,0,1,0.353,3.4,36.73,1
KL101877,DE,Social,Premium,19,2,242,65.91,0.411,0,0,0.758,3.8,50.09,1
KL101878,DE,Organic,Basic,51,1,246,32.48,0.45,3,0,0.433,3.1,12.34,0
KL101879,DE,Paid Search,Basic,11,1,228,34.45,0.376,1,0,0.168,3.5,13.09,1
KL101880,DE,Organic,Basic,3,3,207,31.38,0.166,1,0,0.291,4.6,35.77,1
KL101881,AT,Organic,Basic,30,0,179,19.34,0.603,2,0,0.323,5.0,7.35,0
KL101882,DE,Social,Plus,18,7,173,37.47,,0,0,0.312,5.0,99.67,0
KL101883,AT,Paid Search,Basic,4,1,255,37.12,0.292,0,0,0.499,4.5,14.11,1
KL101884,DE,Organic,Basic,20,5,142,25.48,0.478,1,2,0.114,3.9,48.41,1
KL101885,DE,Social,Basic,23,5,137,27.31,0.754,1,0,0.283,5.0,51.89,0
KL101886,DE,Social,Plus,4,0,231,47.42,0.789,2,2,0.257,2.8,18.02,1
KL101887,DE,Social,Plus,8,5,207,54.06,0.324,0,0,0.167,4.3,102.71,0
KL101888,CH,Organic,Plus,13,4,217,41.39,0.334,1,1,0.275,3.6,62.91,1
KL101889,DE,Referral,Basic,9,1,254,24.88,0.654,1,0,0.128,4.3,9.45,1
KL101890,DE,Paid Search,Basic,3,0,226,43.16,0.595,2,0,0.69,3.3,16.4,1
KL101891,AT,Paid Search,Basic,39,1,154,43.73,0.087,0,1,0.511,4.5,16.62,1
KL101892,DE,Organic,Premium,4,3,214,65.3,0.434,2,2,0.262,4.0,74.44,0
KL101893,DE,Referral,Basic,3,4,230,28.15,0.481,4,3,0.298,4.1,42.79,0
KL101894,DE,Paid Search,Basic,16,6,150,35.26,0.153,0,0,0.347,4.3,80.39,0
KL101895,DE,Social,Premium,64,3,191,68.5,0.44,2,0,0.597,4.7,78.09,0
KL101896,AT,Social,Premium,26,14,32,65.23,0.504,3,0,0.382,4.9,347.02,0
KL101897,DE,Social,Basic,12,2,194,33.9,0.36,0,0,0.203,3.5,25.76,0
KL101898,DE,Social,Plus,11,7,220,36.82,0.426,4,0,0.437,4.4,97.94,0
KL101899,DE,Referral,Basic,19,10,124,36.91,0.47,4,0,0.807,4.6,140.26,0
KL101900,DE,Organic,Basic,37,7,127,33.31,0.252,2,0,0.251,3.6,88.6,0
KL101901,DE,Organic,Basic,59,6,241,31.63,0.734,4,2,0.31,3.9,72.12,0
KL101902,CH,Social,Premium,3,8,178,64.14,0.297,0,0,0.555,4.4,194.99,0
KL101903,DE,Paid Search,Basic,4,1,229,23.03,0.662,5,0,0.23,4.8,8.75,0
KL101904,DE,Paid Search,Plus,12,5,185,27.88,,0,1,0.337,4.6,52.97,0
KL101905,DE,Social,Basic,16,1,188,13.9,0.407,0,2,0.398,3.5,5.28,1
KL101906,DE,Paid Search,Plus,27,4,179,28.62,0.494,5,2,0.152,3.6,43.5,0
KL101907,DE,Social,Plus,13,1,270,51.78,0.426,1,2,0.036,3.2,19.68,1
KL101908,CH,Organic,Plus,20,5,156,36.74,0.225,1,1,0.338,4.2,69.81,1
KL101909,CH,Social,Premium,38,8,204,55.32,0.393,3,2,0.167,3.2,168.17,0
KL101910,DE,Organic,Plus,34,3,208,41.28,0.549,1,0,0.097,4.3,47.06,0
KL101911,DE,Paid Search,Plus,28,3,208,34.4,0.576,4,0,0.16,5.0,39.22,0
KL101912,CH,Referral,Basic,3,6,114,24.86,0.179,0,0,0.675,4.2,56.68,0
KL101913,DE,Organic,Premium,37,7,179,69.44,0.454,0,1,0.149,4.0,184.71,0
KL101914,DE,Organic,Basic,12,5,178,25.37,0.448,1,0,0.045,4.3,48.2,0
KL101915,DE,Organic,Basic,3,1,156,25.37,0.316,0,2,0.565,3.5,9.64,1
KL101916,AT,Paid Search,Plus,4,6,173,41.84,0.434,4,0,0.35,4.0,95.4,0
KL101917,AT,Paid Search,Basic,8,5,165,16.81,0.249,2,0,0.258,3.0,31.94,0
KL101918,DE,Organic,Plus,9,4,197,44.31,0.119,1,1,0.113,3.6,67.35,1
KL101919,Other,Referral,Basic,18,8,126,39.41,0.676,5,0,0.306,3.3,119.81,0
KL101920,DE,Organic,Basic,72,4,152,25.07,0.825,4,1,0.341,4.6,38.11,0
KL101921,DE,Paid Search,Premium,6,5,183,65.79,0.453,2,0,0.202,3.7,125.0,0
KL101922,DE,Paid Search,Premium,25,3,182,58.31,0.765,4,0,0.135,3.9,66.47,0
KL101923,DE,Organic,Basic,27,8,144,22.23,0.232,1,0,0.064,,67.58,0
KL101924,DE,Organic,Premium,43,13,73,72.87,0.404,1,0,0.834,5.0,359.98,0
KL101925,DE,Referral,Basic,10,4,186,29.29,0.417,2,2,0.114,3.7,44.52,0
KL101926,DE,Social,Basic,19,3,218,33.3,0.239,2,0,0.093,4.4,37.96,0
KL101927,AT,Organic,Premium,6,6,182,67.14,0.334,0,1,0.218,2.9,153.08,0
KL101928,DE,Social,Plus,8,4,175,40.75,0.56,4,0,0.405,5.0,61.94,0
KL101929,DE,Paid Search,Plus,6,6,115,51.7,0.313,4,0,0.251,4.9,117.88,0
KL101930,AT,Organic,Basic,25,2,174,13.72,0.305,1,0,0.209,4.4,10.43,0
KL101931,DE,Social,Basic,43,1,186,21.53,0.742,2,1,0.104,4.6,8.18,0
KL101932,CH,Paid Search,Basic,16,4,217,24.96,0.249,0,0,0.259,3.3,37.94,0
KL101933,CH,Organic,Premium,4,12,152,65.36,0.53,4,0,0.246,5.0,298.04,0
KL101934,AT,Social,Basic,29,8,167,25.62,0.67,4,0,0.249,3.6,77.88,0
KL101935,DE,Organic,Basic,28,2,192,29.67,0.128,0,0,0.261,4.2,22.55,0
KL101936,DE,Organic,Basic,3,2,250,38.95,0.447,2,0,0.533,5.0,29.6,0
KL101937,DE,Organic,Plus,51,2,226,32.79,0.466,4,0,0.159,5.0,24.92,0
KL101938,DE,Social,Basic,12,4,115,40.19,0.634,2,0,0.352,4.5,61.09,0
KL101939,DE,Social,Plus,2,4,243,40.26,0.745,6,1,0.379,5.0,61.2,0
KL101940,DE,Referral,Plus,28,6,166,43.55,0.438,2,1,0.561,4.5,99.29,0
KL101941,DE,Organic,Basic,5,2,237,28.19,0.573,2,0,0.577,4.1,21.42,0
KL101942,DE,Social,Basic,52,5,196,30.23,0.209,1,1,0.42,4.2,57.44,0
KL101943,DE,Paid Search,Basic,4,2,159,37.62,0.283,2,2,0.445,4.7,28.59,1
KL101944,CH,Organic,Plus,17,10,124,32.81,0.279,1,0,0.171,3.6,124.68,0
KL101945,Other,Organic,Plus,29,5,113,36.25,0.456,4,2,0.701,3.7,68.88,0
KL101946,DE,Social,Basic,2,1,185,33.02,0.687,5,0,0.244,5.0,12.55,0
KL101947,Other,Organic,Plus,51,8,161,35.59,0.612,1,1,0.563,3.9,108.19,0
KL101948,DE,Paid Search,Basic,33,3,198,13.05,0.585,3,0,0.57,4.4,14.88,0
KL101949,Other,Paid Search,Premium,2,10,117,70.17,,4,1,0.622,3.5,266.65,0
KL101950,Other,Organic,Premium,54,7,155,58.83,0.375,4,1,0.275,4.5,156.49,0
KL101951,DE,Referral,Plus,7,2,208,49.04,0.541,0,1,0.337,4.1,37.27,1
KL101952,CH,Social,Basic,34,1,236,24.41,0.133,1,2,0.699,4.7,9.28,1
KL101953,Other,Paid Search,Basic,49,5,158,37.13,0.607,6,1,0.285,,70.55,0
KL101954,CH,Social,Premium,17,8,151,67.04,0.603,1,1,0.515,3.7,203.8,0
KL101955,Other,Paid Search,Basic,2,2,160,22.41,0.667,1,2,0.189,4.5,17.03,0
KL101956,DE,Social,Plus,41,8,113,32.2,0.284,2,1,0.647,4.7,97.89,0
KL101957,DE,Organic,Premium,72,12,164,63.14,0.596,1,0,0.671,3.8,287.92,0
KL101958,CH,Paid Search,Plus,11,2,258,42.45,0.205,0,1,0.592,5.0,32.26,1
KL101959,DE,Organic,Plus,9,6,179,36.87,0.601,4,0,0.149,4.9,84.06,0
KL101960,DE,Paid Search,Plus,5,4,177,31.66,0.141,0,3,0.498,3.6,48.12,1
KL101961,DE,Paid Search,Premium,30,7,148,63.17,0.249,0,0,0.266,4.1,168.03,0
KL101962,DE,Organic,Basic,18,3,239,40.29,0.42,2,0,0.157,4.9,45.93,0
KL101963,DE,Referral,Premium,3,5,44,66.98,0.861,2,2,0.228,4.4,127.26,0
KL101964,AT,Organic,Basic,6,1,292,22.82,0.837,3,0,0.492,4.1,8.67,1
KL101965,DE,Organic,Plus,8,2,207,43.17,0.366,2,0,0.532,3.2,32.81,0
KL101966,AT,Paid Search,Premium,1,3,107,70.04,0.568,3,1,0.536,5.0,79.85,0
KL101967,CH,Paid Search,Plus,15,3,282,34.59,0.326,1,1,0.402,4.7,39.43,1
KL101968,DE,Organic,Basic,3,5,96,25.94,0.633,5,0,0.461,4.5,49.29,0
KL101969,DE,Paid Search,Basic,20,3,117,26.82,0.569,4,1,0.233,3.4,30.57,0
KL101970,DE,Social,Plus,8,6,141,38.79,0.828,3,0,0.677,4.9,88.44,0
KL101971,Other,Organic,Plus,6,3,190,32.14,0.281,0,0,0.273,4.3,36.64,0
KL101972,AT,Referral,Basic,13,1,254,33.29,0.323,1,0,0.229,3.8,12.65,1
KL101973,DE,Organic,Premium,2,4,176,48.15,0.306,2,2,0.393,2.9,73.19,1
KL101974,DE,Social,Premium,5,7,136,59.73,,2,1,0.564,4.5,158.88,0
KL101975,DE,Organic,Premium,4,11,121,59.19,0.294,0,0,0.291,5.0,247.41,0
KL101976,DE,Social,Plus,38,7,153,37.53,0.571,2,0,0.406,5.0,99.83,0
KL101977,Other,Social,Premium,35,5,230,76.68,0.468,4,0,0.148,4.5,145.69,0
KL101978,AT,Organic,Premium,9,8,193,62.53,0.337,2,2,0.171,3.8,190.09,0
KL101979,DE,Organic,Basic,2,4,167,36.52,0.24,0,0,0.194,4.7,55.51,0
KL101980,CH,Organic,Premium,24,4,176,66.07,0.333,1,1,0.281,4.2,100.43,0
KL101981,DE,Organic,Plus,12,6,107,45.58,0.4,2,1,0.485,3.8,103.92,0
KL101982,CH,Referral,Premium,8,8,178,62.63,0.619,3,0,0.465,3.8,190.4,0
KL101983,DE,Paid Search,Plus,5,5,178,47.79,0.266,1,0,0.173,4.4,90.8,0
KL101984,DE,Paid Search,Plus,7,3,210,37.07,0.738,1,0,0.477,,42.26,1
KL101985,Other,Referral,Basic,51,6,194,24.44,0.887,3,3,0.337,3.7,55.72,0
KL101986,DE,Social,Basic,18,1,266,23.84,0.489,1,0,0.162,4.1,9.06,1
KL101987,AT,Social,Basic,14,3,182,19.63,0.069,1,2,0.427,3.7,22.38,1
KL101988,Other,Organic,Plus,16,4,190,41.83,0.445,2,0,0.252,4.2,63.58,0
KL101989,DE,Organic,Premium,2,4,243,71.94,0.527,4,0,0.274,4.7,109.35,0
KL101990,DE,Organic,Basic,36,3,190,25.29,0.04,0,0,0.399,,28.83,0
KL101991,AT,Paid Search,Basic,11,2,201,21.61,0.166,0,3,0.245,,16.42,1
KL101992,DE,Paid Search,Plus,30,9,240,57.6,0.145,1,1,0.244,4.2,196.99,0
KL101993,DE,Organic,Basic,10,3,194,24.88,0.049,0,2,0.056,3.3,28.36,1
KL101994,DE,Paid Search,Basic,13,1,273,33.85,0.597,1,0,0.103,4.9,12.86,0
KL101995,AT,Paid Search,Basic,13,3,176,28.04,0.181,0,2,0.408,4.6,31.97,0
KL101996,DE,Organic,Plus,1,1,196,50.61,0.099,0,0,0.288,4.2,19.23,1
KL101997,DE,Organic,Plus,8,4,118,41.59,0.594,1,0,0.726,3.9,63.22,0
KL101998,CH,Paid Search,Premium,2,3,217,64.61,0.284,0,1,0.601,4.3,73.66,1
KL101999,DE,Paid Search,Basic,66,3,221,27.54,0.359,2,0,0.105,5.0,31.4,0
KL102000,CH,Social,Basic,12,3,199,25.96,0.442,3,1,0.239,4.2,29.59,1
KL102001,DE,Social,Plus,27,6,188,42.5,0.233,0,2,0.364,4.0,96.9,0
KL102002,Other,Organic,Premium,23,11,163,58.84,0.763,2,1,0.449,3.2,245.95,0
KL102003,AT,Organic,Basic,14,2,152,31.97,0.479,0,1,0.038,3.8,24.3,0
KL102004,DE,Organic,Premium,30,7,166,86.7,0.465,4,0,0.159,4.8,230.62,0
KL102005,CH,Organic,Plus,32,5,238,34.52,0.318,1,3,0.134,2.9,65.59,1
KL102006,DE,Paid Search,Premium,19,5,170,67.53,0.533,3,0,0.31,4.3,128.31,0
KL102007,DE,Referral,Basic,4,2,156,28.13,0.442,2,2,0.589,3.7,21.38,1
KL102008,DE,Organic,Basic,10,1,250,18.94,0.794,2,1,0.189,3.7,7.2,0
KL102009,AT,Organic,Basic,7,1,217,34.25,0.754,2,4,0.447,3.3,13.02,1
KL102010,DE,Social,Plus,61,5,179,38.45,0.385,0,0,0.506,4.8,73.06,0
KL102011,DE,Paid Search,Premium,4,4,174,59.5,0.383,1,0,0.486,5.0,90.44,0
KL102012,DE,Organic,Basic,19,5,212,38.94,0.661,5,1,0.278,4.5,73.99,0
KL102013,DE,Organic,Basic,31,6,153,25.27,0.672,2,1,0.278,3.7,57.62,0
KL102014,DE,Referral,Basic,8,3,247,37.34,0.798,1,1,0.628,4.3,42.57,0
KL102015,DE,Organic,Plus,2,3,199,46.32,0.224,2,3,0.655,3.4,52.8,1
KL102016,DE,Paid Search,Premium,7,4,223,65.76,0.522,2,2,0.189,4.2,99.96,1
KL102017,DE,Social,Basic,11,8,187,33.09,0.424,2,0,0.248,,100.59,0
KL102018,DE,Organic,Plus,5,4,147,48.29,0.245,0,0,0.046,3.8,73.4,0
KL102019,DE,Social,Plus,11,3,213,40.6,0.383,2,0,0.119,4.4,46.28,1
KL102020,AT,Organic,Premium,21,12,115,62.06,0.405,1,1,0.449,4.5,282.99,0
KL102021,DE,Organic,Plus,30,3,219,48.86,0.487,0,1,0.096,4.1,55.7,0
KL102022,DE,Organic,Basic,2,1,210,50.23,0.455,2,1,0.166,4.5,19.09,1
KL102023,DE,Referral,Plus,21,8,90,29.03,0.372,1,3,0.318,2.4,88.25,0
KL102024,DE,Organic,Plus,14,5,208,33.08,0.41,1,1,0.332,3.8,62.85,1
KL102025,DE,Organic,Premium,17,6,94,57.29,0.244,0,3,0.315,3.9,130.62,0
KL102026,CH,Referral,Plus,9,4,193,39.4,0.575,3,0,0.204,3.9,59.89,0
KL102027,DE,Organic,Basic,61,8,222,20.2,0.719,0,1,0.543,4.1,61.41,0
KL102028,DE,Social,Plus,2,4,237,46.9,0.781,5,0,0.282,,71.29,1
KL102029,DE,Social,Plus,6,3,210,30.42,0.317,0,0,0.129,,34.68,0
KL102030,DE,Paid Search,Basic,8,3,178,24.58,0.578,3,0,0.083,3.8,28.02,1
KL102031,DE,Social,Premium,15,3,194,61.04,0.106,0,1,0.498,4.0,69.59,1
KL102032,DE,Social,Basic,59,5,217,35.96,0.633,0,0,0.452,4.4,68.32,0
KL102033,DE,Organic,Premium,5,3,168,64.61,0.292,2,1,0.352,,73.66,0
KL102034,DE,Referral,Basic,12,5,195,17.29,0.109,1,0,0.469,,32.85,1
KL102035,CH,Referral,Basic,25,2,174,30.37,0.699,4,0,0.352,4.6,23.08,0
KL102036,Other,Referral,Plus,3,3,186,34.59,0.466,1,0,0.256,4.5,39.43,0
KL102037,DE,Paid Search,Plus,14,7,147,32.46,0.208,1,1,0.191,3.9,86.34,1
KL102038,DE,Paid Search,Premium,34,5,194,73.87,0.695,3,0,0.48,4.0,140.35,0
KL102039,CH,Paid Search,Plus,31,8,175,38.55,0.471,4,1,0.352,4.0,117.19,1
KL102040,DE,Organic,Basic,11,3,271,31.92,0.246,2,1,0.292,4.8,36.39,1
KL102041,CH,Paid Search,Premium,35,8,151,61.19,0.49,1,0,0.158,4.4,186.02,0
KL102042,AT,Paid Search,Plus,4,5,191,43.97,0.31,1,2,0.363,3.3,83.54,0
KL102043,Other,Social,Basic,1,1,253,39.19,0.468,4,0,0.096,3.7,14.89,1
KL102044,Other,Organic,Premium,10,4,187,66.51,0.182,1,0,0.161,4.0,101.1,0
KL102045,DE,Paid Search,Basic,3,4,191,25.12,0.663,1,0,0.752,3.6,38.18,0
KL102046,DE,Paid Search,Basic,11,2,225,17.46,0.191,0,3,0.681,2.6,13.27,1
KL102047,DE,Paid Search,Plus,7,3,172,49.12,0.293,0,0,0.031,4.1,56.0,1
KL102048,DE,Referral,Plus,61,4,195,45.85,0.057,0,0,0.539,3.9,69.69,0
KL102049,DE,Social,Plus,4,2,176,44.6,0.561,1,2,0.513,3.6,33.9,0
KL102050,Other,Organic,Premium,10,1,201,64.36,0.548,0,2,0.451,3.9,24.46,1
KL102051,DE,Organic,Basic,21,6,247,36.99,0.58,1,1,0.459,4.5,84.34,0
KL102052,DE,Social,Premium,9,10,135,61.5,0.402,3,1,0.273,3.5,233.7,0
KL102053,CH,Paid Search,Basic,42,4,196,32.41,0.077,0,0,0.443,5.0,49.26,0
KL102054,DE,Social,Basic,44,2,111,42.54,0.172,0,0,0.014,5.0,32.33,0
KL102055,DE,Organic,Basic,12,1,227,28.64,0.344,2,0,0.225,4.4,10.88,1
KL102056,Other,Organic,Basic,4,2,273,25.3,0.527,2,2,0.249,3.5,19.23,1
KL102057,DE,Paid Search,Basic,46,5,150,23.56,0.329,3,2,0.656,3.8,44.76,1
KL102058,DE,Social,Premium,11,4,226,60.46,0.404,2,1,0.356,4.2,91.9,0
KL102059,DE,Referral,Plus,19,3,174,42.29,0.55,2,2,0.565,4.0,48.21,1
KL102060,Other,Referral,Plus,6,4,130,55.24,0.311,1,1,0.395,3.3,83.96,1
KL102061,DE,Paid Search,Basic,54,4,173,31.46,0.538,2,0,0.285,3.9,47.82,0
KL102062,DE,Social,Premium,16,7,140,66.63,0.477,1,1,0.194,4.0,177.24,0
KL102063,DE,Organic,Basic,72,6,176,29.16,0.329,0,1,0.276,4.0,66.48,0
KL102064,DE,Paid Search,Plus,3,6,161,29.59,0.233,1,1,0.378,4.2,67.47,0
KL102065,Other,Referral,Plus,9,4,153,41.22,0.418,1,1,0.57,3.7,62.65,0
KL102066,DE,Paid Search,Basic,32,5,199,20.59,0.715,2,0,0.615,4.9,39.12,0
KL102067,Other,Referral,Plus,3,5,221,54.04,0.346,3,1,0.48,,102.68,1
KL102068,DE,Organic,Premium,1,6,195,58.02,0.353,1,3,0.356,4.1,132.29,1
KL102069,DE,Organic,Basic,19,3,202,17.32,0.766,5,0,0.266,4.1,19.74,0
KL102070,CH,Paid Search,Plus,3,7,161,28.22,0.362,1,1,0.373,4.5,75.07,0
KL102071,DE,Referral,Premium,30,6,192,58.81,0.595,2,1,0.295,4.0,134.09,0
KL102072,DE,Organic,Basic,46,2,185,8.0,0.13,1,1,0.362,3.9,6.08,1
KL102073,CH,Social,Basic,14,2,233,29.49,0.238,1,2,0.26,3.1,22.41,1
KL102074,DE,Organic,Basic,3,0,175,29.88,0.561,2,2,0.088,3.5,11.35,0
KL102075,DE,Social,Plus,12,11,71,33.29,0.259,1,0,0.056,3.7,139.15,0
KL102076,Other,Paid Search,Basic,19,2,225,34.9,0.319,1,2,0.277,3.3,26.52,1
KL102077,DE,Organic,Basic,57,7,126,26.66,0.378,2,0,0.354,4.1,70.92,0
KL102078,DE,Social,Basic,4,1,186,26.77,0.316,2,0,0.146,4.7,10.17,0
KL102079,DE,Social,Premium,1,7,128,71.94,0.185,0,1,0.113,4.3,191.36,0
KL102080,DE,Paid Search,Premium,4,11,153,74.05,0.268,1,1,0.741,4.2,309.53,0
KL102081,DE,Organic,Plus,10,2,176,33.86,0.362,1,1,0.095,3.5,25.73,1
KL102082,AT,Organic,Premium,2,6,221,53.49,0.632,2,0,0.663,5.0,121.96,0
KL102083,DE,Referral,Plus,7,3,223,38.96,0.541,1,1,0.126,,44.41,0
KL102084,AT,Social,Premium,8,6,181,77.4,0.378,4,0,0.503,4.9,176.47,0
KL102085,DE,Social,Basic,3,3,252,21.81,0.49,1,0,0.254,3.4,24.86,0
KL102086,DE,Social,Basic,10,5,147,35.75,0.724,4,0,0.351,4.2,67.92,0
KL102087,DE,Social,Premium,7,3,201,57.21,0.58,0,1,0.211,3.8,65.22,0
KL102088,AT,Organic,Basic,5,2,124,26.77,0.493,3,1,0.583,3.5,20.35,0
KL102089,DE,Paid Search,Basic,11,9,130,23.4,0.225,1,0,0.265,4.3,80.03,0
KL102090,DE,Social,Plus,23,3,150,45.3,0.092,0,1,0.608,4.0,51.64,1
KL102091,CH,Organic,Plus,19,4,220,43.18,0.339,0,0,0.254,4.5,65.63,1
KL102092,DE,Organic,Basic,17,4,232,20.84,0.105,0,0,0.041,3.7,31.68,0
KL102093,DE,Paid Search,Basic,50,5,171,24.14,0.573,1,0,0.291,4.4,45.87,0
KL102094,CH,Social,Basic,2,2,284,19.47,0.196,0,1,0.242,4.4,14.8,1
KL102095,DE,Social,Basic,10,2,174,29.84,0.223,1,1,0.22,3.6,22.68,0
KL102096,DE,Organic,Basic,3,3,154,19.86,0.288,2,1,0.06,3.9,22.64,0
KL102097,DE,Referral,Plus,40,4,169,42.76,0.615,3,1,0.261,4.1,65.0,0
KL102098,DE,Organic,Plus,30,5,193,45.18,0.308,1,0,0.268,3.9,85.84,0
KL102099,DE,Organic,Basic,38,2,237,33.28,0.515,8,0,0.489,4.7,25.29,0
KL102100,AT,Referral,Basic,12,2,232,33.39,0.901,4,0,0.594,3.8,25.38,0
KL102101,DE,Social,Plus,9,1,200,44.69,0.098,0,0,0.381,,16.98,1
KL102102,CH,Referral,Basic,9,3,235,19.35,0.652,3,0,0.189,5.0,22.06,0
KL102103,Other,Social,Basic,17,2,186,21.06,0.426,2,1,0.372,3.7,16.01,1
KL102104,DE,Social,Basic,18,3,298,21.03,0.301,0,0,0.599,4.2,23.97,1
KL102105,AT,Organic,Plus,24,8,194,41.48,0.075,0,2,0.094,2.7,126.1,0
KL102106,AT,Organic,Basic,8,3,125,36.73,0.082,0,1,0.266,4.8,41.87,1
KL102107,Other,Referral,Basic,35,2,187,22.42,0.308,0,1,0.378,4.2,17.04,0
KL102108,DE,Social,Plus,39,7,138,39.53,0.253,0,1,0.208,3.3,105.15,0
KL102109,DE,Paid Search,Plus,6,4,262,51.6,0.179,0,0,0.167,4.1,78.43,1
KL102110,DE,Paid Search,Plus,14,4,155,31.04,0.409,2,1,0.365,3.9,47.18,0
KL102111,DE,Organic,Premium,21,6,93,77.17,0.421,0,3,0.561,2.6,175.95,0
KL102112,DE,Organic,Plus,14,6,208,46.98,0.246,1,0,0.274,3.9,107.11,0
KL102113,DE,Social,Basic,72,6,71,22.4,0.211,0,0,0.178,4.9,51.07,0
KL102114,DE,Organic,Basic,36,5,168,25.27,0.849,2,0,0.402,4.1,48.01,0
KL102115,Other,Paid Search,Basic,8,2,232,41.58,,2,0,0.353,4.5,31.6,0
KL102116,DE,Referral,Basic,7,3,183,24.0,0.433,2,0,0.29,4.5,27.36,0
KL102117,DE,Paid Search,Basic,6,0,270,33.73,0.655,4,2,0.304,3.5,12.82,1
KL102118,DE,Paid Search,Basic,6,1,226,44.32,0.753,0,1,0.209,3.6,16.84,0
KL102119,DE,Organic,Plus,2,5,148,41.66,0.303,2,1,0.221,4.3,79.15,0
KL102120,DE,Organic,Plus,28,7,172,41.92,0.397,2,0,0.314,3.7,111.51,0
KL102121,DE,Organic,Basic,2,6,234,45.68,0.196,2,0,0.216,4.4,104.15,1
KL102122,DE,Organic,Plus,5,7,173,33.29,0.478,3,0,0.639,4.7,88.55,0
KL102123,DE,Organic,Basic,37,5,199,27.85,0.315,1,2,0.324,3.8,52.92,0
KL102124,DE,Organic,Plus,10,4,205,45.41,0.774,3,0,0.285,3.8,69.02,0
KL102125,DE,Organic,Plus,30,3,171,29.66,0.741,1,0,0.637,3.7,33.81,0
KL102126,DE,Organic,Basic,17,1,154,18.7,0.289,0,0,0.392,4.8,7.11,1
KL102127,DE,Referral,Basic,5,6,186,23.43,0.133,1,0,0.416,,53.42,0
KL102128,DE,Organic,Premium,9,8,207,68.27,,2,0,0.201,4.2,207.54,0
KL102129,DE,Paid Search,Plus,12,5,201,38.12,0.618,1,3,0.193,2.8,72.43,1
KL102130,DE,Social,Plus,27,4,141,41.3,0.651,3,1,0.771,3.9,62.78,0
KL102131,AT,Organic,Basic,5,3,211,34.25,0.101,2,1,0.598,3.5,39.04,1
KL102132,Other,Paid Search,Basic,49,4,222,32.81,0.432,1,1,0.284,4.1,49.87,0
KL102133,Other,Social,Basic,7,2,246,11.6,0.183,1,1,0.571,4.2,8.82,1
KL102134,DE,Paid Search,Premium,22,6,194,66.46,0.245,3,0,0.15,4.5,151.53,0
KL102135,DE,Organic,Basic,18,5,190,32.39,0.309,2,1,0.696,3.8,61.54,0
KL102136,DE,Social,Basic,40,3,174,27.35,0.319,0,0,0.314,4.4,31.18,1
KL102137,CH,Social,Premium,7,2,198,69.2,0.165,0,1,0.054,3.9,52.59,1
KL102138,CH,Paid Search,Basic,16,5,216,34.16,0.09,1,1,0.804,3.3,64.9,0
KL102139,CH,Organic,Basic,27,2,175,30.6,0.176,1,0,0.065,5.0,23.26,1
KL102140,CH,Organic,Plus,15,9,118,41.23,0.406,0,0,0.292,,141.01,0
KL102141,DE,Social,Basic,19,6,198,30.01,0.339,2,0,0.333,3.5,68.42,0
KL102142,CH,Organic,Premium,15,5,194,46.38,0.472,3,0,0.303,4.6,88.12,0
KL102143,CH,Organic,Basic,53,3,248,39.29,0.551,5,1,0.513,4.6,44.79,0
KL102144,DE,Paid Search,Plus,60,9,181,52.58,0.475,1,0,0.419,4.1,179.82,0
KL102145,Other,Referral,Basic,7,3,177,38.02,0.674,1,0,0.405,4.3,43.34,1
KL102146,DE,Organic,Plus,13,3,251,43.03,0.46,2,1,0.237,4.3,49.05,1
KL102147,Other,Organic,Plus,14,6,183,46.57,0.229,2,0,0.138,5.0,106.18,0
KL102148,CH,Paid Search,Plus,25,6,197,43.12,0.565,5,1,0.176,4.0,98.31,0
KL102149,DE,Social,Premium,10,3,184,67.58,0.053,1,0,0.216,4.0,77.04,0
KL102150,AT,Paid Search,Plus,16,3,215,52.94,0.45,1,2,0.456,3.5,60.35,0
KL102151,DE,Referral,Basic,8,5,163,13.84,0.747,4,0,0.416,4.3,26.3,0
KL102152,CH,Organic,Basic,19,5,107,31.51,0.194,2,2,0.209,2.9,59.87,0
KL102153,CH,Paid Search,Basic,13,5,245,21.33,0.516,3,1,0.156,3.8,40.53,0
KL102154,DE,Paid Search,Basic,19,5,151,18.78,0.111,1,1,0.136,3.1,35.68,0
KL102155,CH,Paid Search,Basic,3,0,201,26.98,0.388,1,1,0.198,4.6,10.25,1
KL102156,DE,Paid Search,Plus,16,3,175,31.98,0.362,0,1,0.42,3.1,36.46,1
KL102157,DE,Social,Plus,9,9,213,31.96,0.096,2,1,0.306,4.2,109.3,0
KL102158,DE,Organic,Premium,39,4,206,51.71,0.389,1,1,0.429,3.5,78.6,0
KL102159,DE,Social,Basic,5,2,227,24.14,0.635,4,2,0.319,3.3,18.35,0
KL102160,DE,Organic,Plus,34,10,175,46.25,0.542,0,2,0.266,3.3,175.75,0
KL102161,DE,Paid Search,Plus,3,4,216,48.6,0.41,2,2,0.32,3.3,73.87,1
KL102162,DE,Paid Search,Premium,2,5,189,80.82,0.129,1,1,0.534,5.0,153.56,1
KL102163,DE,Paid Search,Plus,25,3,204,38.76,0.144,0,1,0.475,4.3,44.19,1
KL102164,CH,Organic,Basic,5,5,234,34.38,0.385,0,1,0.271,4.3,65.32,0
KL102165,DE,Referral,Basic,1,4,147,29.44,0.726,4,1,0.286,4.3,44.75,0
KL102166,CH,Referral,Premium,9,5,150,66.21,0.597,2,1,0.597,4.0,125.8,0
KL102167,DE,Social,Plus,12,4,212,44.99,0.742,5,0,0.284,4.1,68.38,0
KL102168,DE,Referral,Plus,6,6,185,48.41,0.433,2,1,0.1,3.6,110.37,1
KL102169,DE,Organic,Plus,14,4,177,45.82,0.413,1,2,0.11,3.9,69.65,0
KL102170,DE,Paid Search,Plus,14,1,296,38.83,0.472,2,0,0.503,4.0,14.76,1
KL102171,DE,Organic,Plus,26,6,132,46.68,0.21,3,0,0.416,4.5,106.43,0
KL102172,DE,Referral,Premium,34,7,167,59.97,0.571,3,1,0.312,3.7,159.52,0
KL102173,DE,Organic,Premium,26,7,175,69.7,0.851,3,0,0.288,,185.4,0
KL102174,DE,Organic,Basic,24,3,183,28.93,0.191,1,3,0.585,3.3,32.98,1
KL102175,DE,Social,Basic,21,2,182,13.05,0.277,0,1,0.429,4.1,9.92,1
KL102176,DE,Organic,Basic,15,6,162,26.89,0.096,0,0,0.115,4.0,61.31,0
KL102177,CH,Social,Basic,2,1,269,35.45,0.145,1,0,0.192,4.5,13.47,1
KL102178,DE,Organic,Plus,24,5,167,40.99,0.423,2,0,0.429,4.6,77.88,0
KL102179,Other,Social,Plus,7,4,203,43.83,0.212,1,0,0.142,4.7,66.62,0
KL102180,CH,Social,Basic,3,1,192,24.17,0.257,2,0,0.181,4.5,9.18,0
KL102181,Other,Paid Search,Basic,2,0,246,25.81,0.811,4,2,0.359,3.8,9.81,0
KL102182,CH,Organic,Plus,4,4,226,49.59,0.434,2,0,0.198,4.6,75.38,0
KL102183,DE,Organic,Plus,4,4,182,38.55,0.768,2,0,0.155,4.2,58.6,0
KL102184,DE,Organic,Plus,2,4,213,32.79,0.791,3,0,0.683,3.3,49.84,0
KL102185,DE,Organic,Basic,25,3,192,10.56,0.333,0,0,0.037,3.9,12.04,0
KL102186,CH,Paid Search,Basic,15,3,198,21.91,0.37,4,1,0.53,3.7,24.98,1
KL102187,DE,Paid Search,Plus,4,3,212,33.21,,3,1,0.296,3.8,37.86,0
KL102188,DE,Organic,Plus,14,5,191,30.11,0.518,2,0,0.176,4.8,57.21,0
KL102189,Other,Organic,Plus,1,2,212,33.41,,0,0,0.324,4.5,25.39,1
KL102190,DE,Referral,Premium,32,5,128,57.08,0.553,2,1,0.4,4.1,108.45,0
KL102191,DE,Organic,Basic,13,5,137,19.54,0.51,2,1,0.256,3.9,37.13,0
KL102192,AT,Organic,Basic,14,4,127,39.07,0.168,1,0,0.296,3.9,59.39,0
KL102193,DE,Paid Search,Basic,5,3,147,14.8,0.348,3,0,0.337,4.5,16.87,1
KL102194,DE,Organic,Basic,14,0,236,32.62,0.306,0,1,0.428,4.2,12.4,1
KL102195,CH,Referral,Basic,12,5,168,32.28,0.529,3,1,0.4,4.5,61.33,0
KL102196,DE,Organic,Basic,33,6,150,32.92,0.521,4,1,0.093,3.6,75.06,0
KL102197,DE,Social,Basic,7,3,259,27.62,0.349,0,0,0.697,5.0,31.49,1
KL102198,DE,Paid Search,Plus,38,5,222,52.12,0.507,2,0,0.045,4.9,99.03,0
KL102199,AT,Social,Basic,57,8,100,28.0,0.203,0,0,0.073,3.8,85.12,0
KL102200,DE,Social,Plus,12,1,182,40.31,0.867,2,1,0.101,4.2,15.32,0
KL102201,Other,Social,Basic,62,7,131,37.33,0.749,1,1,0.232,4.3,99.3,0
KL102202,CH,Paid Search,Basic,39,3,198,26.61,0.536,3,0,0.443,5.0,30.34,0
KL102203,DE,Paid Search,Basic,15,2,159,15.27,0.451,2,0,0.157,4.3,11.61,0
KL102204,DE,Social,Basic,20,4,164,32.01,0.411,1,1,0.084,4.7,48.66,0
KL102205,DE,Paid Search,Basic,13,4,203,36.68,0.16,0,0,0.241,4.2,55.75,0
KL102206,AT,Paid Search,Plus,24,6,167,44.34,0.65,1,2,0.631,3.9,101.1,0
KL102207,DE,Organic,Premium,2,6,126,62.1,0.673,4,1,0.406,4.3,141.59,0
KL102208,DE,Organic,Basic,13,1,216,30.09,,5,1,0.116,4.3,11.43,0
KL102209,DE,Paid Search,Basic,2,3,201,33.46,0.541,1,1,0.439,,38.14,0
KL102210,Other,Organic,Basic,68,9,156,19.74,0.364,1,2,0.196,3.4,67.51,0
KL102211,DE,Paid Search,Plus,43,7,115,25.67,0.764,0,0,0.583,4.0,68.28,0
KL102212,CH,Organic,Basic,4,0,254,26.9,0.586,1,0,0.174,4.1,10.22,0
KL102213,DE,Paid Search,Basic,5,2,187,36.3,0.342,1,1,0.213,3.5,27.59,1
KL102214,Other,Social,Premium,10,6,132,55.91,0.255,0,0,0.264,4.0,127.47,0
KL102215,DE,Paid Search,Premium,20,4,190,54.76,0.555,2,0,0.436,4.8,83.24,0
KL102216,DE,Social,Plus,19,9,171,43.62,0.392,0,1,0.461,3.5,149.18,0
KL102217,Other,Organic,Basic,7,5,201,26.14,,0,1,0.326,4.1,49.67,1
KL102218,Other,Organic,Basic,9,0,265,22.46,0.415,1,1,0.113,,8.53,1
KL102219,DE,Social,Basic,4,2,182,37.31,0.667,0,1,0.315,3.9,28.36,1
KL102220,DE,Social,Plus,5,7,107,36.63,0.202,1,2,0.415,4.2,97.44,0
KL102221,DE,Social,Plus,6,1,201,44.87,0.492,3,0,0.192,3.7,17.05,0
KL102222,DE,Social,Basic,48,4,89,34.72,0.251,3,2,0.162,3.3,52.77,0
KL102223,DE,Social,Premium,40,5,151,63.34,0.529,3,0,0.408,5.0,120.35,0
KL102224,CH,Social,Basic,22,5,168,34.73,0.479,3,2,0.515,3.6,65.99,0
KL102225,DE,Social,Plus,21,11,115,47.35,0.357,2,1,0.374,4.1,197.92,0
KL102226,AT,Social,Basic,10,3,214,29.47,0.13,0,0,0.402,3.7,33.6,1
KL102227,DE,Organic,Basic,2,2,203,25.0,0.261,0,0,0.012,3.7,19.0,1
KL102228,DE,Organic,Basic,14,4,204,39.45,0.156,1,4,0.531,3.1,59.96,1
KL102229,AT,Paid Search,Plus,3,4,198,49.26,0.506,3,3,0.155,4.0,74.88,1
KL102230,DE,Paid Search,Basic,1,4,136,33.91,0.525,2,0,0.111,3.8,51.54,0
KL102231,AT,Social,Basic,5,2,225,28.46,0.312,1,3,0.102,3.6,21.63,1
KL102232,DE,Organic,Plus,15,5,161,37.69,0.573,4,0,0.18,4.8,71.61,0
KL102233,Other,Organic,Plus,29,4,196,26.52,0.343,1,1,0.166,3.6,40.31,0
KL102234,AT,Social,Plus,10,10,156,46.19,0.438,3,0,0.217,4.7,175.52,0
KL102235,CH,Organic,Plus,25,4,160,39.33,,0,1,0.292,,59.78,0
KL102236,DE,Social,Plus,3,3,172,43.77,,2,0,0.124,4.8,49.9,0
KL102237,DE,Organic,Plus,9,6,173,61.74,0.215,1,0,0.59,4.1,140.77,0
KL102238,DE,Paid Search,Basic,24,3,179,38.01,0.41,2,1,0.161,3.8,43.33,0
KL102239,DE,Paid Search,Basic,6,2,264,31.58,0.628,3,0,0.372,4.8,24.0,0
KL102240,DE,Organic,Basic,32,4,188,27.19,0.688,6,1,0.317,4.6,41.33,0
KL102241,DE,Organic,Basic,2,2,163,34.25,0.34,0,0,0.282,3.8,26.03,1
KL102242,DE,Organic,Basic,72,4,261,35.24,0.664,0,0,0.665,4.7,53.56,1
KL102243,DE,Organic,Basic,46,1,224,24.9,0.521,1,1,0.257,3.6,9.46,0
KL102244,DE,Organic,Basic,31,3,195,25.91,0.612,4,0,0.274,3.5,29.54,0
KL102245,DE,Social,Plus,8,3,249,43.88,0.587,1,1,0.311,3.5,50.02,0
KL102246,DE,Organic,Plus,2,5,191,35.95,0.492,0,2,0.104,4.0,68.31,1
KL102247,AT,Paid Search,Plus,6,2,201,36.51,0.526,1,3,0.698,2.7,27.75,1
KL102248,DE,Organic,Premium,21,5,124,55.98,0.572,2,1,0.313,,106.36,0
KL102249,DE,Referral,Basic,14,1,132,41.94,,1,0,0.606,4.1,15.94,0
KL102250,DE,Social,Basic,3,3,239,17.21,0.191,1,0,0.342,3.8,19.62,1
KL102251,CH,Referral,Basic,3,0,230,17.5,0.123,1,1,0.386,4.3,6.65,1
KL102252,DE,Referral,Plus,33,6,165,23.74,0.807,5,2,0.404,3.1,54.13,0
KL102253,DE,Organic,Basic,9,2,199,32.95,0.087,1,1,0.383,4.4,25.04,1
KL102254,Other,Social,Premium,9,2,215,57.42,0.404,1,2,0.286,3.9,43.64,1
KL102255,DE,Organic,Basic,12,3,218,34.06,0.528,1,0,0.256,3.8,38.83,0
KL102256,CH,Referral,Basic,57,6,145,27.61,0.771,3,0,0.34,4.8,62.95,0
KL102257,CH,Paid Search,Plus,37,9,155,52.18,0.647,2,0,0.539,4.0,178.46,0
KL102258,DE,Paid Search,Basic,65,5,198,21.2,,1,1,0.066,4.7,40.28,0
KL102259,DE,Referral,Plus,44,7,146,42.47,0.594,3,1,0.191,4.6,112.97,0
KL102260,AT,Social,Plus,13,4,110,50.89,0.159,3,0,0.351,3.8,77.35,0
KL102261,Other,Referral,Plus,16,7,137,51.72,0.649,3,1,0.086,4.0,137.58,0
KL102262,DE,Organic,Plus,17,5,134,50.69,0.361,0,1,0.097,3.7,96.31,0
KL102263,DE,Organic,Basic,14,4,229,32.43,0.514,0,1,0.386,4.4,49.29,1
KL102264,DE,Organic,Basic,19,3,162,27.8,0.644,0,1,0.443,3.5,31.69,1
KL102265,DE,Paid Search,Plus,20,4,153,46.67,,5,1,0.192,4.5,70.94,0
KL102266,AT,Paid Search,Basic,29,2,181,17.52,0.46,1,1,0.449,4.5,13.32,0
KL102267,DE,Organic,Basic,13,6,201,24.98,0.208,0,1,0.661,4.9,56.95,1
KL102268,AT,Social,Basic,25,6,203,39.28,0.29,0,1,0.185,4.5,89.56,1
KL102269,CH,Organic,Plus,13,5,152,49.38,0.599,4,2,0.167,3.3,93.82,0
KL102270,AT,Social,Basic,60,4,172,18.24,0.581,2,1,0.116,4.9,27.72,0
KL102271,DE,Social,Premium,21,8,150,67.82,0.318,0,1,0.178,4.7,206.17,0
KL102272,AT,Paid Search,Basic,19,3,245,20.79,0.471,4,1,0.254,3.7,23.7,1
KL102273,CH,Paid Search,Basic,11,2,132,25.72,0.239,0,0,0.298,4.1,19.55,0
KL102274,CH,Organic,Basic,4,3,146,39.85,0.541,0,0,0.317,4.5,45.43,0
KL102275,DE,Organic,Basic,3,7,249,13.44,0.748,2,2,0.286,4.3,35.75,1
KL102276,DE,Social,Basic,4,4,229,17.78,0.633,3,0,0.459,4.2,27.03,0
KL102277,DE,Paid Search,Plus,39,8,104,43.21,0.452,0,1,0.411,3.6,131.36,0
KL102278,CH,Organic,Basic,4,4,298,31.76,0.301,1,1,0.354,3.7,48.28,1
KL102279,AT,Referral,Basic,38,6,194,25.59,0.069,0,4,0.777,3.3,58.35,1
KL102280,DE,Social,Basic,11,1,216,37.27,0.18,1,0,0.538,3.6,14.16,0
KL102281,DE,Social,Basic,31,8,208,26.17,0.658,3,0,0.434,4.5,79.56,0
KL102282,DE,Paid Search,Premium,17,4,157,67.17,0.336,2,1,0.558,,102.1,0
KL102283,AT,Referral,Basic,18,5,163,28.46,0.531,2,0,0.082,5.0,54.07,0
KL102284,DE,Organic,Plus,26,5,183,39.96,0.566,2,0,0.42,3.7,75.92,0
KL102285,DE,Organic,Basic,8,2,222,33.97,0.175,0,2,0.445,3.2,25.82,1
KL102286,CH,Referral,Basic,2,4,200,21.54,0.25,0,1,0.126,3.1,32.74,0
KL102287,CH,Referral,Plus,20,7,171,52.34,0.547,0,0,0.737,4.8,139.22,0
KL102288,DE,Paid Search,Basic,9,3,182,35.72,0.819,3,1,0.083,3.6,40.72,0
KL102289,DE,Organic,Premium,16,9,160,72.85,0.096,1,2,0.173,4.7,249.15,0
KL102290,Other,Organic,Basic,22,4,197,46.25,0.058,0,0,0.623,4.5,70.3,0
KL102291,AT,Social,Basic,6,3,196,31.37,0.701,3,0,0.303,3.5,35.76,1
KL102292,DE,Social,Premium,11,7,155,65.99,0.675,2,0,0.367,4.2,175.53,0
KL102293,DE,Paid Search,Basic,9,3,178,31.75,0.163,1,1,0.373,3.9,36.2,0
KL102294,DE,Organic,Premium,2,5,129,61.71,0.454,2,0,0.56,3.6,117.25,0
KL102295,DE,Social,Premium,12,4,238,64.32,0.769,4,2,0.434,4.3,97.77,1
KL102296,AT,Social,Basic,22,2,230,21.35,0.381,4,0,0.136,4.2,16.23,1
KL102297,DE,Paid Search,Basic,1,3,231,38.87,0.607,0,0,0.213,5.0,44.31,0
KL102298,DE,Paid Search,Plus,10,6,131,33.96,0.678,1,0,0.314,3.4,77.43,0
KL102299,AT,Referral,Basic,8,4,171,21.46,0.225,1,1,0.216,4.2,32.62,0
KL102300,Other,Organic,Plus,17,10,138,40.3,0.219,1,2,0.097,4.0,153.14,0
KL102301,AT,Paid Search,Basic,4,2,217,19.18,0.651,3,4,0.498,2.5,14.58,1
KL102302,DE,Paid Search,Basic,6,2,177,22.79,0.307,0,1,0.114,4.2,17.32,1
KL102303,DE,Paid Search,Plus,21,6,233,39.16,0.565,1,2,0.335,3.8,89.28,0
KL102304,DE,Social,Plus,11,8,187,48.37,0.512,5,1,0.339,3.6,147.04,0
KL102305,DE,Paid Search,Plus,14,6,178,30.42,0.285,2,0,0.155,4.0,69.36,0
KL102306,DE,Paid Search,Plus,18,3,207,37.83,0.775,2,3,0.352,3.0,43.13,0
KL102307,DE,Organic,Basic,3,1,204,30.4,0.152,1,1,0.19,4.1,11.55,0
KL102308,DE,Social,Basic,19,1,188,32.0,0.665,6,1,0.135,3.8,12.16,0
KL102309,CH,Organic,Basic,22,3,112,48.75,0.816,4,0,0.219,5.0,55.58,0
KL102310,Other,Organic,Basic,13,2,235,39.7,0.575,6,0,0.542,3.7,30.17,0
KL102311,DE,Paid Search,Basic,16,4,190,41.22,0.597,2,0,0.709,4.0,62.65,0
KL102312,DE,Paid Search,Plus,42,6,213,29.72,0.403,0,0,0.159,3.7,67.76,1
KL102313,DE,Referral,Basic,39,6,192,30.68,0.254,0,1,0.691,4.0,69.95,0
KL102314,DE,Social,Basic,20,5,179,33.03,0.592,2,0,0.337,5.0,62.76,0
KL102315,DE,Social,Plus,27,3,199,32.22,0.205,1,1,0.287,4.5,36.73,1
KL102316,DE,Paid Search,Basic,39,2,178,26.11,0.466,2,0,0.281,,19.84,0
KL102317,CH,Paid Search,Premium,31,6,130,71.49,0.256,1,1,0.177,3.9,163.0,0
KL102318,DE,Referral,Basic,22,5,145,34.95,0.409,0,1,0.444,4.0,66.4,0
KL102319,CH,Paid Search,Basic,27,7,130,38.21,0.292,1,0,0.534,5.0,101.64,0
KL102320,DE,Social,Premium,23,8,149,66.06,0.697,2,1,0.34,4.5,200.82,0
KL102321,DE,Paid Search,Plus,16,4,215,37.68,0.446,1,0,0.249,3.7,57.27,0
KL102322,DE,Organic,Plus,14,6,196,46.86,0.435,2,1,0.309,4.3,106.84,0
KL102323,DE,Paid Search,Basic,35,3,143,29.63,0.204,0,1,0.526,4.0,33.78,0
KL102324,DE,Organic,Basic,29,6,202,31.76,0.436,2,0,0.176,3.6,72.41,0
KL102325,Other,Organic,Plus,7,7,169,27.12,0.258,2,0,0.449,4.2,72.14,0
KL102326,DE,Organic,Basic,32,3,221,28.06,0.614,1,2,0.353,4.2,31.99,1
KL102327,DE,Organic,Plus,72,9,166,45.42,0.753,2,1,0.471,4.2,155.34,0
KL102328,DE,Paid Search,Basic,15,6,113,28.05,0.457,4,0,0.199,3.8,63.95,0
KL102329,DE,Referral,Basic,14,1,219,26.96,0.376,2,3,0.519,3.8,10.24,1
KL102330,DE,Paid Search,Basic,11,0,271,26.95,0.249,2,1,0.099,4.1,10.24,1
KL102331,DE,Social,Plus,25,8,114,35.0,0.468,4,0,0.68,4.7,106.4,0
KL102332,CH,Paid Search,Basic,5,1,180,34.9,,1,4,0.537,2.2,13.26,1
KL102333,DE,Organic,Premium,3,10,70,62.65,0.537,1,0,0.174,3.8,238.07,0
KL102334,DE,Organic,Basic,11,6,156,8.0,0.436,0,0,0.099,4.7,18.24,0
KL102335,AT,Referral,Basic,56,3,144,23.12,0.665,7,2,0.306,3.7,26.36,0
KL102336,CH,Paid Search,Basic,17,3,166,21.89,0.844,4,0,0.427,4.7,24.95,0
KL102337,DE,Referral,Plus,27,6,181,39.4,0.191,0,1,0.489,4.1,89.83,0
KL102338,DE,Organic,Plus,24,7,193,36.82,0.42,3,2,0.386,4.1,97.94,0
KL102339,DE,Social,Basic,8,4,120,27.12,0.148,0,0,0.335,3.1,41.22,0
KL102340,DE,Social,Basic,22,6,156,29.58,0.79,3,2,0.209,3.4,67.44,0
KL102341,DE,Referral,Plus,5,1,204,35.67,0.105,1,3,0.398,3.3,13.55,1
KL102342,AT,Organic,Basic,2,2,199,28.42,0.299,0,1,0.354,4.6,21.6,1
KL102343,DE,Referral,Plus,5,4,216,47.32,0.749,3,0,0.163,4.2,71.93,0
KL102344,AT,Paid Search,Plus,18,4,216,39.15,,4,3,0.178,3.4,59.51,0
KL102345,DE,Social,Basic,10,2,235,33.28,0.264,1,2,0.431,4.1,25.29,0
KL102346,CH,Paid Search,Plus,13,5,188,52.59,0.751,1,2,0.596,3.1,99.92,0
KL102347,CH,Paid Search,Plus,12,3,187,34.46,0.183,0,0,0.087,4.2,39.28,0
KL102348,DE,Paid Search,Basic,12,2,186,30.36,0.412,3,1,0.168,3.7,23.07,0
KL102349,DE,Social,Basic,26,3,217,44.29,0.785,3,1,0.078,3.8,50.49,1
KL102350,DE,Organic,Basic,18,4,159,29.92,0.287,2,1,0.489,3.5,45.48,0
KL102351,CH,Paid Search,Plus,64,10,111,35.39,0.348,1,0,0.283,3.9,134.48,0
KL102352,DE,Paid Search,Plus,12,4,205,45.91,0.275,0,1,0.367,4.7,69.78,1
KL102353,DE,Social,Basic,19,2,230,26.66,0.435,1,0,0.461,4.1,20.26,1
KL102354,DE,Paid Search,Basic,32,2,204,17.87,0.408,1,0,0.293,3.5,13.58,0
KL102355,CH,Social,Basic,2,2,226,26.64,0.241,0,1,0.062,4.0,20.25,0
KL102356,DE,Paid Search,Basic,2,4,179,18.83,0.381,0,0,0.292,4.1,28.62,0
KL102357,DE,Social,Basic,19,6,167,14.86,0.216,1,0,0.487,4.6,33.88,0
KL102358,Other,Social,Basic,3,3,209,34.94,0.701,4,0,0.071,5.0,39.83,0
KL102359,DE,Social,Basic,8,3,169,9.28,0.122,0,0,0.254,4.9,10.58,1
KL102360,CH,Social,Plus,46,7,189,53.17,0.438,2,1,0.136,4.5,141.43,0
KL102361,DE,Paid Search,Plus,47,6,164,46.55,0.326,1,1,0.437,3.8,106.13,0
KL102362,DE,Organic,Basic,2,2,198,39.96,0.418,1,0,0.526,5.0,30.37,0
KL102363,CH,Social,Plus,12,6,175,55.32,0.611,4,1,0.265,4.1,126.13,0
KL102364,AT,Organic,Basic,15,6,201,36.99,,1,2,0.332,3.7,84.34,1
KL102365,AT,Organic,Basic,38,4,111,24.58,0.813,5,1,0.331,4.1,37.36,0
KL102366,DE,Social,Premium,34,5,136,60.04,0.084,2,1,0.56,4.2,114.08,0
KL102367,DE,Paid Search,Plus,14,3,232,42.91,0.084,0,0,0.222,4.3,48.92,1
KL102368,DE,Paid Search,Basic,13,3,213,35.95,0.361,3,0,0.641,4.3,40.98,0
KL102369,DE,Referral,Basic,10,4,173,43.15,0.625,3,1,0.088,3.9,65.59,0
KL102370,DE,Organic,Plus,21,6,174,33.96,0.251,2,1,0.526,3.4,77.43,1
KL102371,DE,Organic,Basic,10,5,201,34.49,0.405,1,1,0.117,3.5,65.53,1
KL102372,DE,Organic,Premium,3,4,242,65.32,0.732,0,0,0.525,,99.29,1
KL102373,DE,Organic,Basic,13,3,181,28.34,0.63,3,1,0.305,4.7,32.31,0
KL102374,DE,Social,Basic,8,2,250,33.2,0.199,2,0,0.314,3.8,25.23,0
KL102375,DE,Social,Plus,45,7,184,21.4,0.211,2,0,0.34,5.0,56.92,0
KL102376,CH,Paid Search,Plus,9,0,188,42.23,,3,1,0.384,3.6,16.05,0
KL102377,DE,Organic,Basic,4,5,159,18.11,0.254,2,0,0.154,5.0,34.41,0
KL102378,DE,Paid Search,Premium,59,10,182,70.88,0.326,1,2,0.16,3.9,269.34,0
KL102379,AT,Organic,Premium,43,8,206,67.5,0.638,1,1,0.464,3.7,205.2,0
KL102380,CH,Social,Basic,9,5,178,41.55,0.679,3,3,0.502,2.9,78.95,0
KL102381,DE,Paid Search,Basic,7,2,243,39.96,,2,1,0.406,4.3,30.37,1
KL102382,DE,Organic,Basic,10,3,208,23.18,0.239,0,0,0.158,4.6,26.43,1
KL102383,DE,Social,Plus,29,7,162,44.21,0.475,0,0,0.477,5.0,117.6,0
KL102384,DE,Social,Plus,29,3,203,54.9,0.278,0,1,0.341,4.7,62.59,1
KL102385,CH,Organic,Basic,1,3,147,31.84,0.359,4,0,0.374,4.7,36.3,0
KL102386,Other,Paid Search,Premium,23,7,155,70.8,0.485,2,1,0.169,4.2,188.33,0
KL102387,DE,Paid Search,Basic,3,2,186,41.23,0.196,1,1,0.507,4.1,31.33,1
KL102388,AT,Organic,Plus,10,5,215,53.96,0.195,1,0,0.208,3.7,102.52,0
KL102389,DE,Organic,Plus,6,3,205,43.78,0.542,2,0,0.211,3.6,49.91,0
KL102390,DE,Social,Basic,5,0,212,36.84,0.214,0,0,0.152,4.6,14.0,1
KL102391,AT,Referral,Basic,16,4,227,35.51,0.183,2,0,0.286,5.0,53.98,0
KL102392,DE,Paid Search,Basic,29,4,135,41.85,0.297,0,1,0.08,4.1,63.61,0
KL102393,DE,Paid Search,Premium,12,7,131,66.18,0.246,0,0,0.352,3.4,176.04,0
KL102394,DE,Social,Basic,26,4,232,38.51,0.696,1,1,0.158,4.9,58.54,0
KL102395,Other,Paid Search,Plus,15,2,226,39.19,0.374,0,4,0.198,3.3,29.78,1
KL102396,DE,Organic,Basic,17,6,117,32.21,0.372,0,1,0.456,3.9,73.44,0
KL102397,DE,Paid Search,Basic,7,1,220,35.67,0.251,1,0,0.107,5.0,13.55,1
KL102398,DE,Referral,Premium,47,10,96,71.06,0.679,1,0,0.281,3.7,270.03,0
KL102399,DE,Social,Basic,47,6,157,31.06,0.239,4,0,0.444,4.1,70.82,0
KL102400,DE,Referral,Plus,14,2,220,42.36,0.332,0,0,0.298,4.0,32.19,1
KL102401,CH,Organic,Basic,13,2,203,34.3,0.713,4,1,0.339,3.7,26.07,0
KL102402,AT,Paid Search,Basic,1,2,202,32.72,0.178,1,0,0.446,4.6,24.87,1
KL102403,CH,Paid Search,Basic,8,1,183,29.46,0.27,0,0,0.249,4.4,11.19,0
KL102404,CH,Organic,Basic,40,4,228,33.98,0.075,0,0,0.122,4.2,51.65,1
KL102405,DE,Organic,Plus,36,9,165,30.58,0.438,0,2,0.519,,104.58,0
KL102406,DE,Social,Basic,11,2,176,31.95,0.411,0,0,0.54,3.3,24.28,0
KL102407,DE,Social,Basic,2,3,200,14.89,0.414,1,1,0.301,5.0,16.97,0
KL102408,DE,Social,Basic,45,4,177,21.45,0.545,4,1,0.345,4.1,32.6,1
KL102409,Other,Organic,Plus,6,5,161,45.15,0.449,0,0,0.269,3.2,85.78,0
KL102410,AT,Paid Search,Plus,5,5,185,42.08,0.056,1,1,0.224,4.3,79.95,1
KL102411,Other,Organic,Plus,61,5,239,28.94,0.339,2,1,0.271,4.0,54.99,0
KL102412,DE,Organic,Premium,13,8,126,50.35,0.226,1,1,0.632,3.5,153.06,0
KL102413,DE,Paid Search,Basic,31,8,176,25.67,,0,1,0.37,3.7,78.04,0
KL102414,DE,Organic,Basic,32,4,218,13.83,0.014,0,1,0.124,4.0,21.02,0
KL102415,DE,Referral,Plus,43,8,173,31.34,0.758,2,1,0.496,4.1,95.27,0
KL102416,DE,Paid Search,Basic,5,1,244,23.53,0.088,1,0,0.214,4.5,8.94,1
KL102417,DE,Organic,Plus,10,1,210,49.19,0.625,2,0,0.373,3.8,18.69,0
KL102418,DE,Organic,Plus,2,7,181,32.8,0.622,3,1,0.254,3.8,87.25,0
KL102419,Other,Social,Basic,19,1,216,10.85,0.265,1,2,0.434,4.0,4.12,1
KL102420,DE,Organic,Premium,67,12,79,75.81,0.279,1,0,0.318,4.6,345.69,0
KL102421,DE,Organic,Basic,18,2,168,34.87,0.559,0,0,0.363,4.7,26.5,0
KL102422,CH,Paid Search,Plus,19,2,241,44.92,0.529,2,0,0.111,4.4,34.14,1
KL102423,DE,Organic,Basic,29,4,172,27.73,0.261,1,1,0.363,4.1,42.15,0
KL102424,CH,Paid Search,Plus,14,6,161,58.74,0.814,7,0,0.504,5.0,133.93,0
KL102425,AT,Paid Search,Basic,11,2,231,30.58,0.337,1,0,0.283,4.3,23.24,0
KL102426,DE,Organic,Premium,15,4,184,65.69,0.171,2,0,0.298,5.0,99.85,0
KL102427,AT,Social,Premium,7,6,197,63.58,0.289,0,1,0.563,3.5,144.96,0
KL102428,AT,Paid Search,Plus,7,5,176,45.49,0.689,1,2,0.407,3.2,86.43,0
KL102429,AT,Paid Search,Plus,11,6,136,36.16,0.678,2,1,0.274,4.9,82.44,0
KL102430,CH,Organic,Plus,13,3,232,50.92,0.81,4,1,0.199,3.7,58.05,0
KL102431,AT,Paid Search,Plus,26,5,151,52.43,0.308,1,0,0.47,4.0,99.62,0
KL102432,DE,Organic,Plus,13,5,224,52.19,0.633,5,1,0.004,3.5,99.16,0
KL102433,DE,Paid Search,Plus,44,3,216,41.63,0.212,1,2,0.673,4.1,47.46,0
KL102434,AT,Organic,Premium,20,7,146,68.02,0.22,1,1,0.43,4.5,180.93,1
KL102435,Other,Referral,Plus,32,2,225,31.4,0.487,1,4,0.389,3.2,23.86,1
KL102436,DE,Organic,Basic,6,4,172,17.97,0.8,3,0,0.064,4.3,27.31,0
KL102437,AT,Referral,Premium,18,6,145,71.17,0.339,4,0,0.334,3.8,162.27,0
KL102438,DE,Referral,Basic,64,4,195,35.32,0.369,1,0,0.136,3.7,53.69,0
KL102439,AT,Paid Search,Basic,2,1,239,14.06,0.422,1,1,0.125,3.8,5.34,1
KL102440,Other,Organic,Premium,15,9,158,54.73,0.215,1,0,0.472,4.5,187.18,0
KL102441,DE,Paid Search,Basic,11,4,162,20.55,0.275,1,0,0.204,4.4,31.24,0
KL102442,DE,Referral,Basic,2,5,133,30.77,0.29,2,0,0.262,4.8,58.46,0
KL102443,DE,Paid Search,Plus,3,4,182,38.56,0.635,2,2,0.19,3.6,58.61,0
KL102444,DE,Paid Search,Plus,17,9,110,32.69,0.616,4,1,0.025,4.6,111.8,0
KL102445,DE,Organic,Basic,24,5,177,25.49,0.485,3,0,0.564,3.7,48.43,0
KL102446,DE,Social,Basic,44,6,171,25.36,0.278,0,0,0.427,4.3,57.82,0
KL102447,DE,Organic,Basic,31,3,221,35.27,0.453,1,0,0.54,4.1,40.21,0
KL102448,DE,Organic,Basic,60,6,195,25.87,0.414,2,0,0.647,4.4,58.98,0
KL102449,DE,Organic,Basic,2,2,238,39.69,0.691,2,1,0.045,4.7,30.16,0
KL102450,AT,Paid Search,Basic,64,2,203,11.64,0.509,3,1,0.334,3.4,8.85,0
KL102451,AT,Referral,Premium,18,3,182,68.66,0.794,2,1,0.218,,78.27,0
KL102452,AT,Social,Plus,17,7,179,58.8,0.394,2,0,0.433,5.0,156.41,0
KL102453,CH,Organic,Plus,9,3,211,40.92,0.858,0,1,0.334,4.2,46.65,0
KL102454,AT,Paid Search,Premium,22,7,177,62.77,0.224,0,0,0.531,5.0,166.97,0
KL102455,DE,Social,Premium,55,7,231,59.7,0.441,1,0,0.23,3.9,158.8,0
KL102456,DE,Paid Search,Plus,20,7,187,30.35,0.461,2,1,0.438,4.5,80.73,0
KL102457,DE,Organic,Basic,6,3,237,36.47,0.695,5,0,0.278,3.3,41.58,0
KL102458,DE,Paid Search,Plus,20,4,150,35.68,0.683,4,1,0.352,4.3,54.23,0
KL102459,DE,Paid Search,Plus,14,4,154,49.25,0.507,0,1,0.417,3.5,74.86,0
KL102460,CH,Referral,Basic,8,0,193,31.13,0.484,2,1,0.032,3.5,11.83,1
KL102461,AT,Social,Basic,15,4,189,33.26,0.406,0,1,0.178,3.0,50.56,1
KL102462,DE,Organic,Basic,11,1,207,20.44,0.153,0,2,0.257,3.8,7.77,1
KL102463,DE,Social,Basic,6,3,205,30.74,0.125,0,1,0.395,3.7,35.04,0
KL102464,DE,Organic,Plus,2,5,238,42.04,0.376,1,0,0.262,4.9,79.88,0
KL102465,AT,Social,Basic,4,3,193,29.53,0.656,2,1,0.439,4.4,33.66,0
KL102466,CH,Paid Search,Basic,37,4,205,8.0,0.206,2,0,0.093,4.6,12.16,0
KL102467,DE,Organic,Basic,11,2,207,32.2,0.747,4,0,0.412,4.9,24.47,0
KL102468,DE,Paid Search,Premium,7,6,210,82.86,,1,1,0.511,4.1,188.92,1
KL102469,DE,Organic,Basic,15,7,186,17.79,,1,0,0.325,5.0,47.32,1
KL102470,DE,Organic,Basic,21,3,194,35.57,0.333,1,0,0.603,4.5,40.55,0
KL102471,CH,Paid Search,Plus,19,5,214,40.12,0.506,1,3,0.415,3.6,76.23,1
KL102472,AT,Social,Plus,7,9,169,33.7,0.266,2,1,0.19,4.5,115.25,0
KL102473,DE,Social,Plus,72,7,194,36.38,0.312,0,0,0.366,3.7,96.77,0
KL102474,DE,Paid Search,Plus,7,6,174,53.67,0.078,2,3,0.487,3.5,122.37,1
KL102475,DE,Organic,Basic,8,1,235,30.31,0.242,1,1,0.474,3.7,11.52,1
KL102476,DE,Paid Search,Premium,11,7,156,63.99,0.824,1,0,0.42,4.4,170.21,0
KL102477,DE,Paid Search,Plus,43,5,144,29.41,0.164,0,0,0.355,4.1,55.88,0
KL102478,DE,Organic,Plus,16,7,148,46.4,0.695,5,0,0.232,4.5,123.42,0
KL102479,Other,Referral,Basic,5,4,209,36.64,0.51,1,2,0.226,3.3,55.69,0
KL102480,DE,Referral,Plus,10,3,215,44.41,0.129,1,0,0.191,3.9,50.63,1
KL102481,DE,Organic,Basic,5,1,188,18.86,0.027,1,1,0.12,3.5,7.17,1
KL102482,DE,Social,Basic,11,2,252,32.21,0.73,6,0,0.608,4.6,24.48,1
KL102483,DE,Social,Plus,10,3,161,56.88,0.503,3,0,0.246,5.0,64.84,0
KL102484,CH,Organic,Plus,2,3,202,40.72,0.679,1,1,0.186,4.3,46.42,0
KL102485,DE,Paid Search,Basic,8,8,142,36.29,0.267,1,0,0.426,4.9,110.32,0
KL102486,CH,Organic,Premium,21,8,163,63.22,0.159,0,0,0.2,4.8,192.19,0
KL102487,CH,Organic,Basic,36,3,152,26.57,0.329,2,0,0.17,4.2,30.29,0
KL102488,DE,Referral,Plus,9,3,138,43.64,0.167,0,0,0.734,4.6,49.75,0
KL102489,DE,Paid Search,Basic,11,5,159,25.11,0.243,2,0,0.481,4.4,47.71,0
KL102490,Other,Organic,Basic,32,2,228,24.34,0.062,0,0,0.366,4.6,18.5,1
KL102491,DE,Paid Search,Premium,23,9,155,65.15,0.257,1,1,0.43,3.6,222.81,0
KL102492,DE,Referral,Basic,49,3,149,35.73,0.534,0,0,0.468,5.0,40.73,0
KL102493,Other,Paid Search,Premium,11,7,198,65.67,0.262,1,1,0.133,,174.68,0
KL102494,CH,Referral,Basic,3,1,220,27.71,0.414,4,1,0.511,3.4,10.53,1
KL102495,DE,Social,Plus,4,3,222,43.58,0.288,3,1,0.192,3.8,49.68,1
KL102496,DE,Paid Search,Basic,10,3,184,40.69,0.586,3,0,0.425,5.0,46.39,1
KL102497,DE,Social,Plus,29,4,125,34.13,0.62,1,1,0.634,4.1,51.88,0
KL102498,CH,Social,Premium,31,8,208,70.37,0.37,2,1,0.481,5.0,213.92,0
KL102499,DE,Social,Plus,7,4,182,48.74,0.136,1,1,0.731,3.5,74.08,1
KL102500,DE,Paid Search,Basic,5,4,223,26.69,0.336,1,1,0.219,4.0,40.57,1
KL102501,AT,Organic,Plus,36,8,143,51.83,0.606,2,0,0.508,5.0,157.56,0
KL102502,Other,Organic,Plus,22,6,175,49.51,0.373,2,0,0.499,4.6,112.88,0
KL102503,CH,Paid Search,Basic,3,1,155,34.69,0.678,2,0,0.486,4.6,13.18,0
KL102504,DE,Social,Plus,11,3,167,31.83,0.886,3,1,0.652,4.5,36.29,0
KL102505,DE,Social,Plus,18,7,216,37.72,0.621,1,0,0.165,5.0,100.34,0
KL102506,Other,Paid Search,Plus,38,6,203,36.66,0.618,6,0,0.349,4.6,83.58,0
KL102507,Other,Organic,Basic,3,3,237,33.79,0.238,1,1,0.399,3.5,38.52,1
KL102508,DE,Organic,Basic,37,1,229,35.22,0.447,2,2,0.116,3.4,13.38,0
KL102509,AT,Social,Premium,4,9,157,62.98,0.468,2,0,0.128,4.7,215.39,0
KL102510,DE,Paid Search,Plus,8,4,221,40.0,0.516,3,1,0.452,4.0,60.8,1
KL102511,DE,Social,Plus,28,11,164,59.77,0.522,0,1,0.586,4.3,249.84,0
KL102512,DE,Organic,Premium,67,8,167,66.61,0.192,1,0,0.089,4.5,202.49,0
KL102513,DE,Paid Search,Basic,2,2,207,31.67,0.396,0,1,0.256,3.5,24.07,1
KL102514,DE,Referral,Basic,54,5,214,26.13,0.878,4,1,0.405,3.9,49.65,0
KL102515,CH,Organic,Plus,7,7,128,52.67,0.776,3,0,0.16,4.9,140.1,0
KL102516,DE,Organic,Plus,19,7,153,45.31,0.286,1,0,0.394,3.6,120.52,0
KL102517,DE,Social,Premium,10,7,115,66.46,0.575,3,0,0.448,5.0,176.78,0
KL102518,DE,Paid Search,Plus,18,8,123,43.8,0.381,0,2,0.252,3.5,133.15,0
KL102519,DE,Referral,Basic,21,6,179,24.71,0.237,1,1,0.126,4.2,56.34,0
KL102520,DE,Referral,Basic,26,3,223,20.46,0.496,6,0,0.082,4.5,23.32,0
KL102521,DE,Social,Basic,1,3,260,28.07,0.301,0,1,0.256,3.6,32.0,1
KL102522,DE,Organic,Premium,19,8,152,77.44,0.803,2,1,0.26,4.3,235.42,0
KL102523,AT,Paid Search,Basic,9,5,166,25.71,0.347,4,0,0.561,4.0,48.85,0
KL102524,CH,Referral,Plus,13,4,185,50.45,0.582,3,1,0.26,4.7,76.68,0
KL102525,DE,Paid Search,Basic,53,4,196,24.88,0.35,2,0,0.325,4.7,37.82,0
KL102526,CH,Referral,Basic,26,2,267,13.0,0.319,1,0,0.358,4.5,9.88,1
KL102527,CH,Social,Basic,11,3,196,23.83,0.394,1,2,0.28,4.7,27.17,1
KL102528,CH,Organic,Plus,17,6,134,29.02,0.233,1,2,0.197,3.1,66.17,0
KL102529,AT,Paid Search,Basic,34,6,186,34.0,0.483,1,1,0.527,4.2,77.52,0
KL102530,AT,Social,Premium,43,15,103,50.34,0.424,0,3,0.302,3.9,286.94,0
KL102531,AT,Organic,Premium,9,5,179,65.67,0.233,2,0,0.399,4.6,124.77,0
KL102532,AT,Paid Search,Basic,3,5,171,22.0,0.365,0,1,0.198,4.7,41.8,0
KL102533,DE,Social,Premium,22,7,236,60.03,0.119,0,0,0.194,4.4,159.68,1
KL102534,Other,Organic,Basic,10,3,178,34.95,0.263,1,5,0.331,2.6,39.84,1
KL102535,DE,Paid Search,Basic,3,3,142,27.06,0.286,0,1,0.576,4.6,30.85,0
KL102536,CH,Social,Basic,19,4,167,27.77,0.666,5,1,0.418,3.5,42.21,0
KL102537,DE,Social,Plus,5,5,163,41.26,0.179,0,2,0.762,5.0,78.39,1
KL102538,DE,Paid Search,Plus,4,11,88,38.85,0.606,2,1,0.117,4.1,162.39,0
KL102539,DE,Referral,Basic,30,3,189,21.63,0.39,1,0,0.389,4.7,24.66,0
KL102540,DE,Referral,Plus,15,5,236,28.67,0.821,4,1,0.624,4.1,54.47,0
KL102541,DE,Paid Search,Plus,14,1,168,45.07,0.435,1,1,0.232,3.3,17.13,0
KL102542,DE,Organic,Plus,6,3,148,44.41,0.246,2,0,0.172,4.2,50.63,0
KL102543,DE,Social,Plus,22,5,206,51.16,0.299,0,0,0.455,3.7,97.2,1
KL102544,DE,Organic,Plus,15,3,189,45.23,0.252,2,1,0.208,3.9,51.56,1
KL102545,DE,Social,Plus,15,8,143,38.41,0.765,3,0,0.208,5.0,116.77,0
KL102546,Other,Paid Search,Basic,5,3,234,26.73,0.68,3,2,0.579,3.8,30.47,1
KL102547,DE,Paid Search,Plus,62,8,137,46.59,0.187,0,0,0.088,4.3,141.63,0
KL102548,DE,Paid Search,Basic,22,2,149,36.82,0.224,1,0,0.109,5.0,27.98,0
KL102549,DE,Paid Search,Plus,5,6,200,38.8,0.306,0,0,0.321,4.9,88.46,1
KL102550,DE,Referral,Plus,11,2,202,50.87,0.505,2,0,0.219,5.0,38.66,0
KL102551,DE,Organic,Basic,41,6,168,27.41,0.555,2,0,0.252,5.0,62.49,0
KL102552,AT,Referral,Basic,43,3,128,22.72,0.166,1,1,0.485,3.8,25.9,0
KL102553,Other,Organic,Plus,14,7,129,36.9,0.199,0,1,0.599,4.3,98.15,0
KL102554,DE,Social,Plus,65,11,125,39.73,0.361,1,0,0.262,3.9,166.07,0
KL102555,AT,Referral,Plus,17,2,167,41.92,0.375,5,1,0.301,3.4,31.86,0
KL102556,DE,Paid Search,Plus,10,4,221,51.21,0.627,1,0,0.495,5.0,77.84,1
KL102557,DE,Organic,Basic,5,11,130,43.12,0.518,2,1,0.308,,180.24,0
KL102558,DE,Social,Basic,12,5,172,26.31,0.5,2,0,0.451,3.9,49.99,0
KL102559,DE,Social,Plus,53,8,190,30.96,0.476,2,2,0.034,3.5,94.12,0
KL102560,DE,Organic,Basic,44,3,176,23.28,0.249,3,1,0.665,3.8,26.54,0
KL102561,AT,Paid Search,Plus,42,6,185,39.61,0.183,1,0,0.497,,90.31,0
KL102562,AT,Social,Basic,5,3,196,30.25,0.545,3,1,0.528,3.0,34.48,0
KL102563,DE,Organic,Basic,22,2,233,13.65,0.874,1,1,0.199,,10.37,0
KL102564,DE,Paid Search,Plus,39,9,163,50.47,0.092,1,0,0.615,4.7,172.61,0
KL102565,DE,Paid Search,Plus,45,5,202,34.82,0.39,3,1,0.441,4.4,66.16,0
KL102566,DE,Organic,Plus,15,6,154,44.47,0.499,0,0,0.351,3.9,101.39,0
KL102567,DE,Social,Basic,20,3,176,27.03,0.488,6,0,0.302,,30.81,0
KL102568,AT,Organic,Plus,2,4,185,36.67,0.507,6,2,0.583,3.2,55.74,1
KL102569,Other,Referral,Basic,35,5,202,38.74,0.44,2,0,0.402,4.5,73.61,0
KL102570,DE,Paid Search,Plus,29,7,177,38.42,0.524,1,1,0.326,4.2,102.2,0
KL102571,DE,Paid Search,Plus,33,5,207,34.38,0.395,1,0,0.305,4.1,65.32,1
KL102572,AT,Paid Search,Basic,3,8,127,32.28,0.631,4,1,0.5,4.3,98.13,0
KL102573,CH,Paid Search,Plus,65,10,93,49.06,0.29,1,2,0.163,3.6,186.43,0
KL102574,DE,Social,Plus,7,4,171,40.43,0.477,0,0,0.227,5.0,61.45,0
KL102575,DE,Social,Plus,11,2,181,43.48,0.189,0,0,0.274,4.2,33.04,0
KL102576,AT,Social,Plus,18,9,115,49.71,0.262,0,3,0.132,3.8,170.01,0
KL102577,CH,Paid Search,Basic,22,5,173,26.33,0.418,1,0,0.233,5.0,50.03,0
KL102578,DE,Organic,Premium,19,6,127,63.05,0.368,1,2,0.393,4.0,143.75,0
KL102579,Other,Organic,Basic,8,1,193,34.31,0.503,3,1,0.302,4.3,13.04,0
KL102580,DE,Social,Basic,37,4,154,26.83,0.251,1,0,0.101,4.5,40.78,0
KL102581,CH,Paid Search,Plus,6,4,147,35.83,0.076,0,0,0.454,4.2,54.46,0
KL102582,DE,Paid Search,Basic,4,4,145,27.99,0.331,4,1,0.51,2.7,42.54,0
KL102583,DE,Paid Search,Premium,14,11,98,57.32,,1,1,0.765,4.2,239.6,0
KL102584,DE,Paid Search,Basic,4,3,214,27.48,,1,0,0.582,4.4,31.33,1
KL102585,DE,Social,Basic,63,7,154,35.76,0.195,0,0,0.723,4.7,95.12,0
KL102586,DE,Paid Search,Basic,23,5,184,18.27,0.349,0,0,0.32,4.2,34.71,0
KL102587,DE,Referral,Basic,8,3,189,27.66,0.123,0,1,0.408,3.9,31.53,1
KL102588,DE,Organic,Basic,8,3,218,32.79,0.317,0,0,0.336,3.5,37.38,0
KL102589,DE,Paid Search,Basic,34,5,198,27.54,0.621,2,0,0.154,4.4,52.33,0
KL102590,CH,Organic,Basic,8,1,231,39.16,0.386,0,0,0.413,4.5,14.88,1
KL102591,CH,Social,Basic,15,0,213,28.47,0.583,0,1,0.372,3.2,10.82,0
KL102592,AT,Paid Search,Basic,38,4,187,31.14,0.167,0,0,0.211,4.3,47.33,0
KL102593,DE,Paid Search,Basic,14,2,163,39.1,0.307,0,2,0.108,3.9,29.72,0
KL102594,DE,Social,Basic,14,3,171,32.15,0.537,1,1,0.169,2.9,36.65,0
KL102595,CH,Paid Search,Basic,8,3,222,27.89,0.491,3,0,0.33,5.0,31.79,0
KL102596,DE,Organic,Basic,17,4,169,24.57,0.276,0,1,0.509,4.2,37.35,0
KL102597,DE,Paid Search,Basic,17,1,203,26.8,0.619,2,2,0.215,3.5,10.18,0
KL102598,Other,Organic,Basic,72,6,193,30.77,0.486,2,1,0.03,3.8,70.16,0
KL102599,Other,Referral,Basic,28,1,220,21.85,0.337,3,0,0.595,3.7,8.3,0
KL102600,DE,Social,Premium,24,7,164,75.55,0.455,3,2,0.306,3.9,200.96,0
KL102601,AT,Social,Basic,2,2,195,46.44,0.476,2,0,0.052,4.9,35.29,0
KL102602,DE,Social,Basic,23,4,216,28.1,0.22,0,0,0.294,3.7,42.71,0
KL102603,AT,Social,Plus,5,3,173,28.33,0.198,0,0,0.528,4.9,32.3,1
KL102604,DE,Paid Search,Basic,19,4,199,34.24,0.332,0,0,0.335,4.3,52.04,1
KL102605,DE,Organic,Basic,2,3,186,28.88,0.465,2,1,0.139,3.9,32.92,0
KL102606,DE,Paid Search,Plus,3,5,199,47.37,0.676,5,2,0.561,4.8,90.0,0
KL102607,DE,Referral,Plus,41,5,202,41.77,0.378,1,0,0.524,4.3,79.36,0
KL102608,AT,Referral,Premium,13,7,168,72.63,0.394,1,0,0.174,4.8,193.2,0
KL102609,DE,Social,Premium,15,4,225,59.29,0.495,2,2,0.441,3.8,90.12,1
KL102610,CH,Organic,Plus,37,11,156,45.38,0.457,1,2,0.438,2.9,189.69,0
KL102611,CH,Organic,Plus,32,4,178,44.59,0.243,0,0,0.732,3.9,67.78,0
KL102612,DE,Social,Basic,20,3,203,31.26,0.279,1,2,0.132,3.9,35.64,1
KL102613,CH,Organic,Premium,10,11,141,71.31,0.457,4,0,0.266,4.2,298.08,0
KL102614,DE,Paid Search,Plus,19,8,189,49.41,0.394,1,0,0.365,4.3,150.21,0
KL102615,DE,Paid Search,Basic,30,4,137,18.97,0.443,1,0,0.53,4.6,28.83,0
KL102616,DE,Organic,Basic,52,4,225,34.42,,2,1,0.124,3.1,52.32,0
KL102617,CH,Social,Plus,25,8,101,43.51,0.841,3,1,0.333,3.5,132.27,0
KL102618,CH,Referral,Plus,3,4,203,40.48,0.31,0,0,0.214,,61.53,0
KL102619,CH,Social,Plus,44,4,203,44.3,0.944,8,1,0.201,3.7,67.34,0
KL102620,CH,Paid Search,Basic,1,2,197,29.94,0.366,2,1,0.409,3.7,22.75,1
KL102621,Other,Paid Search,Plus,33,7,184,42.81,0.559,1,0,0.237,4.8,113.87,0
KL102622,DE,Referral,Basic,15,1,170,13.93,0.647,3,1,0.192,3.9,5.29,0
KL102623,Other,Paid Search,Plus,25,4,160,43.14,0.628,1,0,0.515,3.7,65.57,0
KL102624,DE,Paid Search,Basic,4,1,175,26.42,0.453,2,2,0.228,4.6,10.04,0
KL102625,DE,Social,Basic,14,4,165,30.78,0.315,1,0,0.072,4.8,46.79,0
KL102626,DE,Organic,Basic,13,1,248,27.58,0.531,1,0,0.314,,10.48,1
KL102627,DE,Organic,Basic,11,5,223,45.03,0.315,1,0,0.26,,85.56,0
KL102628,DE,Social,Basic,12,4,185,26.42,0.394,2,0,0.345,4.3,40.16,0
KL102629,DE,Paid Search,Plus,29,6,178,29.8,0.611,1,0,0.245,3.3,67.94,0
KL102630,DE,Organic,Basic,26,3,263,27.22,0.433,2,0,0.131,4.7,31.03,1
KL102631,DE,Organic,Plus,7,2,189,38.44,0.339,1,2,0.039,4.3,29.21,0
KL102632,CH,Referral,Plus,10,10,116,43.67,0.49,1,0,0.356,4.0,165.95,0
KL102633,AT,Paid Search,Basic,15,2,236,24.41,0.227,3,1,0.093,3.3,18.55,1
KL102634,DE,Paid Search,Premium,9,4,170,70.07,0.757,2,0,0.366,3.8,106.51,0
KL102635,DE,Organic,Plus,72,3,162,41.89,0.15,1,1,0.428,4.4,47.75,0
KL102636,DE,Referral,Plus,6,2,234,44.84,0.202,0,1,0.279,4.8,34.08,1
KL102637,DE,Referral,Plus,10,3,243,53.78,0.505,0,1,0.591,4.7,61.31,0
KL102638,CH,Paid Search,Plus,33,3,179,42.54,0.609,2,0,0.287,4.4,48.5,0
KL102639,DE,Organic,Premium,72,16,91,54.33,0.105,0,2,0.298,2.7,330.33,0
KL102640,AT,Social,Basic,11,2,235,24.16,0.792,2,1,0.103,4.9,18.36,0
KL102641,AT,Social,Basic,13,5,153,16.98,0.478,3,1,0.113,3.4,32.26,0
KL102642,DE,Social,Plus,35,8,189,37.28,0.354,2,0,0.225,4.3,113.33,0
KL102643,CH,Referral,Basic,1,2,255,8.0,0.204,2,1,0.36,4.3,6.08,1
KL102644,DE,Paid Search,Plus,5,4,145,48.71,0.334,1,2,0.114,2.8,74.04,1
KL102645,CH,Organic,Basic,35,5,133,16.12,0.362,2,0,0.347,5.0,30.63,0
KL102646,AT,Paid Search,Basic,6,1,156,33.77,0.115,3,1,0.119,4.8,12.83,0
KL102647,CH,Social,Premium,15,1,194,59.87,0.618,4,1,0.19,3.9,22.75,0
KL102648,AT,Organic,Basic,72,9,104,25.83,0.307,2,0,0.258,4.1,88.34,0
KL102649,CH,Organic,Basic,5,2,242,41.01,0.225,0,1,0.571,4.4,31.17,1
KL102650,Other,Social,Plus,8,9,114,39.5,0.525,5,2,0.284,3.8,135.09,0
KL102651,DE,Paid Search,Plus,64,7,150,34.22,0.281,1,2,0.176,4.3,91.03,0
KL102652,CH,Social,Plus,45,4,201,37.99,0.357,1,2,0.336,4.0,57.74,1
KL102653,AT,Organic,Basic,11,6,143,18.05,0.493,3,1,0.132,4.9,41.15,0
KL102654,DE,Organic,Premium,12,5,180,71.8,0.211,4,0,0.066,4.3,136.42,0
KL102655,Other,Organic,Plus,4,3,219,46.4,0.429,1,0,0.657,4.2,52.9,1
KL102656,DE,Social,Plus,27,6,280,39.6,0.209,2,0,0.235,4.6,90.29,1
KL102657,DE,Social,Basic,2,1,225,34.14,0.037,0,1,0.255,4.0,12.97,1
KL102658,DE,Paid Search,Basic,57,6,117,32.78,0.312,2,2,0.241,3.7,74.74,0
KL102659,DE,Paid Search,Plus,10,3,220,39.79,0.505,2,1,0.403,4.2,45.36,1
KL102660,CH,Organic,Plus,2,2,215,43.95,0.696,5,1,0.219,4.3,33.4,1
KL102661,DE,Social,Basic,24,2,221,26.09,0.434,3,0,0.47,4.0,19.83,0
KL102662,DE,Referral,Plus,30,7,161,36.72,0.325,0,0,0.328,3.8,97.68,0
KL102663,DE,Social,Plus,11,6,203,21.57,0.402,1,2,0.384,,49.18,0
KL102664,DE,Organic,Basic,20,2,195,25.69,0.33,0,1,0.066,4.3,19.52,0
KL102665,CH,Paid Search,Plus,15,1,223,41.87,0.423,0,1,0.104,4.3,15.91,0
KL102666,CH,Organic,Basic,38,4,195,16.77,0.485,3,2,0.324,3.9,25.49,0
KL102667,DE,Organic,Premium,13,5,184,71.64,0.409,2,1,0.21,4.1,136.12,1
KL102668,DE,Organic,Plus,55,15,89,40.1,0.473,1,0,0.528,4.6,228.57,0
KL102669,DE,Organic,Plus,29,2,243,45.25,0.069,0,0,0.489,3.9,34.39,1
KL102670,DE,Organic,Premium,17,4,236,67.07,0.405,2,1,0.377,,101.95,1
KL102671,DE,Social,Plus,7,6,240,40.98,0.578,3,1,0.492,4.0,93.43,1
KL102672,DE,Organic,Basic,5,8,161,23.25,0.14,0,0,0.305,4.7,70.68,0
KL102673,DE,Social,Plus,35,11,140,36.13,0.449,3,0,0.296,4.6,151.02,0
KL102674,DE,Referral,Premium,6,4,198,51.26,0.438,1,1,0.29,3.6,77.92,1
KL102675,DE,Paid Search,Basic,13,0,192,39.53,,0,0,0.174,4.8,15.02,0
KL102676,DE,Paid Search,Plus,7,6,203,44.42,0.115,0,1,0.326,3.5,101.28,0
KL102677,CH,Social,Basic,11,2,195,20.05,0.354,3,0,0.398,4.7,15.24,0
KL102678,AT,Organic,Plus,1,6,193,46.32,0.474,2,2,0.375,3.8,105.61,1
KL102679,DE,Paid Search,Plus,5,5,140,32.52,0.629,1,0,0.182,4.5,61.79,0
KL102680,CH,Paid Search,Premium,21,6,192,69.61,0.381,1,0,0.047,3.9,158.71,0
KL102681,CH,Social,Plus,26,5,225,45.25,0.481,1,0,0.144,4.6,85.98,0
KL102682,DE,Social,Basic,42,3,174,22.6,0.886,7,0,0.403,4.2,25.76,0
KL102683,DE,Social,Plus,6,7,149,29.12,0.376,0,3,0.315,,77.46,0
KL102684,DE,Social,Premium,3,5,164,60.79,0.845,4,1,0.36,,115.5,0
KL102685,AT,Paid Search,Basic,5,1,196,28.6,0.454,3,1,0.162,4.3,10.87,1
KL102686,DE,Social,Basic,14,4,236,15.25,0.738,3,0,0.678,4.8,23.18,0
KL102687,AT,Social,Plus,5,4,193,36.22,0.773,1,1,0.349,3.2,55.05,0
KL102688,DE,Paid Search,Plus,13,3,164,52.22,0.453,0,0,0.097,,59.53,0
KL102689,DE,Referral,Basic,31,5,153,27.2,0.413,2,0,0.123,5.0,51.68,0
KL102690,Other,Social,Basic,36,5,110,48.93,0.338,2,1,0.815,3.4,92.97,0
KL102691,DE,Paid Search,Basic,20,2,179,31.27,0.51,0,0,0.38,4.8,23.77,0
KL102692,CH,Organic,Plus,15,7,122,40.24,0.077,0,1,0.187,4.3,107.04,0
KL102693,Other,Organic,Basic,13,5,139,20.59,0.47,2,0,0.428,4.4,39.12,0
KL102694,CH,Social,Basic,17,2,191,18.63,0.223,1,0,0.233,4.4,14.16,1
KL102695,DE,Organic,Plus,12,5,144,42.99,0.339,1,0,0.527,4.4,81.68,0
KL102696,CH,Paid Search,Basic,1,2,200,23.93,0.296,0,1,0.585,3.4,18.19,0
KL102697,DE,Paid Search,Plus,12,5,194,39.21,0.616,3,2,0.411,4.2,74.5,0
KL102698,DE,Social,Basic,7,1,224,29.28,0.144,2,0,0.175,4.7,11.13,1
KL102699,CH,Social,Basic,1,3,205,22.34,0.468,2,0,0.359,4.4,25.47,0
KL102700,AT,Social,Plus,6,3,108,48.69,0.286,1,1,0.218,4.4,55.51,0
KL102701,DE,Paid Search,Plus,18,7,147,44.03,0.331,1,0,0.216,4.3,117.12,0
KL102702,DE,Organic,Premium,1,2,249,60.09,0.582,2,3,0.34,3.5,45.67,1
KL102703,CH,Social,Basic,3,8,231,29.68,0.471,1,0,0.596,3.9,90.23,0
KL102704,AT,Organic,Basic,8,4,216,9.53,0.31,2,1,0.22,4.1,14.49,0
KL102705,DE,Paid Search,Basic,16,2,206,30.96,0.611,3,1,0.256,4.4,23.53,0
KL102706,CH,Referral,Plus,15,5,151,44.82,0.416,4,0,0.329,4.5,85.16,0
KL102707,DE,Paid Search,Basic,14,2,248,11.42,0.684,2,0,0.359,4.7,8.68,0
KL102708,DE,Social,Premium,19,7,159,50.03,0.331,1,0,0.382,4.5,133.08,0
KL102709,AT,Social,Plus,1,1,203,39.4,0.365,1,0,0.314,4.6,14.97,1
KL102710,Other,Social,Basic,3,5,220,22.82,,0,0,0.579,3.9,43.36,1
KL102711,DE,Paid Search,Basic,44,5,72,27.46,0.382,3,3,0.268,3.5,52.17,0
KL102712,DE,Paid Search,Basic,7,4,186,28.35,0.75,2,1,0.367,3.8,43.09,0
KL102713,DE,Organic,Plus,26,6,120,54.17,0.191,2,1,0.214,4.0,123.51,0
KL102714,CH,Paid Search,Plus,2,7,183,39.05,0.858,6,1,0.51,3.9,103.87,0
KL102715,DE,Organic,Premium,10,3,253,69.79,0.616,1,3,0.532,2.9,79.56,1
KL102716,DE,Paid Search,Plus,12,2,221,38.16,0.613,3,0,0.532,4.8,29.0,0
KL102717,Other,Social,Basic,19,5,249,31.03,0.057,0,0,0.377,4.4,58.96,1
KL102718,DE,Organic,Basic,37,5,187,24.6,0.713,6,1,0.181,3.6,46.74,0
KL102719,DE,Paid Search,Basic,10,4,239,17.39,0.562,1,1,0.61,3.7,26.43,0
KL102720,DE,Organic,Premium,4,1,156,60.01,0.315,5,1,0.381,4.9,22.8,1
KL102721,CH,Organic,Plus,12,5,187,44.96,0.194,0,1,0.475,3.6,85.42,0
KL102722,DE,Organic,Plus,2,6,126,32.64,0.297,1,0,0.276,4.6,74.42,0
KL102723,DE,Organic,Plus,30,3,209,42.55,0.218,0,1,0.537,4.6,48.51,0
KL102724,DE,Referral,Basic,12,0,209,30.48,0.369,1,0,0.165,4.4,11.58,1
KL102725,AT,Referral,Plus,3,4,181,44.61,0.227,0,1,0.512,3.0,67.81,1
KL102726,CH,Social,Plus,6,5,173,47.84,0.527,3,1,0.313,4.0,90.9,0
KL102727,DE,Paid Search,Basic,20,0,257,44.18,0.124,1,1,0.324,4.1,16.79,1
KL102728,DE,Social,Basic,18,2,211,17.72,0.494,1,0,0.148,4.8,13.47,0
KL102729,CH,Referral,Plus,4,6,179,38.87,0.309,0,0,0.384,5.0,88.62,1
KL102730,DE,Paid Search,Premium,2,6,173,64.45,0.642,2,2,0.159,2.7,146.95,0
KL102731,DE,Organic,Basic,31,6,197,23.88,0.102,0,0,0.271,4.7,54.45,0
KL102732,DE,Social,Premium,1,3,188,74.26,0.165,0,1,0.484,3.9,84.66,0
KL102733,DE,Referral,Premium,9,5,141,74.87,0.111,2,0,0.379,4.6,142.25,0
KL102734,DE,Organic,Premium,8,6,206,82.82,0.562,2,1,0.474,4.9,188.83,0
KL102735,DE,Paid Search,Basic,8,3,181,26.79,0.323,2,0,0.264,4.3,30.54,0
KL102736,DE,Paid Search,Basic,7,9,158,18.72,0.271,1,1,0.375,3.8,64.02,0
KL102737,DE,Paid Search,Plus,18,7,191,40.08,0.046,0,0,0.262,4.6,106.61,0
KL102738,AT,Social,Basic,34,2,167,20.19,0.405,2,2,0.341,3.4,15.34,0
KL102739,DE,Paid Search,Basic,17,3,167,34.57,0.288,3,0,0.116,4.7,39.41,0
KL102740,DE,Referral,Plus,11,4,138,47.96,0.598,1,0,0.524,4.4,72.9,0
KL102741,CH,Social,Basic,25,2,192,34.1,0.444,2,0,0.096,4.4,25.92,0
KL102742,DE,Organic,Basic,6,2,241,44.65,0.257,2,0,0.641,4.9,33.93,1
KL102743,CH,Social,Premium,9,6,171,65.06,0.347,1,2,0.19,4.0,148.34,0
KL102744,DE,Social,Basic,12,2,253,22.81,0.246,0,0,0.37,5.0,17.34,1
KL102745,CH,Paid Search,Premium,36,15,111,64.59,0.045,0,1,0.146,4.2,368.16,0
KL102746,DE,Paid Search,Basic,2,3,176,20.19,0.76,2,1,0.191,4.2,23.02,0
KL102747,DE,Social,Basic,4,2,180,22.43,0.347,2,0,0.395,3.0,17.05,0
KL102748,DE,Paid Search,Basic,13,2,259,28.06,0.316,2,1,0.293,3.8,21.33,1
KL102749,DE,Organic,Basic,2,5,207,31.91,0.483,2,0,0.408,4.9,60.63,1
KL102750,DE,Organic,Basic,18,0,214,21.29,0.096,0,1,0.093,3.6,8.09,0
KL102751,AT,Organic,Plus,2,3,201,31.45,0.591,2,1,0.267,4.3,35.85,0
KL102752,CH,Social,Premium,8,7,148,70.66,0.398,1,1,0.406,3.9,187.96,0
KL102753,DE,Organic,Basic,25,4,100,20.95,0.255,1,0,0.269,4.2,31.84,0
KL102754,CH,Social,Basic,18,0,223,29.15,0.406,1,0,0.43,3.6,11.08,1
KL102755,CH,Paid Search,Plus,20,4,144,51.11,0.22,2,1,0.506,3.3,77.69,0
KL102756,CH,Social,Basic,30,2,191,34.44,0.813,4,0,0.381,3.8,26.17,0
KL102757,AT,Paid Search,Basic,27,2,160,32.7,0.273,1,0,0.15,4.9,24.85,0
KL102758,AT,Referral,Basic,33,3,189,36.67,0.48,3,1,0.06,4.7,41.8,0
KL102759,DE,Referral,Basic,21,3,161,29.87,0.677,4,1,0.186,4.0,34.05,0
KL102760,AT,Organic,Plus,4,10,142,33.11,0.651,2,1,0.667,4.6,125.82,0
KL102761,CH,Social,Basic,5,3,220,47.65,0.652,4,0,0.372,4.8,54.32,0
KL102762,DE,Organic,Plus,23,4,199,45.51,0.425,1,1,0.391,4.5,69.18,0
KL102763,DE,Social,Basic,43,5,128,31.77,0.204,1,0,0.562,4.0,60.36,0
KL102764,DE,Paid Search,Basic,11,2,146,29.37,0.251,2,1,0.316,4.0,22.32,1
KL102765,Other,Organic,Plus,16,3,151,28.35,0.874,4,1,0.166,3.8,32.32,0
KL102766,DE,Organic,Basic,34,4,224,20.99,0.369,3,0,0.484,,31.9,0
KL102767,AT,Paid Search,Premium,23,7,241,78.08,0.468,2,1,0.389,3.4,207.69,0
KL102768,CH,Social,Plus,29,3,172,26.56,,0,0,0.158,4.3,30.28,0
KL102769,Other,Social,Premium,4,9,112,64.03,0.51,1,1,0.024,3.3,218.98,0
KL102770,DE,Organic,Basic,3,4,237,30.13,0.289,3,2,0.126,3.9,45.8,0
KL102771,CH,Organic,Basic,45,6,157,25.17,0.65,3,2,0.371,3.1,57.39,0
KL102772,CH,Paid Search,Basic,8,0,217,44.16,0.813,5,1,0.367,3.4,16.78,0
KL102773,DE,Paid Search,Plus,5,4,194,29.67,0.413,0,0,0.499,3.2,45.1,1
KL102774,AT,Organic,Plus,2,5,156,36.16,0.608,3,1,0.209,5.0,68.7,0
KL102775,DE,Organic,Basic,2,4,161,30.55,0.24,1,0,0.176,4.4,46.44,0
KL102776,AT,Referral,Basic,17,4,185,31.15,0.13,0,1,0.494,4.2,47.35,1
KL102777,DE,Paid Search,Basic,63,5,166,28.78,0.295,1,1,0.144,3.5,54.68,0
KL102778,DE,Social,Basic,9,5,118,30.14,0.852,4,0,0.64,4.6,57.27,0
KL102779,DE,Paid Search,Basic,35,2,173,22.87,0.348,0,0,0.105,4.1,17.38,0
KL102780,DE,Paid Search,Plus,34,3,191,39.26,0.647,3,1,0.806,3.5,44.76,0
KL102781,DE,Paid Search,Premium,10,4,169,56.58,0.414,2,0,0.359,4.3,86.0,0
KL102782,AT,Organic,Basic,11,4,205,31.17,0.348,3,0,0.23,4.0,47.38,1
KL102783,DE,Organic,Basic,12,6,145,14.36,0.124,1,0,0.793,4.3,32.74,1
KL102784,DE,Referral,Basic,45,1,275,17.05,0.6,3,0,0.334,3.1,6.48,1
KL102785,AT,Social,Basic,6,3,198,35.0,0.392,3,1,0.305,,39.9,0
KL102786,AT,Social,Plus,3,4,191,37.25,0.179,1,1,0.2,4.3,56.62,1
KL102787,DE,Organic,Basic,6,4,170,47.28,0.23,1,2,0.3,4.0,71.87,1
KL102788,Other,Organic,Premium,18,8,147,61.27,0.401,0,1,0.463,4.1,186.26,0
KL102789,DE,Organic,Premium,19,8,90,61.32,0.515,4,0,0.212,4.4,186.41,0
KL102790,CH,Referral,Basic,30,4,188,38.52,0.237,1,1,0.093,4.2,58.55,0
KL102791,DE,Social,Premium,17,6,241,72.82,0.244,1,1,0.172,3.7,166.03,0
KL102792,AT,Paid Search,Plus,1,5,211,40.43,0.286,2,3,0.201,3.0,76.82,1
KL102793,Other,Referral,Premium,58,2,147,64.25,0.197,2,1,0.387,4.3,48.83,0
KL102794,CH,Organic,Basic,72,6,182,36.03,0.272,0,1,0.44,3.2,82.15,0
KL102795,DE,Paid Search,Premium,14,2,220,66.61,0.483,0,2,0.229,3.5,50.62,1
KL102796,AT,Organic,Basic,8,2,257,25.32,0.742,4,1,0.08,4.0,19.24,1
KL102797,DE,Organic,Basic,3,3,168,26.52,0.251,2,2,0.227,3.5,30.23,1
KL102798,AT,Referral,Premium,2,8,236,80.78,0.464,1,2,0.268,3.6,245.57,0
KL102799,CH,Social,Basic,3,0,224,25.5,0.367,2,1,0.288,3.2,9.69,1
KL102800,Other,Organic,Basic,47,1,183,25.48,0.27,0,1,0.481,5.0,9.68,1
KL102801,DE,Organic,Basic,57,4,131,27.67,0.044,0,1,0.185,3.5,42.06,0
KL102802,DE,Paid Search,Basic,5,5,176,28.48,0.592,4,1,0.317,3.7,54.11,0
KL102803,DE,Organic,Basic,7,4,195,22.07,0.305,0,1,0.421,3.7,33.55,0
KL102804,DE,Paid Search,Basic,20,3,156,40.77,0.192,0,4,0.181,3.6,46.48,1
KL102805,DE,Paid Search,Plus,14,5,202,39.08,0.786,3,2,0.211,4.1,74.25,1
KL102806,DE,Organic,Plus,72,6,190,46.02,0.1,0,0,0.029,4.7,104.93,0
KL102807,AT,Organic,Basic,15,4,188,41.17,,2,1,0.184,3.7,62.58,1
KL102808,DE,Organic,Plus,8,3,166,39.37,0.519,3,1,0.561,4.4,44.88,0
KL102809,DE,Referral,Plus,53,6,173,45.26,0.578,1,0,0.483,4.6,103.19,0
KL102810,DE,Paid Search,Plus,3,3,260,32.25,0.321,0,1,0.265,4.7,36.76,1
KL102811,CH,Paid Search,Plus,3,3,164,35.87,0.311,1,1,0.356,4.6,40.89,0
KL102812,AT,Organic,Premium,7,9,86,66.22,0.357,1,0,0.258,4.7,226.47,0
KL102813,DE,Social,Basic,16,6,159,24.92,0.452,2,0,0.34,4.3,56.82,0
KL102814,DE,Organic,Plus,71,8,128,48.16,0.632,5,1,0.539,3.7,146.41,0
KL102815,DE,Organic,Premium,21,5,115,61.03,0.234,1,0,0.455,3.9,115.96,0
KL102816,DE,Social,Plus,5,2,218,40.06,0.267,3,1,0.458,3.5,30.45,1
KL102817,DE,Social,Basic,28,4,142,23.16,0.716,4,0,0.584,4.5,35.2,0
KL102818,DE,Organic,Plus,7,2,154,51.04,0.62,2,1,0.557,5.0,38.79,0
KL102819,Other,Paid Search,Plus,12,11,161,40.58,0.729,2,0,0.349,5.0,169.62,0
KL102820,DE,Referral,Basic,37,2,253,22.98,0.402,3,1,0.206,4.3,17.46,0
KL102821,AT,Organic,Plus,1,5,271,35.19,0.587,6,0,0.456,4.9,66.86,0
KL102822,DE,Organic,Plus,30,0,165,33.44,0.825,3,3,0.483,2.8,12.71,1
KL102823,Other,Paid Search,Plus,17,6,186,47.65,0.727,2,0,0.129,4.1,108.64,0
KL102824,Other,Organic,Basic,17,2,155,27.48,0.29,2,0,0.22,3.6,20.88,0
KL102825,AT,Social,Plus,25,11,135,65.66,0.207,3,0,0.543,4.4,274.46,0
KL102826,DE,Social,Plus,8,5,175,37.76,0.738,5,1,0.414,4.1,71.74,0
KL102827,DE,Paid Search,Basic,2,1,137,15.71,0.776,4,0,0.029,4.1,5.97,0
KL102828,CH,Paid Search,Plus,2,3,214,40.41,0.431,2,0,0.302,4.1,46.07,0
KL102829,AT,Paid Search,Basic,42,2,204,46.21,0.253,1,2,0.51,4.0,35.12,1
KL102830,DE,Social,Premium,24,9,169,67.91,0.598,2,1,0.238,4.9,232.25,0
KL102831,DE,Organic,Plus,8,5,136,41.45,0.296,0,3,0.133,4.3,78.76,1
KL102832,DE,Organic,Plus,11,6,246,37.84,0.635,2,1,0.336,4.4,86.28,0
KL102833,CH,Social,Plus,34,3,205,39.48,0.086,0,0,0.343,4.8,45.01,1
KL102834,AT,Organic,Basic,7,1,224,37.65,0.354,3,0,0.476,5.0,14.31,1
KL102835,AT,Organic,Plus,10,3,244,35.36,0.255,0,1,0.351,4.4,40.31,1
KL102836,AT,Paid Search,Basic,22,4,188,28.28,0.763,2,0,0.594,4.2,42.99,0
KL102837,DE,Social,Plus,9,3,165,43.21,0.356,3,2,0.1,3.5,49.26,0
KL102838,DE,Organic,Basic,10,2,242,28.11,0.263,2,1,0.54,3.7,21.36,1
KL102839,DE,Social,Plus,51,7,159,39.56,0.537,1,2,0.236,3.0,105.23,0
KL102840,CH,Social,Plus,8,4,222,30.42,0.5,4,0,0.468,4.6,46.24,0
KL102841,DE,Paid Search,Basic,12,2,200,29.75,0.349,0,0,0.638,4.5,22.61,0
KL102842,DE,Organic,Basic,17,3,272,25.83,0.265,1,1,0.296,3.5,29.45,1
KL102843,DE,Social,Basic,4,3,194,37.88,0.387,1,1,0.532,4.6,43.18,1
KL102844,DE,Organic,Basic,26,1,190,26.65,0.5,3,0,0.486,3.9,10.13,0
KL102845,DE,Referral,Basic,2,1,223,27.6,0.402,0,0,0.493,3.7,10.49,0
KL102846,DE,Social,Premium,19,6,155,66.27,0.304,1,1,0.704,3.4,151.1,0
KL102847,DE,Organic,Premium,2,4,157,68.81,0.089,1,1,0.147,4.4,104.59,0
KL102848,CH,Social,Premium,55,6,219,50.61,0.366,1,0,0.401,4.4,115.39,0
KL102849,DE,Paid Search,Basic,68,6,127,30.5,0.666,2,0,0.696,3.1,69.54,0
KL102850,DE,Paid Search,Basic,34,5,216,14.44,,1,1,0.664,3.8,27.44,1
KL102851,DE,Paid Search,Basic,7,4,244,25.05,0.44,1,0,0.304,3.7,38.08,1
KL102852,CH,Paid Search,Plus,25,5,167,47.13,0.056,0,0,0.359,3.0,89.55,0
KL102853,DE,Social,Plus,28,4,197,58.56,0.466,1,1,0.376,4.1,89.01,1
KL102854,AT,Referral,Plus,13,4,158,34.06,0.393,2,0,0.338,4.2,51.77,0
KL102855,Other,Organic,Basic,12,3,235,21.36,0.578,2,0,0.513,5.0,24.35,1
KL102856,AT,Paid Search,Plus,4,3,150,28.53,0.669,4,0,0.18,4.3,32.52,0
KL102857,DE,Social,Premium,32,1,246,59.21,0.352,0,0,0.102,4.7,22.5,0
KL102858,AT,Social,Basic,14,1,212,46.33,0.626,1,1,0.386,5.0,17.61,1
KL102859,DE,Paid Search,Plus,20,10,110,29.29,0.405,2,1,0.673,4.0,111.3,1
KL102860,DE,Paid Search,Plus,5,1,187,17.12,0.185,1,2,0.229,4.0,6.51,0
KL102861,DE,Social,Basic,2,3,212,35.06,0.548,2,2,0.434,,39.97,1
KL102862,DE,Organic,Premium,1,4,145,71.87,0.334,0,0,0.171,4.4,109.24,0
KL102863,DE,Organic,Premium,34,7,182,65.39,0.134,0,0,0.452,4.9,173.94,0
KL102864,DE,Paid Search,Plus,38,4,193,43.03,0.499,1,1,0.435,4.9,65.41,0
KL102865,DE,Organic,Basic,26,3,181,34.29,0.563,1,3,0.588,3.2,39.09,0
KL102866,DE,Organic,Basic,27,3,212,34.46,0.237,0,0,0.091,4.0,39.28,1
KL102867,DE,Organic,Plus,30,7,135,33.83,0.411,4,0,0.321,4.7,89.99,0
KL102868,Other,Social,Basic,25,8,145,18.0,0.291,0,1,0.376,4.5,54.72,0
KL102869,DE,Referral,Basic,19,1,198,19.96,0.437,1,0,0.392,4.1,7.58,0
KL102870,AT,Paid Search,Basic,32,1,167,21.84,0.652,1,0,0.413,3.8,8.3,0
KL102871,DE,Organic,Basic,18,1,199,33.8,0.709,2,1,0.447,3.8,12.84,0
KL102872,DE,Social,Plus,21,5,124,50.44,,3,1,0.205,,95.84,0
KL102873,DE,Organic,Plus,2,5,160,39.26,0.359,2,2,0.229,3.4,74.59,1
KL102874,DE,Referral,Basic,4,3,135,30.26,0.508,2,0,0.453,3.8,34.5,0
KL102875,DE,Paid Search,Plus,3,3,159,41.26,0.636,1,0,0.478,4.4,47.04,0
KL102876,DE,Organic,Basic,25,2,171,21.32,0.147,0,2,0.09,4.0,16.2,0
KL102877,DE,Paid Search,Basic,36,5,194,20.96,0.724,1,0,0.347,4.9,39.82,0
KL102878,DE,Organic,Basic,2,1,177,28.52,0.118,1,0,0.097,5.0,10.84,1
KL102879,DE,Social,Basic,1,2,159,34.05,0.264,2,1,0.189,4.3,25.88,0
KL102880,DE,Organic,Basic,56,3,182,31.27,0.305,0,2,0.082,4.3,35.65,0
KL102881,DE,Social,Plus,46,3,262,40.39,0.413,3,0,0.466,4.3,46.04,0
KL102882,DE,Social,Basic,7,3,137,39.15,0.381,2,0,0.25,4.1,44.63,0
KL102883,DE,Social,Plus,9,5,204,54.5,0.369,1,2,0.57,3.9,103.55,1
KL102884,DE,Referral,Basic,13,2,215,15.92,0.565,1,2,0.343,3.5,12.1,1
KL102885,DE,Organic,Plus,17,1,284,32.51,0.297,1,0,0.172,,12.35,1
KL102886,DE,Paid Search,Plus,54,8,165,30.4,0.242,0,1,0.588,3.4,92.42,0
KL102887,Other,Social,Basic,4,2,205,35.21,0.223,0,1,0.371,5.0,26.76,1
KL102888,DE,Paid Search,Plus,9,5,181,39.75,0.33,0,0,0.58,3.9,75.53,0
KL102889,DE,Organic,Plus,30,6,170,42.47,0.043,2,1,0.361,,96.83,0
KL102890,DE,Organic,Basic,36,3,220,32.82,,3,1,0.229,4.5,37.41,0
KL102891,Other,Organic,Plus,3,4,169,41.91,0.365,2,1,0.5,4.2,63.7,0
KL102892,DE,Social,Plus,14,10,246,36.85,,2,0,0.19,4.9,140.03,0
KL102893,DE,Paid Search,Basic,11,3,225,19.22,0.401,1,0,0.211,4.5,21.91,0
KL102894,Other,Social,Premium,13,9,141,63.11,0.163,1,1,0.353,3.7,215.84,0
KL102895,DE,Referral,Basic,14,3,187,34.41,0.127,0,0,0.24,3.7,39.23,1
KL102896,Other,Organic,Plus,2,3,195,28.48,,3,0,0.037,4.1,32.47,0
KL102897,DE,Social,Premium,9,7,162,61.1,0.341,2,1,0.101,4.3,162.53,0
KL102898,AT,Organic,Premium,1,5,202,49.53,0.47,0,2,0.156,3.4,94.11,0
KL102899,DE,Organic,Plus,12,3,206,49.37,0.488,1,2,0.226,2.2,56.28,0
KL102900,DE,Organic,Plus,15,6,223,28.68,0.348,1,2,0.452,4.0,65.39,0
KL102901,Other,Organic,Basic,26,3,162,15.14,0.33,0,0,0.401,4.7,17.26,0
KL102902,DE,Paid Search,Basic,15,4,186,34.67,0.589,3,0,0.329,4.4,52.7,0
KL102903,Other,Paid Search,Premium,36,10,105,59.84,0.342,0,0,0.393,3.7,227.39,0
KL102904,DE,Organic,Basic,8,2,187,13.46,0.71,3,3,0.04,3.4,10.23,0
KL102905,AT,Organic,Plus,4,4,170,46.23,0.088,0,1,0.343,3.5,70.27,0
KL102906,Other,Social,Basic,5,6,199,28.9,0.253,0,1,0.525,3.6,65.89,1
KL102907,DE,Organic,Basic,15,1,189,43.51,0.254,0,1,0.13,4.0,16.53,0
KL102908,Other,Social,Basic,5,2,253,18.2,0.797,3,2,0.267,3.1,13.83,1
KL102909,DE,Referral,Plus,36,9,199,34.07,0.415,1,0,0.153,4.0,116.52,0
KL102910,AT,Social,Basic,60,4,213,22.04,0.702,3,0,0.187,4.1,33.5,0
KL102911,DE,Paid Search,Basic,7,4,148,35.83,0.217,0,2,0.238,4.2,54.46,0
KL102912,DE,Social,Premium,63,3,246,49.15,0.485,1,2,0.077,4.3,56.03,0
KL102913,AT,Social,Plus,15,0,205,39.04,0.515,1,0,0.272,4.4,14.84,1
KL102914,DE,Referral,Plus,6,6,160,43.9,0.649,4,0,0.403,4.3,100.09,0
KL102915,DE,Referral,Basic,5,3,214,37.3,0.497,3,0,0.198,4.5,42.52,0
KL102916,DE,Paid Search,Basic,14,3,166,20.87,0.854,6,2,0.242,4.0,23.79,0
KL102917,CH,Paid Search,Plus,10,7,208,44.05,0.315,1,1,0.274,3.6,117.17,0
KL102918,DE,Social,Basic,69,5,208,22.69,0.427,2,1,0.262,3.5,43.11,0
KL102919,AT,Organic,Basic,16,2,308,17.86,0.368,1,0,0.374,4.2,13.57,1
KL102920,Other,Paid Search,Premium,13,3,206,63.81,0.222,1,0,0.153,4.6,72.74,1
KL102921,DE,Social,Basic,8,2,199,25.46,0.434,4,1,0.041,4.1,19.35,0
KL102922,DE,Social,Premium,37,3,266,68.74,0.428,0,0,0.224,4.4,78.36,0
KL102923,AT,Paid Search,Basic,46,9,83,43.48,0.202,1,0,0.405,,148.7,0
KL102924,DE,Organic,Basic,23,8,164,31.21,0.369,0,0,0.037,5.0,94.88,0
KL102925,DE,Organic,Basic,35,7,159,27.67,0.711,3,0,0.029,4.5,73.6,0
KL102926,AT,Paid Search,Premium,12,9,191,69.08,0.28,2,1,0.193,4.0,236.25,0
KL102927,DE,Referral,Plus,21,1,321,35.75,0.114,0,0,0.289,4.6,13.58,1
KL102928,DE,Referral,Plus,28,8,132,47.98,0.49,1,0,0.332,4.0,145.86,0
KL102929,AT,Paid Search,Basic,11,4,228,22.37,0.255,1,0,0.164,4.2,34.0,0
KL102930,DE,Organic,Premium,72,10,189,67.23,0.302,0,1,0.396,4.7,255.47,0
KL102931,DE,Social,Plus,13,6,218,39.84,0.535,1,2,0.133,4.1,90.84,1
KL102932,DE,Social,Plus,6,3,205,39.48,0.164,3,2,0.69,4.2,45.01,1
KL102933,CH,Paid Search,Plus,15,6,197,54.36,0.277,2,0,0.328,4.3,123.94,0
KL102934,AT,Paid Search,Plus,19,5,147,34.46,0.183,0,1,0.251,4.7,65.47,0
KL102935,DE,Organic,Plus,45,4,250,45.47,0.183,2,1,0.168,3.7,69.11,0
KL102936,DE,Social,Basic,16,3,158,24.16,0.302,0,0,0.103,,27.54,0
KL102937,DE,Paid Search,Premium,4,3,162,71.8,0.146,1,1,0.405,3.7,81.85,1
KL102938,DE,Paid Search,Basic,5,0,210,17.05,0.172,1,0,0.335,4.1,6.48,1
KL102939,DE,Referral,Premium,25,6,152,61.92,,1,0,0.289,5.0,141.18,0
KL102940,Other,Social,Basic,8,4,203,20.23,0.625,5,1,0.209,3.5,30.75,0
KL102941,DE,Referral,Basic,9,3,185,40.2,0.378,2,0,0.162,4.9,45.83,0
KL102942,CH,Paid Search,Basic,17,3,166,37.92,0.495,3,1,0.282,4.2,43.23,0
KL102943,DE,Paid Search,Plus,9,5,141,35.94,0.761,3,1,0.216,3.6,68.29,0
KL102944,DE,Referral,Basic,3,3,238,18.4,0.662,3,0,0.062,4.8,20.98,0
KL102945,DE,Referral,Plus,1,4,206,38.05,0.166,1,1,0.191,3.9,57.84,1
KL102946,DE,Referral,Plus,3,4,142,48.08,0.476,2,0,0.313,4.6,73.08,0
KL102947,CH,Social,Basic,22,9,170,29.97,0.691,1,0,0.464,4.5,102.5,0
KL102948,Other,Paid Search,Plus,30,12,113,38.6,0.152,0,0,0.392,4.9,176.02,0
KL102949,CH,Organic,Plus,22,6,117,50.82,0.372,1,0,0.442,4.7,115.87,0
KL102950,DE,Paid Search,Premium,9,4,145,67.55,,3,0,0.124,3.8,102.68,0
KL102951,CH,Referral,Basic,5,4,224,20.96,0.28,1,1,0.266,3.9,31.86,1
KL102952,DE,Paid Search,Premium,9,6,219,48.21,0.316,4,2,0.207,2.2,109.92,1
KL102953,CH,Social,Basic,12,0,245,44.32,0.69,3,1,0.255,4.6,16.84,1
KL102954,DE,Referral,Plus,8,6,146,39.56,0.237,1,0,0.493,4.0,90.2,0
KL102955,DE,Referral,Plus,38,7,182,22.85,0.245,2,1,0.058,4.8,60.78,0
KL102956,DE,Referral,Basic,24,3,213,30.31,0.323,0,0,0.044,4.5,34.55,0
KL102957,DE,Paid Search,Basic,12,2,116,14.52,0.208,0,0,0.163,,11.04,0
KL102958,DE,Paid Search,Plus,2,5,200,52.17,0.209,0,0,0.235,4.6,99.12,1
KL102959,CH,Referral,Basic,11,2,211,37.68,0.362,3,1,0.264,3.8,28.64,1
KL102960,CH,Organic,Basic,43,10,222,26.07,0.301,4,1,0.488,4.2,99.07,0
KL102961,Other,Organic,Basic,22,9,218,19.08,0.379,0,0,0.176,4.9,65.25,0
KL102962,DE,Referral,Plus,13,7,161,45.84,0.207,1,2,0.526,3.0,121.93,1
KL102963,DE,Social,Basic,40,4,204,37.65,0.321,0,0,0.453,4.6,57.23,1
KL102964,DE,Paid Search,Basic,15,5,184,27.15,0.253,4,0,0.075,4.4,51.58,0
KL102965,DE,Organic,Premium,9,11,116,61.95,0.197,1,0,0.251,4.7,258.95,0
KL102966,DE,Paid Search,Plus,3,2,156,35.98,0.58,2,0,0.125,3.8,27.34,0
KL102967,DE,Referral,Plus,2,2,181,39.19,0.351,2,2,0.143,4.3,29.78,1
KL102968,DE,Paid Search,Plus,8,4,172,40.72,0.715,4,1,0.157,4.2,61.89,0
KL102969,DE,Paid Search,Basic,6,3,238,24.02,0.511,4,0,0.253,4.1,27.38,0
KL102970,DE,Paid Search,Basic,3,2,211,20.22,0.671,2,2,0.179,3.7,15.37,0
KL102971,AT,Referral,Basic,15,4,168,41.2,0.361,2,0,0.385,4.5,62.62,0
KL102972,DE,Referral,Basic,41,4,162,26.04,,3,0,0.466,4.9,39.58,0
KL102973,Other,Paid Search,Basic,26,5,195,23.74,0.503,1,0,0.102,4.3,45.11,0
KL102974,DE,Paid Search,Plus,3,8,145,43.55,0.098,1,1,0.111,4.5,132.39,0
KL102975,CH,Organic,Basic,2,3,159,29.91,0.511,1,1,0.521,4.3,34.1,0
KL102976,AT,Paid Search,Basic,18,0,187,27.49,0.172,0,1,0.213,4.5,10.45,0
KL102977,AT,Organic,Premium,25,8,218,55.88,0.582,5,1,0.318,5.0,169.88,0
KL102978,AT,Paid Search,Basic,29,6,168,27.92,0.748,1,0,0.132,4.3,63.66,0
KL102979,CH,Paid Search,Plus,12,9,187,43.16,0.6,3,0,0.199,3.8,147.61,0
KL102980,DE,Organic,Basic,4,0,158,30.57,0.188,0,0,0.044,4.4,11.62,0
KL102981,DE,Organic,Plus,20,4,229,44.11,0.267,1,1,0.12,4.4,67.05,0
KL102982,DE,Organic,Basic,18,3,223,29.48,0.445,4,0,0.221,4.0,33.61,0
KL102983,DE,Organic,Basic,39,4,219,19.42,0.428,2,1,0.451,3.9,29.52,0
KL102984,DE,Social,Plus,11,1,156,62.33,0.26,0,1,0.454,3.9,23.69,1
KL102985,DE,Organic,Basic,6,3,197,31.63,0.152,2,1,0.468,3.5,36.06,0
KL102986,DE,Organic,Basic,2,2,175,34.07,0.09,0,0,0.701,4.3,25.89,0
KL102987,DE,Referral,Basic,6,6,131,32.89,0.269,0,1,0.266,5.0,74.99,0
KL102988,DE,Organic,Plus,26,6,106,41.04,0.235,3,0,0.149,3.6,93.57,0
KL102989,DE,Referral,Basic,13,6,134,20.0,0.329,0,0,0.299,3.1,45.6,0
KL102990,CH,Paid Search,Plus,13,8,116,40.24,0.67,2,0,0.145,4.6,122.33,0
KL102991,CH,Social,Plus,17,7,191,34.33,0.359,1,2,0.189,4.3,91.32,0
KL102992,DE,Paid Search,Plus,8,4,167,29.82,0.54,2,0,0.245,4.6,45.33,0
KL102993,DE,Organic,Plus,16,5,175,58.69,0.481,1,1,0.133,3.1,111.51,0
KL102994,DE,Social,Basic,17,2,246,34.5,0.349,1,0,0.353,4.6,26.22,1
KL102995,DE,Social,Premium,64,7,166,65.79,0.26,1,1,0.678,3.3,175.0,0
KL102996,AT,Paid Search,Basic,20,11,107,28.52,0.398,2,0,0.328,4.7,119.21,0
KL102997,DE,Social,Basic,14,2,211,32.86,0.125,0,0,0.368,4.7,24.97,1
KL102998,Other,Paid Search,Plus,14,5,153,40.96,0.577,2,1,0.757,4.1,77.82,1
KL102999,DE,Referral,Plus,5,6,111,37.01,0.282,3,1,0.358,3.9,84.38,0
KL103000,CH,Social,Basic,20,2,217,38.82,0.632,2,0,0.181,4.6,29.5,0
KL103001,DE,Organic,Premium,7,5,203,57.58,0.544,2,1,0.353,3.9,109.4,0
KL103002,DE,Social,Premium,8,5,173,74.39,0.673,0,0,0.336,3.5,141.34,0
KL103003,AT,Referral,Basic,21,5,175,28.1,0.776,2,1,0.283,3.5,53.39,0
KL103004,DE,Social,Plus,17,5,165,43.92,0.406,2,0,0.475,3.6,83.45,0
KL103005,CH,Organic,Plus,6,5,234,39.07,0.419,0,0,0.475,4.1,74.23,0
KL103006,DE,Social,Premium,22,8,166,55.68,0.623,5,3,0.58,,169.27,0
KL103007,DE,Social,Plus,26,2,200,35.97,0.273,1,2,0.099,3.6,27.34,1
KL103008,DE,Organic,Basic,5,3,230,30.28,,2,1,0.359,5.0,34.52,1
KL103009,AT,Referral,Plus,6,6,209,34.89,0.217,2,1,0.184,4.4,79.55,0
KL103010,DE,Paid Search,Basic,21,6,188,21.0,0.688,3,1,0.347,4.0,47.88,0
KL103011,CH,Social,Plus,8,3,230,47.61,0.166,1,0,0.182,4.7,54.28,0
KL103012,CH,Social,Plus,3,3,215,45.09,0.503,3,1,0.119,4.6,51.4,0
KL103013,AT,Organic,Plus,49,1,214,31.44,0.675,2,1,0.53,4.2,11.95,1
KL103014,DE,Referral,Basic,7,7,199,37.29,0.329,2,0,0.819,4.3,99.19,0
KL103015,AT,Paid Search,Basic,46,6,139,37.99,0.642,4,0,0.186,4.4,86.62,0
KL103016,Other,Paid Search,Plus,11,2,171,39.78,0.34,3,2,0.438,4.2,30.23,0
KL103017,DE,Paid Search,Basic,14,6,189,14.16,0.581,2,0,0.23,5.0,32.28,0
KL103018,DE,Organic,Basic,6,3,172,16.62,0.28,4,1,0.212,4.2,18.95,0
KL103019,DE,Social,Basic,52,5,209,23.34,0.551,0,1,0.605,3.9,44.35,1
KL103020,DE,Paid Search,Premium,9,10,149,74.4,0.283,2,1,0.53,4.4,282.72,0
KL103021,AT,Referral,Basic,5,4,260,29.08,0.606,2,0,0.124,4.7,44.2,0
KL103022,DE,Referral,Plus,3,6,137,32.11,0.414,3,1,0.113,3.1,73.21,0
KL103023,DE,Social,Plus,28,9,181,53.58,0.173,1,1,0.045,4.2,183.24,0
KL103024,DE,Organic,Plus,21,2,187,41.52,0.424,4,0,0.081,3.6,31.56,0
KL103025,DE,Social,Plus,4,4,198,48.34,0.457,1,2,0.416,4.1,73.48,0
KL103026,DE,Organic,Basic,36,7,189,25.37,0.577,2,0,0.075,3.9,67.48,0
KL103027,CH,Social,Basic,10,3,210,12.54,0.465,3,0,0.552,4.7,14.3,0
KL103028,DE,Paid Search,Basic,11,1,230,13.83,0.4,3,0,0.354,5.0,5.26,0
KL103029,DE,Referral,Plus,21,2,219,35.21,0.215,2,0,0.076,4.1,26.76,0
KL103030,CH,Paid Search,Plus,63,5,172,44.37,0.522,2,0,0.396,4.7,84.3,0
KL103031,DE,Organic,Plus,14,3,226,45.37,0.455,3,0,0.24,4.2,51.72,0
KL103032,DE,Referral,Plus,23,7,196,56.83,0.691,3,0,0.472,,151.17,0
KL103033,DE,Paid Search,Plus,46,9,136,41.77,0.071,0,0,0.519,3.6,142.85,0
KL103034,Other,Social,Premium,35,5,153,64.16,0.226,2,0,0.123,3.8,121.9,0
KL103035,AT,Referral,Plus,23,6,182,34.17,0.899,3,1,0.145,4.2,77.91,0
KL103036,DE,Paid Search,Basic,20,2,211,35.28,0.042,0,0,0.299,5.0,26.81,1
KL103037,DE,Paid Search,Basic,31,4,132,39.56,0.234,0,0,0.347,4.8,60.13,0
KL103038,DE,Paid Search,Plus,9,2,212,36.93,0.212,0,1,0.354,3.9,28.07,1
KL103039,AT,Social,Plus,17,7,136,41.0,0.134,0,0,0.243,3.5,109.06,0
KL103040,DE,Referral,Plus,35,4,121,44.75,0.302,1,1,0.56,4.8,68.02,0
KL103041,Other,Organic,Basic,5,3,210,21.5,0.569,3,1,0.281,4.5,24.51,0
KL103042,CH,Social,Plus,10,3,154,27.75,0.752,1,1,0.5,4.4,31.64,0
KL103043,DE,Organic,Basic,13,2,249,29.1,,1,1,0.464,4.2,22.12,1
KL103044,AT,Paid Search,Basic,5,3,223,32.56,0.012,0,0,0.244,4.7,37.12,0
KL103045,Other,Social,Plus,16,4,197,34.5,0.714,3,0,0.447,3.6,52.44,0
KL103046,DE,Referral,Plus,1,2,253,41.83,0.451,0,1,0.685,3.8,31.79,1
KL103047,AT,Paid Search,Basic,72,10,174,44.47,0.468,3,1,0.225,4.0,168.99,0
KL103048,CH,Paid Search,Basic,13,2,173,36.79,0.146,0,1,0.235,,27.96,0
KL103049,DE,Organic,Plus,4,6,207,46.0,0.339,2,0,0.166,3.9,104.88,0
KL103050,CH,Organic,Basic,15,0,196,23.67,0.534,4,0,0.197,3.7,8.99,0
KL103051,DE,Paid Search,Basic,24,7,196,33.01,0.625,3,1,0.454,3.5,87.81,0
KL103052,AT,Social,Plus,53,7,149,28.86,0.771,4,2,0.702,3.9,76.77,0
KL103053,CH,Paid Search,Plus,8,7,120,41.16,0.316,0,1,0.083,4.7,109.49,0
KL103054,DE,Organic,Basic,16,3,211,23.78,0.364,1,0,0.13,4.9,27.11,0
KL103055,DE,Social,Plus,3,5,163,47.97,0.237,1,2,0.326,4.1,91.14,0
KL103056,DE,Organic,Plus,6,5,218,24.53,0.426,1,1,0.11,4.4,46.61,1
KL103057,DE,Organic,Basic,7,5,226,48.05,0.782,5,1,0.312,3.8,91.3,0
KL103058,DE,Referral,Basic,1,3,136,24.43,,3,0,0.2,4.6,27.85,0
KL103059,DE,Organic,Basic,15,4,188,40.88,0.806,2,0,0.601,4.3,62.14,0
KL103060,DE,Paid Search,Basic,4,1,235,33.78,0.279,2,0,0.581,,12.84,1
KL103061,DE,Paid Search,Plus,12,6,176,44.56,0.499,0,3,0.63,4.2,101.6,0
KL103062,DE,Organic,Basic,37,2,209,29.88,0.745,5,0,0.466,4.4,22.71,0
KL103063,CH,Organic,Premium,8,8,165,65.59,0.657,3,0,0.362,4.1,199.39,0
KL103064,DE,Organic,Basic,1,4,132,24.11,0.35,5,1,0.627,3.6,36.65,0
KL103065,DE,Paid Search,Plus,14,1,268,45.36,0.444,1,0,0.248,5.0,17.24,1
KL103066,DE,Referral,Plus,28,5,203,40.37,0.374,1,2,0.263,3.0,76.7,0
KL103067,DE,Paid Search,Plus,47,4,165,46.37,0.256,1,0,0.533,4.6,70.48,0
KL103068,AT,Paid Search,Premium,3,4,162,68.28,0.417,2,0,0.457,4.5,103.79,0
KL103069,DE,Paid Search,Plus,41,10,170,38.79,0.35,0,0,0.098,4.2,147.4,0
KL103070,DE,Referral,Basic,41,7,173,23.96,0.628,1,1,0.298,4.6,63.73,0
KL103071,Other,Organic,Premium,24,5,193,67.13,0.401,0,0,0.586,4.5,127.55,0
KL103072,CH,Social,Premium,15,5,199,68.36,0.257,1,0,0.202,3.8,129.88,0
KL103073,AT,Organic,Premium,19,8,164,61.04,0.631,3,0,0.035,4.5,185.56,0
KL103074,CH,Referral,Basic,4,1,146,19.93,0.447,2,0,0.083,3.9,7.57,0
KL103075,CH,Organic,Basic,56,3,182,30.03,0.381,5,0,0.604,,34.23,0
KL103076,DE,Organic,Basic,40,3,216,30.83,0.033,0,1,0.21,3.3,35.15,0
KL103077,DE,Paid Search,Plus,13,7,187,42.93,0.37,1,0,0.397,5.0,114.19,0
KL103078,DE,Organic,Basic,6,2,187,27.24,0.768,3,1,0.336,4.4,20.7,1
KL103079,DE,Social,Basic,72,3,195,34.35,0.398,2,1,0.435,4.2,39.16,0
KL103080,DE,Social,Plus,15,4,229,34.22,0.097,1,0,0.348,4.2,52.01,1
KL103081,DE,Social,Basic,20,6,221,21.3,0.704,3,2,0.519,3.4,48.56,0
KL103082,AT,Organic,Plus,68,3,208,37.41,0.642,2,1,0.126,3.5,42.65,0
KL103083,CH,Social,Basic,4,3,227,27.07,0.215,0,1,0.565,4.2,30.86,1
KL103084,CH,Organic,Plus,14,1,224,36.92,0.265,2,0,0.198,3.6,14.03,0
KL103085,DE,Referral,Basic,22,1,237,23.09,0.741,0,2,0.58,3.9,8.77,1
KL103086,DE,Social,Plus,10,9,148,49.25,0.418,2,0,0.693,4.0,168.44,0
KL103087,DE,Paid Search,Plus,16,1,191,41.34,0.456,4,1,0.355,4.2,15.71,0
KL103088,DE,Social,Basic,33,8,221,34.42,0.839,1,1,0.311,3.4,104.64,0
KL103089,CH,Paid Search,Basic,2,2,267,28.04,0.599,3,0,0.061,4.1,21.31,1
KL103090,CH,Paid Search,Plus,4,3,197,36.3,0.458,3,0,0.449,3.3,41.38,0
KL103091,CH,Organic,Plus,13,3,210,50.86,0.077,0,2,0.292,3.3,57.98,1
KL103092,CH,Social,Basic,31,6,178,24.77,0.187,0,0,0.3,3.9,56.48,1
KL103093,Other,Paid Search,Plus,7,0,222,44.71,0.494,2,0,0.136,4.2,16.99,0
KL103094,DE,Organic,Basic,10,1,215,33.88,0.5,1,1,0.164,4.0,12.87,1
KL103095,DE,Social,Basic,25,5,221,26.49,0.609,3,1,0.175,3.9,50.33,0
KL103096,DE,Organic,Basic,7,2,167,25.97,0.082,0,1,0.236,4.3,19.74,0
KL103097,DE,Social,Basic,40,2,183,21.73,0.853,6,0,0.626,3.9,16.51,0
KL103098,DE,Organic,Basic,25,3,229,28.83,0.531,1,1,0.163,3.6,32.87,0
KL103099,DE,Paid Search,Basic,15,3,203,21.86,0.439,5,2,0.504,3.5,24.92,0
KL103100,Other,Social,Basic,13,4,233,25.78,0.063,0,1,0.685,4.7,39.19,1
KL103101,DE,Organic,Basic,10,2,208,25.11,0.448,3,0,0.48,5.0,19.08,1
KL103102,Other,Social,Plus,10,1,226,37.43,0.587,3,0,0.336,4.5,14.22,0
KL103103,CH,Paid Search,Plus,32,3,190,44.09,0.192,0,0,0.129,5.0,50.26,0
KL103104,AT,Social,Basic,1,1,261,37.1,0.479,3,0,0.169,4.9,14.1,1
KL103105,AT,Organic,Basic,20,3,228,34.19,0.238,1,0,0.047,4.8,38.98,1
KL103106,DE,Social,Plus,53,6,134,26.42,0.638,2,0,0.278,4.5,60.24,0
KL103107,AT,Paid Search,Plus,47,7,187,42.29,0.517,0,1,0.577,4.2,112.49,0
KL103108,DE,Paid Search,Plus,16,3,234,59.71,0.496,3,1,0.461,3.7,68.07,1
KL103109,Other,Paid Search,Basic,4,3,196,28.7,0.379,0,1,0.689,3.5,32.72,1
KL103110,DE,Paid Search,Basic,6,0,246,25.32,0.067,0,0,0.179,4.8,9.62,1
KL103111,DE,Paid Search,Basic,13,2,251,38.2,0.579,1,0,0.23,4.9,29.03,1
KL103112,AT,Organic,Plus,6,6,170,41.77,0.776,4,1,0.639,4.0,95.24,0
KL103113,AT,Paid Search,Basic,4,1,226,37.34,0.143,0,1,0.62,3.3,14.19,1
KL103114,DE,Social,Basic,3,3,181,26.63,0.134,1,0,0.216,4.4,30.36,0
KL103115,AT,Paid Search,Basic,13,2,224,31.3,0.285,0,0,0.275,4.4,23.79,1
KL103116,DE,Organic,Plus,37,7,133,36.89,0.389,1,1,0.215,3.3,98.13,0
KL103117,AT,Paid Search,Basic,15,4,213,35.95,0.586,4,1,0.058,4.4,54.64,1
KL103118,DE,Paid Search,Plus,18,9,204,41.58,0.513,2,0,0.694,4.4,142.2,0
KL103119,DE,Social,Basic,2,4,159,29.02,0.452,1,1,0.089,4.4,44.11,0
KL103120,DE,Referral,Basic,10,4,237,35.45,0.331,0,2,0.259,5.0,53.88,0
KL103121,DE,Paid Search,Basic,8,5,181,31.66,0.424,1,1,0.141,3.7,60.15,0
KL103122,DE,Social,Premium,23,3,176,63.62,0.452,1,1,0.218,4.1,72.53,0
KL103123,DE,Organic,Basic,3,0,215,16.87,0.126,0,1,0.274,3.3,6.41,1
KL103124,DE,Referral,Basic,23,10,144,27.1,0.532,3,0,0.518,4.8,102.98,0
KL103125,DE,Organic,Plus,5,7,153,39.12,0.378,3,0,0.029,4.2,104.06,0
KL103126,DE,Paid Search,Basic,2,0,263,28.12,0.289,1,1,0.633,3.7,10.69,1
KL103127,DE,Organic,Basic,11,2,197,26.3,0.372,1,1,0.422,3.6,19.99,0
KL103128,AT,Organic,Basic,14,3,210,38.01,0.561,4,0,0.455,4.5,43.33,0
KL103129,Other,Social,Plus,23,6,249,46.27,0.182,0,2,0.559,3.8,105.5,1
KL103130,DE,Organic,Basic,2,4,185,25.2,0.292,1,1,0.257,4.1,38.3,0
KL103131,CH,Organic,Plus,21,3,182,47.54,0.605,3,0,0.508,4.7,54.2,0
KL103132,DE,Organic,Plus,11,1,201,53.5,0.273,1,0,0.433,3.3,20.33,0
KL103133,DE,Referral,Plus,70,12,166,36.9,0.494,6,0,0.335,4.1,168.26,0
KL103134,AT,Social,Basic,28,3,195,26.16,0.42,2,1,0.479,5.0,29.82,1
KL103135,CH,Referral,Plus,35,4,200,36.57,0.363,0,0,0.161,4.5,55.59,1
KL103136,CH,Social,Premium,59,5,158,67.92,0.408,1,1,0.38,3.6,129.05,0
KL103137,DE,Referral,Plus,27,5,172,58.67,0.571,0,0,0.21,4.0,111.47,0
KL103138,CH,Paid Search,Basic,7,1,248,37.46,0.468,1,1,0.464,4.5,14.23,1
KL103139,DE,Organic,Plus,40,4,139,39.45,0.212,0,0,0.077,4.3,59.96,0
KL103140,DE,Organic,Plus,40,5,120,47.12,0.405,2,0,0.397,4.5,89.53,0
KL103141,DE,Organic,Premium,15,5,165,74.86,0.388,1,1,0.423,3.5,142.23,0
KL103142,Other,Social,Basic,2,2,192,14.98,0.461,1,1,0.368,4.7,11.38,1
KL103143,DE,Organic,Plus,6,3,189,34.02,0.359,1,3,0.317,2.7,38.78,1
KL103144,CH,Organic,Plus,5,5,174,49.45,0.224,2,0,0.354,4.4,93.96,0
KL103145,AT,Social,Premium,7,7,166,53.22,0.281,0,0,0.083,4.4,141.57,0
KL103146,AT,Organic,Plus,21,2,192,42.57,0.561,2,1,0.403,4.3,32.35,0
KL103147,AT,Organic,Premium,4,6,222,70.81,0.543,2,0,0.677,4.4,161.45,1
KL103148,CH,Organic,Basic,1,2,235,30.57,0.796,7,1,0.475,5.0,23.23,0
KL103149,DE,Social,Basic,48,6,170,27.25,0.47,3,0,0.436,4.5,62.13,0
KL103150,DE,Organic,Basic,4,1,246,39.0,0.362,2,0,0.321,4.6,14.82,1
KL103151,DE,Organic,Plus,8,6,83,48.68,0.429,2,0,0.284,4.3,110.99,0
KL103152,DE,Organic,Basic,5,6,186,45.65,0.661,2,0,0.342,4.3,104.08,0
KL103153,DE,Social,Plus,15,1,244,33.04,0.533,2,0,0.469,4.3,12.56,1
KL103154,DE,Organic,Premium,7,6,154,60.79,0.647,5,0,0.46,4.2,138.6,0
KL103155,DE,Organic,Premium,12,5,200,64.48,0.717,8,0,0.4,4.6,122.51,0
KL103156,DE,Referral,Plus,3,4,168,52.41,,0,1,0.138,3.9,79.66,0
KL103157,DE,Social,Plus,16,6,186,47.94,0.086,0,1,0.432,3.7,109.3,1
KL103158,CH,Organic,Basic,5,1,168,24.76,,0,1,0.308,4.2,9.41,1
KL103159,DE,Organic,Basic,9,2,237,20.17,0.648,1,0,0.345,4.5,15.33,1
KL103160,Other,Organic,Plus,12,2,206,33.29,0.372,3,0,0.724,4.2,25.3,1
KL103161,Other,Social,Plus,10,5,190,55.95,0.728,3,2,0.39,2.9,106.3,0
KL103162,DE,Organic,Basic,14,3,195,27.81,0.225,1,0,0.511,,31.7,0
KL103163,AT,Referral,Basic,34,9,188,29.59,0.568,0,3,0.435,3.3,101.2,0
KL103164,DE,Social,Plus,7,5,191,34.05,0.752,1,3,0.253,2.7,64.7,1
KL103165,AT,Paid Search,Basic,17,6,207,28.25,,2,1,0.638,5.0,64.41,1
KL103166,DE,Organic,Plus,14,8,139,35.15,0.218,1,0,0.212,4.0,106.86,0
KL103167,DE,Referral,Basic,21,8,178,29.05,0.295,0,2,0.173,3.7,88.31,0
KL103168,DE,Social,Plus,4,4,245,39.34,,3,0,0.409,4.8,59.8,0
KL103169,DE,Social,Plus,13,5,238,36.28,0.202,0,0,0.329,5.0,68.93,1
KL103170,Other,Organic,Plus,4,3,108,51.58,0.154,0,0,0.407,4.3,58.8,0
KL103171,AT,Social,Plus,18,5,188,52.24,0.488,1,3,0.183,2.6,99.26,0
KL103172,AT,Social,Basic,4,0,170,31.97,0.07,0,2,0.524,4.1,12.15,1
KL103173,Other,Referral,Basic,5,0,208,13.64,0.354,2,2,0.093,4.0,5.18,0
KL103174,AT,Paid Search,Premium,9,5,163,56.55,0.532,3,0,0.603,4.5,107.44,0
KL103175,DE,Paid Search,Basic,15,2,227,19.88,0.361,4,0,0.065,4.0,15.11,0
KL103176,CH,Paid Search,Plus,8,5,177,57.04,0.512,0,1,0.234,3.7,108.38,0
KL103177,DE,Social,Basic,23,6,148,36.48,0.319,0,0,0.085,4.3,83.17,0
KL103178,DE,Referral,Plus,4,6,192,52.87,0.809,5,0,0.369,4.7,120.54,0
KL103179,DE,Paid Search,Basic,18,3,161,22.01,0.884,1,0,0.72,4.0,25.09,0
KL103180,Other,Organic,Plus,25,5,155,29.73,0.408,1,2,0.157,4.1,56.49,0
KL103181,DE,Organic,Plus,22,8,144,50.13,0.313,1,2,0.583,3.7,152.4,0
KL103182,DE,Paid Search,Basic,12,5,175,9.86,0.045,0,0,0.426,3.8,18.73,0
KL103183,DE,Social,Basic,26,2,212,28.65,0.401,3,0,0.158,4.6,21.77,0
KL103184,DE,Organic,Premium,10,4,196,69.83,0.285,0,0,0.141,4.6,106.14,0
KL103185,DE,Paid Search,Plus,3,7,144,33.04,0.391,0,1,0.348,3.3,87.89,0
KL103186,AT,Referral,Premium,8,3,206,77.08,0.127,2,0,0.3,4.3,87.87,1
KL103187,CH,Paid Search,Plus,11,5,184,39.72,0.065,0,0,0.27,3.6,75.47,1
KL103188,DE,Organic,Plus,1,1,214,44.61,0.388,1,1,0.629,4.2,16.95,1
KL103189,DE,Paid Search,Plus,12,6,120,46.26,0.265,3,0,0.08,4.4,105.47,0
KL103190,DE,Paid Search,Premium,2,8,173,66.52,0.367,1,1,0.465,4.4,202.22,0
KL103191,DE,Organic,Plus,31,2,226,37.5,,1,1,0.429,3.4,28.5,0
KL103192,DE,Social,Basic,2,4,215,21.51,,0,1,0.667,4.4,32.7,0
KL103193,AT,Paid Search,Plus,11,6,178,45.05,0.295,0,2,0.623,,102.71,0
KL103194,AT,Social,Premium,19,7,202,70.02,0.358,2,3,0.266,3.4,186.25,1
KL103195,DE,Paid Search,Basic,35,4,206,35.82,0.38,1,0,0.02,4.8,54.45,0
KL103196,DE,Organic,Basic,8,0,206,26.81,0.397,5,0,0.64,4.7,10.19,0
KL103197,DE,Organic,Plus,11,9,146,42.64,0.397,1,0,0.016,4.1,145.83,0
KL103198,DE,Organic,Plus,6,6,152,34.94,0.836,7,0,0.111,3.9,79.66,0
KL103199,Other,Organic,Basic,20,2,170,36.18,0.076,0,1,0.302,4.2,27.5,1
KL103200,CH,Social,Plus,6,7,189,35.23,0.342,0,0,0.192,4.5,93.71,0
KL103201,Other,Organic,Plus,19,7,155,46.72,0.217,1,1,0.278,3.0,124.28,0
KL103202,CH,Social,Basic,18,2,229,36.11,0.309,0,1,0.241,3.2,27.44,1
KL103203,AT,Organic,Plus,43,10,206,49.98,0.539,2,0,0.465,4.4,189.92,0
KL103204,Other,Organic,Basic,13,5,217,17.11,0.21,1,0,0.265,4.4,32.51,0
KL103205,DE,Organic,Plus,7,3,163,29.65,0.627,0,0,0.232,4.5,33.8,0
KL103206,DE,Paid Search,Basic,7,4,169,20.65,0.455,3,1,0.685,3.4,31.39,1
KL103207,DE,Social,Plus,67,12,144,33.53,0.439,3,2,0.453,4.4,152.9,0
KL103208,DE,Social,Basic,7,5,195,44.89,0.541,1,0,0.314,4.4,85.29,0
KL103209,DE,Organic,Premium,20,10,187,67.96,0.666,5,0,0.129,4.2,258.25,1
KL103210,DE,Paid Search,Plus,26,11,120,31.88,0.297,1,0,0.46,4.4,133.26,0
KL103211,AT,Social,Basic,40,3,152,20.04,0.13,0,2,0.157,4.1,22.85,0
KL103212,CH,Organic,Premium,12,4,156,77.52,0.576,1,1,0.089,4.1,117.83,0
KL103213,DE,Organic,Basic,72,7,206,38.36,0.521,2,1,0.268,4.1,102.04,0
KL103214,DE,Organic,Plus,6,6,178,31.41,0.506,5,1,0.118,3.1,71.61,0
KL103215,AT,Organic,Premium,11,6,202,71.2,0.381,3,2,0.185,3.0,162.34,0
KL103216,DE,Referral,Premium,26,3,185,62.48,0.167,2,0,0.114,4.9,71.23,1
KL103217,DE,Paid Search,Plus,47,7,139,40.37,0.13,0,1,0.545,3.4,107.38,0
KL103218,DE,Paid Search,Premium,5,5,203,54.16,0.178,1,0,0.259,4.0,102.9,0
KL103219,DE,Social,Basic,33,8,110,24.85,0.526,2,1,0.516,,75.54,0
KL103220,DE,Paid Search,Basic,8,8,174,19.71,0.774,2,1,0.289,3.4,59.92,0
KL103221,CH,Social,Basic,13,3,253,38.12,0.497,1,2,0.391,3.5,43.46,1
KL103222,AT,Organic,Basic,17,4,109,20.25,0.501,1,0,0.185,5.0,30.78,0
KL103223,AT,Paid Search,Plus,55,8,124,51.27,0.165,2,0,0.248,5.0,155.86,0
KL103224,DE,Organic,Basic,53,7,164,24.9,0.25,1,0,0.057,4.4,66.23,0
KL103225,CH,Organic,Plus,18,2,188,26.63,0.319,1,0,0.488,4.1,20.24,0
KL103226,AT,Organic,Basic,20,2,200,22.71,0.234,3,1,0.636,4.2,17.26,0
KL103227,DE,Social,Basic,72,6,250,17.82,0.4,1,0,0.377,4.8,40.63,0
KL103228,AT,Social,Plus,25,6,149,45.46,0.295,0,0,0.316,4.3,103.65,0
KL103229,DE,Social,Basic,23,3,189,18.19,0.649,3,0,0.249,3.6,20.74,0
KL103230,DE,Organic,Plus,14,3,162,37.92,0.722,3,1,0.411,3.9,43.23,0
KL103231,DE,Referral,Plus,6,3,147,44.07,0.378,3,0,0.223,4.6,50.24,0
KL103232,DE,Organic,Plus,7,9,164,31.85,0.39,2,1,0.82,3.2,108.93,0
KL103233,DE,Social,Premium,20,6,115,75.56,0.197,1,0,0.297,4.1,172.28,0
KL103234,DE,Social,Premium,12,6,127,66.06,0.205,1,1,0.255,,150.62,0
KL103235,DE,Paid Search,Basic,20,4,190,28.13,0.546,2,1,0.345,4.1,42.76,1
KL103236,Other,Paid Search,Plus,34,5,201,29.37,0.399,0,2,0.594,3.5,55.8,0
KL103237,DE,Social,Basic,4,3,166,23.26,0.662,6,0,0.136,3.9,26.52,0
KL103238,DE,Social,Basic,4,2,178,25.2,0.516,1,0,0.8,3.7,19.15,1
KL103239,DE,Organic,Plus,45,4,131,31.55,0.502,2,0,0.449,5.0,47.96,0
KL103240,CH,Social,Plus,9,4,206,48.27,0.399,2,0,0.385,4.8,73.37,1
KL103241,DE,Organic,Plus,34,9,149,41.6,0.35,1,2,0.109,4.0,142.27,0
KL103242,CH,Paid Search,Plus,16,3,196,34.39,0.125,0,0,0.149,4.5,39.2,0
KL103243,DE,Social,Plus,19,4,142,38.54,0.222,0,0,0.046,4.2,58.58,0
KL103244,DE,Social,Plus,25,4,216,41.57,0.171,2,0,0.174,3.9,63.19,1
KL103245,DE,Paid Search,Basic,15,2,186,43.2,0.378,0,0,0.533,4.1,32.83,0
KL103246,DE,Organic,Basic,6,5,211,30.44,0.306,0,2,0.625,3.5,57.84,1
KL103247,CH,Paid Search,Plus,21,4,165,34.76,0.389,0,1,0.38,3.9,52.84,0
KL103248,CH,Organic,Plus,72,7,175,35.9,0.504,2,1,0.315,3.6,95.49,0
KL103249,DE,Paid Search,Basic,19,4,162,23.97,0.122,1,1,0.474,4.2,36.43,0
KL103250,Other,Paid Search,Basic,3,2,238,31.82,0.336,5,4,0.26,3.4,24.18,1
KL103251,DE,Social,Basic,7,4,146,30.35,0.292,3,0,0.13,4.2,46.13,0
KL103252,DE,Organic,Plus,36,10,151,44.98,0.64,5,1,0.153,4.1,170.92,0
KL103253,DE,Organic,Basic,30,4,145,26.4,0.137,1,0,0.387,5.0,40.13,0
KL103254,DE,Paid Search,Basic,5,3,181,14.73,,1,0,0.484,4.7,16.79,1
KL103255,CH,Organic,Basic,25,3,218,31.51,0.354,2,0,0.329,5.0,35.92,0
KL103256,DE,Organic,Basic,7,0,180,20.97,0.211,1,0,0.24,4.9,7.97,1
KL103257,DE,Paid Search,Plus,36,4,204,45.48,0.723,1,1,0.525,4.7,69.13,0
KL103258,DE,Paid Search,Premium,9,4,214,54.3,0.326,0,1,0.213,4.0,82.54,0
KL103259,DE,Organic,Basic,16,5,110,27.05,0.707,3,2,0.116,3.9,51.4,0
KL103260,DE,Paid Search,Plus,16,3,213,47.08,0.392,0,0,0.56,4.5,53.67,1
KL103261,AT,Social,Plus,26,3,235,57.07,0.154,1,1,0.509,4.5,65.06,1
KL103262,DE,Paid Search,Plus,36,5,154,36.91,0.31,2,1,0.29,3.7,70.13,0
KL103263,DE,Organic,Basic,18,4,158,38.84,0.482,1,1,0.083,4.5,59.04,0
KL103264,DE,Organic,Basic,7,0,163,35.5,0.333,1,0,0.538,3.2,13.49,1
KL103265,DE,Organic,Premium,19,6,138,61.38,0.347,2,2,0.51,3.7,139.95,0
KL103266,DE,Paid Search,Premium,54,7,200,64.37,0.173,0,2,0.625,3.5,171.22,0
KL103267,CH,Social,Basic,72,7,149,22.92,0.151,0,1,0.519,3.5,60.97,0
KL103268,Other,Organic,Plus,20,2,221,35.48,0.325,0,0,0.21,4.4,26.96,1
KL103269,DE,Organic,Basic,2,3,174,15.69,0.405,3,0,0.28,3.8,17.89,0
KL103270,Other,Organic,Basic,4,7,160,19.4,0.587,2,0,0.198,4.5,51.6,0
KL103271,DE,Organic,Basic,6,2,248,8.0,0.276,1,0,0.253,3.9,6.08,1
KL103272,AT,Referral,Plus,22,4,235,42.46,0.589,3,0,0.24,3.7,64.54,0
KL103273,AT,Organic,Basic,11,2,209,39.51,0.58,1,1,0.5,3.5,30.03,1
KL103274,AT,Organic,Basic,34,7,157,29.43,0.211,0,3,0.475,2.9,78.28,0
KL103275,CH,Paid Search,Basic,39,3,168,27.89,0.299,0,2,0.152,3.3,31.79,0
KL103276,DE,Organic,Basic,31,6,200,22.64,0.534,3,2,0.382,3.8,51.62,0
KL103277,DE,Organic,Basic,4,3,192,42.76,0.574,0,2,0.067,4.0,48.75,1
KL103278,DE,Paid Search,Plus,16,6,217,49.89,0.649,1,0,0.61,3.6,113.75,0
KL103279,DE,Organic,Plus,27,6,113,31.42,0.474,2,1,0.533,3.7,71.64,0
KL103280,AT,Organic,Basic,7,3,181,44.33,0.308,0,0,0.273,4.7,50.54,0
KL103281,DE,Paid Search,Basic,12,5,175,39.87,0.352,1,0,0.25,4.2,75.75,0
KL103282,DE,Paid Search,Plus,7,1,230,33.25,0.506,2,0,0.51,4.9,12.64,1
KL103283,DE,Organic,Basic,3,0,175,33.95,0.301,2,1,0.276,3.5,12.9,1
KL103284,DE,Social,Basic,15,3,191,26.21,0.708,3,0,0.357,5.0,29.88,0
KL103285,AT,Organic,Premium,9,1,246,48.95,0.32,1,0,0.235,4.7,18.6,0
KL103286,AT,Referral,Plus,12,3,207,34.39,0.305,1,0,0.295,4.2,39.2,1
KL103287,DE,Referral,Basic,2,1,224,33.8,0.234,3,0,0.344,3.9,12.84,1
KL103288,DE,Paid Search,Basic,8,3,168,32.79,0.352,2,0,0.135,4.7,37.38,0
KL103289,DE,Organic,Basic,20,3,188,49.79,0.31,1,0,0.205,3.9,56.76,0
KL103290,DE,Social,Basic,37,6,136,29.17,0.529,1,1,0.32,4.0,66.51,1
KL103291,AT,Paid Search,Premium,25,7,199,50.23,0.762,3,1,0.394,4.4,133.61,0
KL103292,DE,Organic,Plus,21,5,195,33.85,0.243,2,1,0.26,3.8,64.32,0
KL103293,DE,Paid Search,Basic,7,5,184,24.1,0.63,2,1,0.607,4.4,45.79,0
KL103294,DE,Paid Search,Basic,3,1,218,25.28,0.577,3,0,0.348,4.3,9.61,0
KL103295,Other,Social,Basic,9,3,238,24.99,0.601,4,0,0.434,4.6,28.49,1
KL103296,AT,Social,Basic,5,4,259,30.18,0.436,2,0,0.089,4.4,45.87,0
KL103297,DE,Social,Plus,21,8,159,53.55,0.079,0,0,0.124,5.0,162.79,0
KL103298,DE,Social,Basic,53,8,159,30.73,0.549,4,0,0.08,5.0,93.42,0
KL103299,DE,Social,Premium,30,10,154,49.14,0.728,2,1,0.531,4.7,186.73,0
KL103300,Other,Paid Search,Plus,13,7,215,44.47,0.244,0,0,0.349,5.0,118.29,0
KL103301,DE,Referral,Premium,9,5,207,50.1,0.452,1,1,0.447,3.1,95.19,0
KL103302,DE,Referral,Premium,16,1,226,59.25,0.29,1,0,0.303,4.4,22.52,1
KL103303,Other,Social,Premium,6,2,231,78.44,0.31,0,1,0.271,4.5,59.61,1
KL103304,AT,Social,Premium,52,6,187,48.16,0.577,1,1,0.746,3.5,109.8,0
KL103305,DE,Paid Search,Basic,63,4,139,43.1,0.612,3,0,0.486,5.0,65.51,0
KL103306,DE,Organic,Basic,19,1,249,31.61,0.563,3,2,0.566,2.9,12.01,1
KL103307,DE,Social,Basic,21,1,184,30.02,0.3,2,0,0.292,4.2,11.41,0
KL103308,DE,Organic,Plus,37,5,177,30.55,0.503,0,3,0.291,3.0,58.04,0
KL103309,DE,Organic,Plus,16,4,161,41.99,0.317,1,0,0.436,3.6,63.82,0
KL103310,Other,Paid Search,Basic,5,3,187,23.33,0.347,1,0,0.551,5.0,26.6,0
KL103311,Other,Paid Search,Plus,30,6,180,34.36,0.32,4,1,0.146,4.1,78.34,0
KL103312,DE,Paid Search,Plus,8,4,236,40.28,0.42,0,2,0.238,3.5,61.23,1
KL103313,DE,Organic,Plus,14,8,141,60.14,0.403,0,2,0.063,4.2,182.83,0
KL103314,DE,Organic,Basic,22,3,247,33.59,0.631,1,1,0.585,,38.29,1
KL103315,DE,Organic,Basic,2,3,140,25.53,0.481,1,1,0.226,3.4,29.1,0
KL103316,AT,Paid Search,Plus,33,6,129,44.28,0.125,1,1,0.421,5.0,100.96,0
KL103317,DE,Organic,Basic,72,9,118,23.86,0.091,1,2,0.575,3.8,81.6,0
KL103318,DE,Social,Plus,5,6,199,46.94,0.699,1,2,0.468,3.0,107.02,1
KL103319,DE,Organic,Basic,23,6,139,17.46,0.258,1,1,0.358,2.8,39.81,0
KL103320,DE,Paid Search,Basic,44,3,152,34.15,0.545,2,1,0.574,4.6,38.93,0
KL103321,DE,Organic,Basic,4,5,243,15.07,0.453,0,1,0.149,4.9,28.63,0
KL103322,AT,Paid Search,Plus,2,5,175,39.01,0.255,1,0,0.503,5.0,74.12,0
KL103323,CH,Social,Basic,4,1,264,36.18,0.481,2,0,0.253,4.3,13.75,1
KL103324,DE,Organic,Premium,38,4,224,78.84,0.16,1,1,0.08,3.3,119.84,1
KL103325,CH,Paid Search,Basic,38,3,224,9.31,0.641,0,0,0.585,,10.61,0
KL103326,DE,Social,Premium,66,10,184,54.82,0.055,0,1,0.52,2.8,208.32,0
KL103327,CH,Organic,Basic,9,1,203,27.46,0.219,1,0,0.439,4.2,10.43,0
KL103328,DE,Social,Basic,13,3,156,33.15,0.736,2,0,0.17,4.1,37.79,0
KL103329,DE,Referral,Premium,12,6,190,59.51,0.3,1,0,0.35,4.5,135.68,0
KL103330,Other,Paid Search,Plus,7,6,160,41.19,0.353,1,0,0.576,4.1,93.91,0
KL103331,DE,Referral,Plus,50,5,201,41.7,0.67,0,1,0.075,3.9,79.23,0
KL103332,DE,Paid Search,Plus,32,5,212,40.88,0.518,3,1,0.109,4.3,77.67,0
KL103333,DE,Paid Search,Basic,25,3,168,27.31,0.734,3,1,0.126,4.5,31.13,0
KL103334,DE,Organic,Plus,14,6,151,41.86,0.181,0,1,0.438,4.7,95.44,1
KL103335,DE,Organic,Basic,10,4,185,40.83,0.355,2,0,0.327,3.6,62.06,0
KL103336,DE,Organic,Plus,5,2,248,40.15,0.333,1,2,0.02,3.5,30.51,1
KL103337,CH,Paid Search,Premium,12,3,169,74.97,0.546,3,1,0.449,4.7,85.47,0
KL103338,DE,Paid Search,Premium,72,8,220,64.48,0.339,4,1,0.167,4.3,196.02,0
KL103339,DE,Organic,Plus,6,5,122,36.24,0.821,10,2,0.208,3.2,68.86,0
KL103340,DE,Paid Search,Plus,3,3,253,39.75,0.634,0,1,0.162,5.0,45.32,0
KL103341,CH,Organic,Plus,2,7,172,28.12,0.663,6,1,0.113,3.7,74.8,0
KL103342,DE,Organic,Basic,9,5,199,19.18,0.115,0,0,0.264,4.1,36.44,1
KL103343,DE,Organic,Premium,72,9,168,59.04,0.242,1,1,0.178,4.1,201.92,0
KL103344,DE,Social,Plus,5,8,75,42.98,0.481,1,2,0.182,3.8,130.66,0
KL103345,AT,Paid Search,Basic,2,5,170,41.08,0.333,3,2,0.265,2.8,78.05,1
KL103346,CH,Social,Plus,28,5,175,39.09,0.567,1,1,0.229,4.2,74.27,0
KL103347,DE,Organic,Basic,5,1,254,19.62,0.369,1,0,0.212,4.8,7.46,0
KL103348,CH,Paid Search,Plus,23,6,169,48.71,0.484,2,2,0.764,4.0,111.06,0
KL103349,DE,Referral,Plus,9,1,262,43.47,0.537,2,0,0.137,,16.52,0
KL103350,DE,Organic,Basic,5,3,260,37.28,0.603,1,1,0.516,3.1,42.5,0
KL103351,DE,Paid Search,Basic,23,7,185,35.77,0.509,1,2,0.408,3.6,95.15,1
KL103352,DE,Organic,Plus,6,4,195,46.5,0.57,1,0,0.331,5.0,70.68,1
KL103353,DE,Organic,Basic,9,2,168,30.84,0.243,3,0,0.509,4.6,23.44,1
KL103354,DE,Paid Search,Premium,43,8,179,72.79,0.537,2,1,0.299,4.3,221.28,0
KL103355,DE,Organic,Basic,34,4,177,35.22,0.448,3,1,0.235,3.5,53.53,0
KL103356,DE,Paid Search,Basic,1,4,237,35.57,0.624,2,0,0.701,4.4,54.07,1
KL103357,DE,Referral,Basic,2,1,161,35.41,0.136,3,2,0.404,3.6,13.46,1
KL103358,AT,Organic,Plus,5,5,157,41.44,0.401,3,0,0.193,4.7,78.74,0
KL103359,AT,Organic,Plus,50,7,197,35.52,0.347,1,1,0.286,4.4,94.48,0
KL103360,DE,Social,Plus,27,5,241,42.22,0.562,2,2,0.279,3.4,80.22,0
KL103361,DE,Paid Search,Premium,7,7,190,61.77,0.42,4,2,0.338,3.9,164.31,1
KL103362,DE,Referral,Plus,11,7,210,34.59,0.458,0,0,0.534,4.6,92.01,1
KL103363,DE,Organic,Basic,24,7,171,40.78,0.835,4,0,0.628,4.4,108.47,0
KL103364,DE,Paid Search,Basic,23,3,257,27.91,0.229,1,1,0.538,4.8,31.82,1
KL103365,DE,Referral,Premium,3,1,222,56.59,0.589,2,3,0.242,3.4,21.5,1
KL103366,AT,Organic,Basic,13,2,224,38.71,0.066,0,0,0.353,3.8,29.42,1
KL103367,AT,Social,Premium,11,4,197,65.92,0.288,3,1,0.227,4.1,100.2,0
KL103368,DE,Paid Search,Premium,19,5,173,72.96,0.32,2,0,0.073,4.5,138.62,0
KL103369,DE,Social,Plus,9,2,221,39.05,0.676,1,1,0.628,4.2,29.68,1
KL103370,CH,Organic,Plus,13,7,175,46.76,0.295,0,0,0.176,4.9,124.38,0
KL103371,DE,Paid Search,Premium,46,8,174,70.11,0.106,0,5,0.294,2.6,213.13,0
KL103372,CH,Organic,Plus,12,4,112,42.84,0.662,2,0,0.264,3.9,65.12,0
KL103373,DE,Referral,Plus,29,7,136,36.98,0.53,2,0,0.233,3.6,98.37,0
KL103374,DE,Organic,Basic,26,0,204,31.2,0.559,4,2,0.427,4.4,11.86,1
KL103375,DE,Organic,Basic,2,1,162,32.8,0.258,0,1,0.091,3.8,12.46,0
KL103376,DE,Referral,Basic,29,1,181,18.39,0.194,1,1,0.086,3.9,6.99,1
KL103377,CH,Organic,Premium,27,8,183,84.37,0.665,1,1,0.198,5.0,256.48,0
KL103378,DE,Paid Search,Plus,22,6,185,55.03,,0,0,0.08,,125.47,0
KL103379,Other,Organic,Plus,46,3,232,43.17,0.403,0,0,0.3,4.7,49.21,1
KL103380,DE,Social,Basic,39,1,246,34.82,0.528,0,0,0.257,5.0,13.23,0
KL103381,CH,Organic,Premium,30,7,200,64.86,0.364,0,0,0.454,4.2,172.53,0
KL103382,Other,Paid Search,Basic,31,4,191,22.94,0.351,2,0,0.743,4.2,34.87,0
KL103383,DE,Paid Search,Plus,3,4,237,49.6,0.343,2,0,0.167,3.4,75.39,1
KL103384,DE,Organic,Basic,70,3,178,21.47,0.656,4,1,0.177,4.2,24.48,0
KL103385,AT,Organic,Premium,13,2,251,67.97,0.568,3,0,0.526,4.3,51.66,0
KL103386,DE,Organic,Plus,72,7,197,36.73,0.621,3,1,0.29,4.4,97.7,0
KL103387,Other,Social,Basic,72,5,205,21.29,0.365,3,1,0.428,3.5,40.45,0
KL103388,DE,Organic,Basic,2,2,205,29.17,0.499,0,0,0.109,5.0,22.17,0
KL103389,DE,Organic,Basic,2,1,190,36.34,0.797,6,1,0.173,3.3,13.81,0
KL103390,DE,Organic,Basic,22,1,214,30.09,0.809,4,1,0.231,4.7,11.43,0
KL103391,AT,Paid Search,Basic,24,4,136,28.51,0.85,5,1,0.404,4.4,43.34,0
KL103392,Other,Social,Basic,37,0,258,13.64,0.309,1,0,0.681,5.0,5.18,0
KL103393,DE,Paid Search,Basic,40,7,149,26.4,0.733,5,0,0.327,4.2,70.22,0
KL103394,AT,Social,Basic,22,3,183,16.72,0.143,0,0,0.151,5.0,19.06,1
KL103395,Other,Social,Plus,7,4,126,42.46,0.283,1,2,0.214,3.7,64.54,0
KL103396,DE,Social,Basic,2,5,145,27.96,0.513,1,2,0.254,2.6,53.12,0
KL103397,DE,Social,Basic,5,5,273,27.53,0.134,1,1,0.553,4.3,52.31,1
KL103398,AT,Organic,Premium,30,6,151,64.75,0.464,1,2,0.381,4.0,147.63,0
KL103399,AT,Referral,Basic,47,4,225,32.02,0.527,1,0,0.122,,48.67,0
KL103400,DE,Social,Plus,14,6,128,46.53,,1,0,0.188,5.0,106.09,0
KL103401,CH,Paid Search,Premium,7,7,118,67.7,,2,0,0.188,4.9,180.08,0
KL103402,DE,Organic,Plus,2,6,172,49.75,0.733,1,1,0.365,3.3,113.43,1
KL103403,CH,Organic,Plus,11,9,151,22.68,0.409,1,0,0.14,4.0,77.57,0
KL103404,CH,Paid Search,Plus,32,6,151,33.98,0.417,2,0,0.04,4.9,77.47,0
KL103405,CH,Paid Search,Plus,2,1,212,45.52,0.396,2,0,0.264,4.6,17.3,0
KL103406,DE,Social,Plus,20,9,121,42.05,0.482,3,1,0.25,4.5,143.81,0
KL103407,DE,Paid Search,Basic,3,6,215,21.11,0.558,1,0,0.317,3.7,48.13,0
KL103408,DE,Paid Search,Plus,11,6,243,45.49,0.215,1,0,0.149,5.0,103.72,1
KL103409,DE,Organic,Premium,8,2,241,70.88,0.798,1,0,0.229,4.6,53.87,0
KL103410,AT,Organic,Plus,5,3,148,35.94,0.233,1,1,0.389,3.5,40.97,1
KL103411,DE,Organic,Basic,9,4,204,22.84,0.102,0,0,0.228,4.7,34.72,1
KL103412,DE,Social,Basic,15,6,152,14.91,0.076,0,0,0.293,4.0,33.99,0
KL103413,DE,Paid Search,Plus,2,6,152,41.2,0.328,2,1,0.406,4.1,93.94,0
KL103414,DE,Referral,Basic,5,3,221,27.64,,1,1,0.608,4.5,31.51,1
KL103415,DE,Social,Plus,6,4,192,33.52,0.356,4,2,0.488,3.6,50.95,1
KL103416,AT,Social,Basic,2,3,200,23.83,0.4,2,1,0.274,3.8,27.17,0
KL103417,CH,Paid Search,Basic,7,1,214,27.59,,6,1,0.134,3.8,10.48,1
KL103418,DE,Social,Basic,7,4,157,35.35,0.751,2,0,0.219,5.0,53.73,0
KL103419,CH,Referral,Premium,8,5,145,61.93,0.725,4,1,0.412,2.6,117.67,0
KL103420,CH,Social,Premium,1,1,202,57.77,0.139,0,1,0.346,4.1,21.95,1
KL103421,DE,Organic,Plus,16,4,181,53.85,0.67,2,2,0.196,3.3,81.85,0
KL103422,AT,Social,Premium,17,5,195,70.55,0.435,2,0,0.268,3.8,134.04,0
KL103423,DE,Organic,Premium,19,11,163,54.6,0.506,0,0,0.212,4.2,228.23,0
KL103424,DE,Organic,Basic,8,1,206,33.71,0.205,0,0,0.159,3.2,12.81,1
KL103425,DE,Social,Basic,16,2,210,23.8,0.503,0,0,0.307,4.3,18.09,0
KL103426,DE,Social,Plus,14,2,236,50.2,0.327,1,2,0.734,3.5,38.15,1
KL103427,CH,Organic,Plus,4,7,155,38.67,0.238,1,2,0.153,4.1,102.86,0
KL103428,Other,Organic,Basic,9,2,219,13.63,0.468,3,1,0.134,4.2,10.36,1
KL103429,CH,Referral,Premium,13,4,196,60.44,0.461,4,1,0.555,4.4,91.87,1
KL103430,DE,Organic,Basic,10,2,193,20.97,0.251,3,2,0.204,4.2,15.94,1
KL103431,DE,Organic,Premium,12,8,112,59.68,0.193,3,0,0.174,4.3,181.43,0
KL103432,Other,Social,Plus,11,9,115,23.64,0.103,0,0,0.458,4.2,80.85,0
KL103433,DE,Social,Basic,9,4,224,27.05,0.245,1,2,0.255,3.0,41.12,0
KL103434,DE,Paid Search,Premium,27,9,91,48.71,0.379,3,0,0.468,,166.59,0
KL103435,DE,Paid Search,Plus,19,7,226,40.98,0.657,2,2,0.526,3.6,109.01,0
KL103436,DE,Organic,Plus,2,3,172,22.7,0.291,1,0,0.104,3.8,25.88,1
KL103437,DE,Organic,Plus,10,5,118,33.23,0.559,1,0,0.566,4.6,63.14,0
KL103438,DE,Social,Basic,12,1,193,32.39,0.502,0,0,0.71,4.4,12.31,0
KL103439,DE,Social,Basic,60,5,101,33.59,0.275,1,1,0.297,3.7,63.82,0
KL103440,DE,Organic,Basic,15,5,120,21.64,0.589,1,0,0.172,3.7,41.12,0
KL103441,DE,Organic,Basic,12,4,191,32.36,0.771,2,0,0.133,3.5,49.19,0
KL103442,DE,Organic,Basic,35,2,149,13.39,0.809,3,0,0.314,4.6,10.18,0
KL103443,DE,Organic,Plus,14,3,143,49.81,0.358,2,1,0.658,3.9,56.78,0
KL103444,CH,Organic,Basic,35,7,166,37.42,0.625,2,1,0.464,4.8,99.54,0
KL103445,DE,Organic,Plus,18,4,191,40.31,0.357,0,0,0.412,4.7,61.27,0
KL103446,AT,Social,Basic,12,2,221,24.47,0.706,4,0,0.113,4.7,18.6,0
KL103447,AT,Organic,Basic,68,3,204,9.22,0.502,1,0,0.25,4.0,10.51,0
KL103448,DE,Social,Premium,21,7,162,64.51,0.199,2,2,0.326,3.8,171.6,0
KL103449,CH,Paid Search,Premium,21,6,192,70.27,0.114,0,0,0.08,4.1,160.22,0
KL103450,AT,Social,Plus,2,1,244,44.9,0.26,1,0,0.495,5.0,17.06,1
KL103451,DE,Referral,Basic,3,1,214,29.2,0.245,1,0,0.354,4.6,11.1,1
KL103452,DE,Paid Search,Plus,72,8,174,30.53,0.263,0,3,0.181,4.0,92.81,0
KL103453,DE,Organic,Basic,11,2,112,29.04,0.322,0,2,0.271,3.2,22.07,0
KL103454,Other,Social,Plus,3,5,165,35.1,0.419,0,1,0.385,4.0,66.69,0
KL103455,CH,Organic,Premium,5,7,214,76.36,0.179,0,1,0.432,3.2,203.12,1
KL103456,Other,Organic,Basic,3,5,160,32.81,0.391,0,0,0.223,4.9,62.34,0
KL103457,CH,Organic,Premium,46,7,182,67.13,0.567,3,0,0.261,4.2,178.57,0
KL103458,DE,Referral,Plus,11,3,204,42.32,0.216,0,0,0.483,4.9,48.24,1
KL103459,CH,Organic,Basic,3,2,182,20.4,0.837,5,0,0.403,3.2,15.5,0
KL103460,DE,Paid Search,Basic,6,2,220,21.46,0.239,0,3,0.126,3.0,16.31,1
KL103461,CH,Paid Search,Plus,9,3,180,57.3,0.392,1,0,0.172,3.8,65.32,0
KL103462,DE,Social,Basic,23,2,187,20.84,0.524,2,0,0.332,5.0,15.84,0
KL103463,DE,Organic,Basic,19,5,162,28.13,0.319,2,0,0.613,4.2,53.45,0
KL103464,AT,Social,Basic,37,3,166,28.8,0.507,2,1,0.309,3.9,32.83,0
KL103465,CH,Social,Premium,3,8,121,65.01,0.118,1,0,0.553,3.9,197.63,0
KL103466,DE,Paid Search,Basic,31,6,155,29.42,0.19,1,0,0.178,4.5,67.08,0
KL103467,DE,Paid Search,Premium,14,4,190,79.95,0.527,1,0,0.845,4.4,121.52,1
KL103468,DE,Social,Plus,7,3,183,43.14,0.574,4,0,0.084,4.7,49.18,0
KL103469,Other,Social,Basic,6,1,196,31.97,0.342,0,0,0.63,3.6,12.15,1
KL103470,DE,Paid Search,Basic,2,3,286,25.56,0.537,4,2,0.121,4.8,29.14,0
KL103471,DE,Paid Search,Plus,11,0,245,40.44,0.474,6,1,0.132,4.7,15.37,1
KL103472,DE,Organic,Basic,6,2,146,31.74,0.692,6,2,0.205,3.1,24.12,0
KL103473,DE,Organic,Basic,11,6,181,39.23,0.024,0,2,0.353,4.1,89.44,0
KL103474,DE,Organic,Basic,2,0,230,38.31,0.325,0,0,0.073,4.9,14.56,1
KL103475,DE,Organic,Premium,19,3,319,39.71,0.526,2,0,0.178,4.8,45.27,1
KL103476,CH,Organic,Plus,5,6,184,28.57,0.41,3,0,0.154,3.9,65.14,0
KL103477,CH,Social,Plus,4,6,246,58.61,0.683,2,0,0.172,4.7,133.63,1
KL103478,Other,Social,Basic,11,1,198,23.74,0.889,4,1,0.194,,9.02,1
KL103479,DE,Social,Basic,67,6,145,24.93,0.617,2,0,0.288,4.3,56.84,0
KL103480,DE,Paid Search,Plus,3,3,156,37.35,0.412,1,0,0.32,4.4,42.58,0
KL103481,AT,Paid Search,Basic,14,3,227,17.55,0.299,1,0,0.141,3.3,20.01,1
KL103482,CH,Organic,Premium,6,7,132,58.81,0.261,1,0,0.244,4.8,156.43,0
KL103483,DE,Social,Premium,1,8,133,60.66,0.403,2,2,0.319,4.4,184.41,0
KL103484,AT,Organic,Basic,11,4,206,23.99,0.751,3,1,0.321,3.6,36.46,0
KL103485,AT,Paid Search,Premium,9,6,161,57.17,0.401,2,1,0.414,4.4,130.35,0
KL103486,AT,Referral,Plus,10,8,161,49.33,0.658,2,0,0.274,4.0,149.96,0
KL103487,AT,Social,Plus,72,10,96,41.26,0.682,6,0,0.233,4.1,156.79,0
KL103488,DE,Organic,Basic,7,4,105,29.18,0.563,2,1,0.101,4.7,44.35,0
KL103489,DE,Social,Premium,4,2,249,65.72,0.237,1,0,0.032,5.0,49.95,0
KL103490,DE,Organic,Basic,13,2,245,23.81,0.146,1,2,0.279,3.9,18.1,1
KL103491,DE,Organic,Plus,2,11,123,36.34,0.166,0,1,0.245,4.0,151.9,0
KL103492,CH,Organic,Basic,49,4,192,16.14,0.276,1,0,0.223,4.8,24.53,0
KL103493,DE,Organic,Basic,39,1,179,33.79,0.358,1,0,0.312,4.4,12.84,0
KL103494,DE,Social,Premium,11,7,155,63.82,0.313,1,0,0.155,4.7,169.76,0
KL103495,CH,Paid Search,Basic,16,2,289,37.81,0.076,1,1,0.236,4.7,28.74,1
KL103496,AT,Organic,Basic,9,3,259,31.02,0.178,0,0,0.944,4.4,35.36,1
KL103497,AT,Referral,Plus,13,7,174,54.64,0.916,4,0,0.187,3.9,145.34,0
KL103498,DE,Paid Search,Basic,17,0,153,24.94,0.513,2,0,0.445,4.3,9.48,0
KL103499,CH,Paid Search,Premium,30,7,182,57.22,0.5,2,0,0.186,4.8,152.21,0
KL103500,DE,Paid Search,Premium,12,6,163,79.88,0.619,2,1,0.345,3.9,182.13,0
KL103501,DE,Paid Search,Basic,5,6,158,37.23,0.43,4,2,0.119,4.2,84.88,1
KL103502,DE,Paid Search,Plus,3,4,188,27.11,,6,0,0.206,4.3,41.21,0
KL103503,AT,Paid Search,Premium,7,5,248,68.67,0.54,3,0,0.497,4.2,130.47,0
KL103504,AT,Referral,Premium,47,11,137,70.65,0.494,0,2,0.458,3.8,295.32,0
KL103505,DE,Organic,Plus,25,8,191,40.21,,3,0,0.381,4.5,122.24,0
KL103506,DE,Paid Search,Plus,61,11,147,31.72,0.704,2,1,0.131,4.1,132.59,0
KL103507,CH,Organic,Plus,25,2,218,40.51,0.306,2,2,0.368,3.0,30.79,1
KL103508,AT,Social,Basic,61,9,171,29.55,0.266,4,2,0.398,3.3,101.06,0
KL103509,DE,Organic,Plus,19,8,141,36.38,0.185,0,0,0.579,,110.6,0
KL103510,Other,Organic,Basic,16,2,157,33.76,0.093,1,2,0.33,4.0,25.66,0
KL103511,AT,Referral,Basic,72,5,236,15.14,0.773,4,0,0.374,4.0,28.77,0
KL103512,Other,Paid Search,Basic,19,2,151,29.41,0.585,0,0,0.419,5.0,22.35,0
KL103513,Other,Organic,Premium,32,10,150,80.52,0.187,2,1,0.046,3.1,305.98,0
KL103514,CH,Organic,Basic,3,4,252,32.79,0.269,2,1,0.383,3.9,49.84,1
KL103515,AT,Paid Search,Basic,14,1,224,39.57,0.471,4,0,0.238,3.8,15.04,1
KL103516,DE,Referral,Basic,6,4,209,26.91,0.422,0,2,0.108,3.5,40.9,0
KL103517,DE,Paid Search,Basic,8,4,209,29.66,0.112,0,1,0.197,3.4,45.08,1
KL103518,DE,Organic,Premium,11,6,213,61.54,0.326,0,2,0.545,4.0,140.31,1
KL103519,CH,Paid Search,Basic,11,5,228,24.81,0.606,3,0,0.142,4.1,47.14,0
KL103520,DE,Paid Search,Basic,28,4,138,32.06,0.747,3,1,0.36,3.3,48.73,0
KL103521,CH,Organic,Premium,36,3,242,57.5,0.316,0,1,0.134,4.5,65.55,0
KL103522,DE,Social,Basic,9,2,202,34.67,0.194,0,0,0.216,3.3,26.35,0
KL103523,DE,Organic,Basic,5,2,178,31.9,0.323,2,0,0.493,4.4,24.24,0
KL103524,DE,Referral,Plus,39,6,134,32.28,0.623,3,0,0.678,3.4,73.6,0
KL103525,DE,Social,Plus,15,3,205,49.76,0.203,0,1,0.541,4.2,56.73,1
KL103526,DE,Organic,Basic,72,7,144,44.86,0.199,1,1,0.262,3.7,119.33,0
KL103527,DE,Social,Plus,36,7,167,49.11,0.492,1,1,0.169,3.9,130.63,0
KL103528,CH,Social,Plus,10,7,164,26.49,0.304,0,2,0.312,3.4,70.46,1
KL103529,DE,Paid Search,Plus,47,5,190,61.01,0.223,3,0,0.377,3.9,115.92,0
KL103530,DE,Paid Search,Basic,38,1,240,10.28,0.445,2,1,0.325,4.7,3.91,1
KL103531,DE,Organic,Plus,5,8,197,28.26,0.767,4,1,0.406,3.7,85.91,0
KL103532,DE,Organic,Plus,2,3,237,27.95,,3,0,0.386,4.2,31.86,0
KL103533,DE,Social,Plus,13,11,185,39.79,0.73,0,1,0.498,4.4,166.32,0
KL103534,AT,Organic,Premium,35,4,179,49.44,0.572,2,1,0.327,3.7,75.15,0
KL103535,CH,Organic,Premium,12,7,138,47.02,0.543,1,0,0.322,4.3,125.07,0
KL103536,DE,Paid Search,Plus,11,6,169,36.41,0.12,1,0,0.347,4.5,83.01,1
KL103537,DE,Organic,Basic,5,4,171,22.12,0.494,3,1,0.306,4.3,33.62,1
KL103538,DE,Social,Basic,2,3,150,25.51,0.399,1,1,0.349,3.6,29.08,1
KL103539,DE,Social,Plus,7,4,179,45.71,0.433,0,0,0.34,4.3,69.48,1
KL103540,CH,Social,Basic,68,2,228,39.64,0.453,2,0,0.524,3.9,30.13,0
KL103541,DE,Organic,Plus,5,4,230,41.64,0.662,3,1,0.305,3.9,63.29,0
KL103542,CH,Paid Search,Plus,7,2,201,45.46,0.72,1,0,0.19,4.2,34.55,1
KL103543,DE,Social,Plus,27,4,226,39.53,0.406,3,0,0.532,4.8,60.09,0
KL103544,DE,Paid Search,Basic,17,3,196,37.19,0.29,0,1,0.425,4.4,42.4,1
KL103545,DE,Social,Premium,7,9,65,77.02,0.363,1,2,0.366,3.4,263.41,0
KL103546,DE,Paid Search,Plus,27,5,132,37.15,0.38,1,0,0.523,4.3,70.58,0
KL103547,Other,Paid Search,Plus,22,2,218,31.12,0.54,3,0,0.643,4.4,23.65,1
KL103548,DE,Organic,Plus,6,6,109,37.16,0.524,3,0,0.143,4.9,84.72,0
KL103549,CH,Social,Basic,32,3,149,24.13,0.329,1,3,0.215,3.3,27.51,1
KL103550,CH,Organic,Plus,9,5,127,40.1,0.179,0,1,0.249,3.7,76.19,0
KL103551,DE,Social,Basic,28,3,189,27.91,0.274,0,1,0.754,4.2,31.82,0
KL103552,DE,Paid Search,Plus,4,2,212,40.12,0.546,4,2,0.188,2.7,30.49,0
KL103553,DE,Organic,Basic,10,3,136,17.75,0.577,3,1,0.397,4.3,20.24,0
KL103554,DE,Social,Basic,67,5,206,25.87,0.043,0,2,0.131,4.2,49.15,0
KL103555,CH,Paid Search,Basic,30,4,188,30.11,0.456,1,2,0.486,3.9,45.77,0
KL103556,DE,Organic,Basic,7,3,150,39.96,0.687,4,0,0.456,5.0,45.55,0
KL103557,Other,Referral,Premium,7,5,181,60.25,0.609,0,0,0.163,4.3,114.48,0
KL103558,AT,Social,Plus,28,3,169,41.64,0.752,4,0,0.518,4.2,47.47,0
KL103559,DE,Paid Search,Basic,14,2,177,26.8,0.375,1,1,0.07,2.8,20.37,0
KL103560,AT,Social,Basic,1,1,168,23.66,0.33,2,0,0.232,3.9,8.99,1
KL103561,DE,Paid Search,Plus,7,3,195,37.87,0.463,1,0,0.255,4.5,43.17,1
KL103562,CH,Paid Search,Basic,7,1,203,12.9,0.333,2,0,0.604,4.2,4.9,0
KL103563,DE,Organic,Basic,6,1,203,31.37,0.271,1,0,0.309,4.3,11.92,0
KL103564,Other,Organic,Basic,47,4,184,33.14,0.447,0,2,0.371,2.8,50.37,0
KL103565,CH,Paid Search,Plus,30,4,196,38.48,0.102,0,0,0.405,4.5,58.49,1
KL103566,CH,Paid Search,Premium,2,4,181,68.78,0.173,0,0,0.015,4.0,104.55,0
KL103567,DE,Social,Basic,19,3,126,13.87,0.726,2,0,0.503,4.3,15.81,0
KL103568,CH,Paid Search,Premium,45,9,146,76.6,0.073,0,0,0.185,4.7,261.97,0
KL103569,DE,Paid Search,Premium,7,4,154,58.62,0.391,1,0,0.351,5.0,89.1,0
KL103570,CH,Social,Premium,18,7,203,62.67,0.433,2,0,0.255,3.7,166.7,0
KL103571,DE,Referral,Plus,72,8,171,49.18,0.439,4,1,0.188,4.6,149.51,0
KL103572,DE,Organic,Premium,36,7,199,53.18,0.562,1,0,0.269,4.2,141.46,0
KL103573,DE,Referral,Plus,2,8,137,37.94,0.378,1,0,0.548,,115.34,0
KL103574,DE,Social,Premium,7,5,211,58.98,0.758,4,1,0.113,3.6,112.06,0
KL103575,DE,Organic,Basic,62,6,133,32.14,0.267,0,0,0.292,,73.28,0
KL103576,CH,Organic,Plus,33,5,179,34.25,0.595,1,0,0.15,4.4,65.08,0
KL103577,DE,Organic,Plus,3,2,172,47.85,0.038,0,2,0.24,3.9,36.37,1
KL103578,AT,Social,Basic,5,7,185,29.83,0.548,5,1,0.382,3.5,79.35,1
KL103579,DE,Paid Search,Basic,22,2,264,15.32,0.17,0,2,0.16,4.3,11.64,0
KL103580,CH,Paid Search,Basic,7,6,184,34.54,0.347,1,2,0.389,3.9,78.75,0
KL103581,CH,Social,Basic,44,1,160,42.74,0.204,1,1,0.403,4.0,16.24,1
KL103582,DE,Organic,Basic,10,3,172,20.54,0.195,0,1,0.224,4.1,23.42,1
KL103583,AT,Paid Search,Basic,50,3,303,23.71,0.771,5,1,0.287,4.2,27.03,1
KL103584,CH,Social,Basic,4,1,241,17.44,0.155,0,1,0.111,,6.63,1
KL103585,CH,Referral,Plus,36,2,177,41.36,0.374,1,0,0.358,,31.43,1
KL103586,DE,Social,Basic,19,5,212,36.55,0.586,2,1,0.55,3.5,69.45,0
KL103587,DE,Organic,Basic,11,2,208,22.39,0.784,1,0,0.102,4.2,17.02,1
KL103588,CH,Organic,Basic,8,3,288,20.45,0.23,1,1,0.221,3.4,23.31,1
KL103589,DE,Organic,Basic,42,6,174,38.01,0.531,1,0,0.692,3.8,86.66,0
KL103590,CH,Paid Search,Basic,46,4,179,21.73,0.343,1,0,0.268,,33.03,0
KL103591,DE,Organic,Premium,21,11,129,59.13,0.229,0,1,0.196,4.2,247.16,0
KL103592,CH,Referral,Basic,23,3,182,25.94,0.254,2,1,0.203,2.9,29.57,0
KL103593,DE,Social,Basic,37,3,171,13.92,0.185,1,1,0.172,2.9,15.87,0
KL103594,DE,Paid Search,Plus,16,4,149,35.09,0.488,2,0,0.232,3.8,53.34,0
KL103595,Other,Organic,Premium,8,3,179,79.75,0.415,1,1,0.275,3.9,90.92,0
KL103596,CH,Paid Search,Basic,13,2,231,33.58,0.239,0,2,0.641,,25.52,1
KL103597,CH,Paid Search,Basic,4,4,179,32.76,0.455,2,1,0.225,3.6,49.8,0
KL103598,Other,Social,Plus,50,9,128,46.87,0.328,0,0,0.229,4.3,160.3,0
KL103599,DE,Organic,Basic,25,6,126,32.89,0.074,0,1,0.282,4.7,74.99,0
KL103600,DE,Social,Basic,11,4,213,24.61,0.303,0,0,0.47,4.2,37.41,0
KL103601,DE,Organic,Premium,19,13,172,64.33,0.253,0,1,0.509,3.8,317.79,0
KL103602,DE,Organic,Premium,5,10,110,67.83,0.462,3,2,0.79,4.2,257.75,0
KL103603,DE,Referral,Plus,3,4,166,38.12,0.381,4,0,0.219,4.4,57.94,0
KL103604,Other,Organic,Basic,15,1,180,38.48,0.45,0,0,0.435,4.5,14.62,0
KL103605,DE,Organic,Plus,14,4,217,28.41,0.813,3,0,0.412,4.4,43.18,0
KL103606,DE,Paid Search,Premium,3,7,200,62.44,0.366,0,2,0.055,3.5,166.09,0
KL103607,DE,Paid Search,Premium,4,8,161,73.85,0.197,1,2,0.319,2.8,224.5,0
KL103608,DE,Organic,Basic,6,2,162,35.95,0.683,0,1,0.21,4.5,27.32,0
KL103609,DE,Organic,Basic,33,5,194,23.98,0.391,1,1,0.438,4.5,45.56,0
KL103610,AT,Organic,Basic,5,1,220,30.49,0.673,3,1,0.207,4.8,11.59,1
KL103611,DE,Paid Search,Plus,13,8,168,44.42,0.135,0,2,0.655,3.1,135.04,0
KL103612,DE,Organic,Basic,28,10,103,45.39,0.532,3,1,0.346,4.3,172.48,0
KL103613,CH,Social,Basic,27,3,157,21.6,0.84,4,3,0.19,2.8,24.62,0
KL103614,DE,Social,Basic,9,1,155,29.67,0.405,1,1,0.45,3.5,11.27,0
KL103615,AT,Organic,Basic,9,1,252,24.67,0.737,0,1,0.576,3.3,9.37,1
KL103616,DE,Organic,Premium,3,2,245,77.19,0.416,3,1,0.297,4.2,58.66,0
KL103617,DE,Organic,Basic,72,8,99,26.89,0.307,5,1,0.214,4.3,81.75,0
KL103618,DE,Organic,Basic,16,6,144,23.03,0.286,0,0,0.402,5.0,52.51,0
KL103619,Other,Organic,Plus,32,2,176,47.9,0.261,2,1,0.609,4.1,36.4,0
KL103620,AT,Social,Plus,3,5,212,35.62,0.372,2,1,0.341,3.9,67.68,0
KL103621,DE,Paid Search,Plus,72,16,95,43.5,0.231,1,2,0.134,4.1,264.48,0
KL103622,DE,Paid Search,Plus,2,5,234,47.36,0.304,1,1,0.416,4.2,89.98,1
KL103623,CH,Social,Basic,4,3,186,14.14,0.271,1,2,0.275,3.6,16.12,1
KL103624,AT,Social,Basic,8,2,157,21.49,0.272,1,1,0.275,3.9,16.33,1
KL103625,DE,Organic,Basic,1,1,186,43.29,0.783,1,0,0.188,4.7,16.45,1
KL103626,CH,Organic,Plus,3,7,132,43.76,0.265,2,1,0.211,3.9,116.4,0
KL103627,AT,Referral,Premium,12,7,201,55.89,0.253,1,1,0.384,3.2,148.67,1
KL103628,AT,Organic,Basic,6,2,271,29.15,0.463,1,0,0.58,4.1,22.15,1
KL103629,DE,Social,Plus,19,7,181,27.01,0.381,0,0,0.208,5.0,71.85,0
KL103630,DE,Social,Plus,32,13,92,43.33,0.915,1,1,0.31,4.6,214.05,0
KL103631,Other,Paid Search,Premium,3,10,149,68.15,0.658,3,0,0.201,4.7,258.97,0
KL103632,DE,Organic,Basic,9,2,147,27.3,0.655,2,0,0.303,5.0,20.75,0
KL103633,DE,Organic,Basic,20,3,189,22.03,0.543,3,1,0.696,4.2,25.11,1
KL103634,DE,Paid Search,Plus,19,6,113,56.3,0.462,2,0,0.378,4.7,128.36,0
KL103635,DE,Paid Search,Plus,32,9,165,39.35,0.354,0,1,0.69,4.0,134.58,0
KL103636,CH,Social,Plus,3,8,150,26.86,,0,2,0.337,3.7,81.65,0
KL103637,DE,Social,Premium,28,8,185,63.69,0.539,3,0,0.476,4.4,193.62,0
KL103638,CH,Referral,Basic,21,1,238,37.36,0.69,3,2,0.596,4.5,14.2,1
KL103639,DE,Referral,Plus,31,5,161,54.95,0.024,0,2,0.575,3.9,104.4,0
KL103640,DE,Social,Basic,18,4,224,8.0,0.46,3,0,0.246,5.0,12.16,0
KL103641,DE,Organic,Basic,11,2,163,21.32,0.681,3,0,0.258,4.3,16.2,0
KL103642,CH,Paid Search,Basic,4,2,296,25.0,0.632,0,0,0.353,4.5,19.0,1
KL103643,DE,Paid Search,Basic,40,6,125,29.33,0.63,0,0,0.207,4.1,66.87,0
KL103644,DE,Paid Search,Basic,6,3,222,17.1,0.49,5,1,0.583,3.5,19.49,1
KL103645,AT,Organic,Plus,14,7,208,46.44,0.111,1,0,0.317,4.2,123.53,0
KL103646,DE,Paid Search,Premium,11,7,170,72.42,0.757,1,0,0.429,4.7,192.64,0
KL103647,DE,Paid Search,Basic,50,6,136,20.93,0.331,0,1,0.442,4.1,47.72,0
KL103648,DE,Organic,Basic,60,6,145,27.62,0.577,3,1,0.756,2.8,62.97,0
KL103649,CH,Social,Basic,3,6,136,34.52,0.39,4,0,0.099,4.9,78.71,0
KL103650,DE,Paid Search,Basic,4,2,204,42.15,0.299,1,0,0.495,5.0,32.03,0
KL103651,DE,Paid Search,Basic,22,3,224,36.44,0.552,1,1,0.684,4.1,41.54,1
KL103652,DE,Paid Search,Plus,9,2,221,37.83,0.439,3,0,0.269,4.2,28.75,0
KL103653,DE,Paid Search,Premium,4,4,190,68.63,0.351,2,1,0.708,3.0,104.32,1
KL103654,DE,Organic,Plus,8,0,171,40.12,0.474,2,1,0.264,4.1,15.25,0
KL103655,DE,Paid Search,Plus,7,5,240,36.0,0.391,2,0,0.154,4.0,68.4,1
KL103656,DE,Organic,Plus,22,0,214,45.97,0.133,0,3,0.107,,17.47,1
KL103657,DE,Social,Basic,23,0,207,31.88,0.333,4,0,0.157,5.0,12.11,0
KL103658,CH,Organic,Basic,41,7,172,27.94,0.206,0,0,0.593,5.0,74.32,0
KL103659,DE,Referral,Basic,10,1,154,36.02,0.355,2,0,0.196,4.0,13.69,0
KL103660,DE,Social,Basic,14,1,210,25.73,0.396,1,1,0.505,3.8,9.78,1
KL103661,CH,Paid Search,Premium,25,7,157,64.27,,0,1,0.374,4.1,170.96,0
KL103662,CH,Organic,Basic,18,7,158,29.58,0.098,1,0,0.336,5.0,78.68,0
KL103663,AT,Paid Search,Basic,8,3,239,30.57,0.35,3,1,0.099,4.0,34.85,1
KL103664,DE,Social,Basic,33,6,128,20.61,0.621,3,0,0.249,4.6,46.99,0
KL103665,DE,Social,Basic,15,2,203,43.1,0.253,1,5,0.109,3.0,32.76,1
KL103666,DE,Social,Premium,20,2,182,70.38,0.261,0,0,0.051,4.6,53.49,0
KL103667,DE,Referral,Basic,3,3,188,28.01,0.534,1,1,0.662,3.8,31.93,0
KL103668,DE,Paid Search,Plus,37,7,193,42.18,0.709,3,0,0.339,3.5,112.2,0
KL103669,DE,Social,Basic,2,2,199,27.39,0.79,0,0,0.455,4.1,20.82,0
KL103670,DE,Paid Search,Basic,16,4,178,39.7,0.413,2,1,0.321,4.1,60.34,0
KL103671,DE,Paid Search,Basic,16,5,98,35.67,0.359,1,0,0.24,4.9,67.77,0
KL103672,DE,Paid Search,Premium,15,9,175,70.08,0.371,1,1,0.588,3.4,239.67,0
KL103673,DE,Social,Basic,31,4,131,47.82,0.308,2,1,0.238,4.3,72.69,0
KL103674,CH,Organic,Plus,26,5,164,46.74,0.5,4,0,0.249,4.3,88.81,0
KL103675,CH,Organic,Basic,15,3,166,20.8,0.238,0,0,0.485,4.0,23.71,1
KL103676,DE,Organic,Plus,7,4,108,47.92,0.521,2,0,0.71,4.4,72.84,0
KL103677,DE,Referral,Plus,3,4,193,46.27,0.374,1,0,0.122,,70.33,0
KL103678,DE,Paid Search,Plus,2,7,149,53.1,0.192,1,1,0.198,,141.25,0
KL103679,DE,Paid Search,Basic,14,2,222,33.96,0.273,2,0,0.175,3.8,25.81,1
KL103680,AT,Paid Search,Basic,2,5,199,29.1,0.154,1,2,0.392,3.5,55.29,1
KL103681,DE,Paid Search,Premium,37,7,186,72.71,0.415,3,1,0.416,,193.41,0
KL103682,DE,Social,Plus,11,1,230,28.56,0.456,3,1,0.641,4.3,10.85,1
KL103683,DE,Referral,Basic,27,6,189,31.83,0.452,2,0,0.665,3.8,72.57,1
KL103684,DE,Social,Basic,67,1,245,32.57,0.351,1,0,0.117,4.6,12.38,0
KL103685,DE,Social,Basic,20,6,185,17.33,0.188,1,0,0.067,4.0,39.51,0
KL103686,DE,Organic,Basic,10,4,196,28.99,0.628,2,0,0.207,4.4,44.06,0
KL103687,Other,Organic,Basic,6,3,190,22.7,0.132,2,0,0.614,5.0,25.88,1
KL103688,DE,Paid Search,Basic,24,3,205,24.5,0.598,0,0,0.501,5.0,27.93,0
KL103689,DE,Social,Basic,26,5,198,35.39,0.334,0,1,0.302,4.0,67.24,0
KL103690,DE,Organic,Plus,5,2,221,33.74,0.623,2,0,0.524,4.5,25.64,1
KL103691,DE,Social,Premium,3,2,198,63.19,0.066,0,1,0.109,4.2,48.02,0
KL103692,DE,Organic,Plus,22,1,286,34.59,0.572,4,0,0.107,5.0,13.14,0
KL103693,DE,Organic,Plus,7,4,242,43.8,0.303,4,0,0.459,4.3,66.58,0
KL103694,AT,Organic,Plus,12,1,183,44.67,0.352,2,0,0.064,4.1,16.97,0
KL103695,DE,Social,Basic,22,1,212,17.69,0.342,0,2,0.105,3.7,6.72,1
KL103696,DE,Social,Plus,23,3,252,39.27,0.543,1,0,0.137,4.4,44.77,1
KL103697,DE,Paid Search,Basic,36,2,173,26.49,0.737,2,2,0.368,3.8,20.13,0
KL103698,DE,Social,Basic,69,10,97,28.93,0.421,3,0,0.145,5.0,109.93,0
KL103699,DE,Social,Plus,20,5,274,49.59,0.305,0,1,0.03,3.5,94.22,1
KL103700,CH,Paid Search,Basic,8,6,155,20.34,0.337,4,2,0.447,3.1,46.38,0
KL103701,DE,Social,Plus,72,14,37,38.74,0.595,3,1,0.544,3.9,206.1,0
KL103702,DE,Organic,Plus,4,6,143,52.48,0.602,2,2,0.374,3.7,119.65,0
KL103703,AT,Paid Search,Basic,1,1,197,34.26,0.585,2,1,0.343,4.1,13.02,0
KL103704,DE,Organic,Basic,20,4,216,20.3,0.191,0,2,0.217,4.8,30.86,1
KL103705,DE,Paid Search,Plus,14,4,189,41.09,0.679,1,0,0.451,4.3,62.46,0
KL103706,DE,Paid Search,Plus,21,5,131,45.32,0.134,0,1,0.233,3.9,86.11,0
KL103707,AT,Organic,Plus,17,5,77,49.1,,3,1,0.592,4.4,93.29,0
KL103708,DE,Paid Search,Basic,2,3,213,30.55,0.542,2,1,0.784,5.0,34.83,1
KL103709,AT,Social,Plus,10,4,190,45.27,0.326,1,0,0.626,3.5,68.81,0
KL103710,CH,Paid Search,Basic,40,5,222,31.47,0.5,4,1,0.475,4.5,59.79,0
KL103711,AT,Organic,Basic,7,4,166,28.36,0.254,5,1,0.38,4.7,43.11,0
KL103712,Other,Organic,Plus,42,6,162,29.34,0.742,1,1,0.101,4.4,66.9,0
KL103713,AT,Paid Search,Basic,17,0,201,23.98,0.168,1,0,0.491,,9.11,0
KL103714,CH,Social,Basic,9,2,182,37.9,0.463,2,1,0.198,4.6,28.8,0
KL103715,CH,Social,Basic,12,0,233,34.9,0.234,0,2,0.248,4.2,13.26,0
KL103716,AT,Organic,Plus,7,5,164,41.88,0.181,1,2,0.359,3.1,79.57,0
KL103717,CH,Social,Premium,20,8,97,63.05,0.339,0,0,0.431,3.8,191.67,0
KL103718,Other,Paid Search,Premium,9,5,226,59.07,0.437,2,1,0.526,4.6,112.23,1
KL103719,DE,Referral,Basic,35,7,171,21.09,0.201,0,0,0.588,3.9,56.1,0
KL103720,AT,Organic,Basic,4,5,203,35.58,0.565,2,0,0.556,4.4,67.6,0
KL103721,DE,Paid Search,Plus,22,9,194,39.47,0.711,0,1,0.34,4.4,134.99,0
KL103722,CH,Paid Search,Basic,12,5,172,30.36,0.686,1,1,0.222,3.7,57.68,0
KL103723,DE,Organic,Basic,11,3,189,47.25,0.263,1,0,0.31,4.7,53.86,0
KL103724,CH,Organic,Basic,29,5,142,28.81,0.509,2,2,0.27,2.1,54.74,0
KL103725,CH,Organic,Plus,4,3,226,35.97,0.402,1,0,0.147,4.6,41.01,0
KL103726,Other,Paid Search,Plus,22,4,133,49.01,0.962,5,0,0.272,4.3,74.5,0
KL103727,DE,Social,Basic,32,1,219,36.61,0.897,4,1,0.134,4.1,13.91,0
KL103728,AT,Social,Basic,17,4,206,12.46,0.448,1,1,0.234,4.4,18.94,0
KL103729,AT,Organic,Plus,5,8,110,51.98,0.399,2,1,0.366,4.2,158.02,1
KL103730,Other,Social,Plus,19,3,239,34.78,0.183,0,0,0.391,4.5,39.65,0
KL103731,CH,Paid Search,Basic,27,8,86,40.91,0.692,5,2,0.561,4.3,124.37,0
KL103732,DE,Referral,Basic,3,1,165,38.2,0.353,2,2,0.503,3.5,14.52,1
KL103733,DE,Organic,Premium,5,7,163,66.04,0.632,1,0,0.64,5.0,175.67,0
KL103734,DE,Social,Plus,21,7,189,35.24,0.344,0,0,0.147,4.7,93.74,0
KL103735,Other,Referral,Plus,19,4,140,50.79,0.548,1,1,0.406,3.7,77.2,0
KL103736,DE,Social,Plus,22,4,213,45.35,0.313,3,1,0.483,3.5,68.93,0
KL103737,AT,Social,Premium,2,6,201,58.81,0.377,0,1,0.367,4.3,134.09,0
KL103738,CH,Paid Search,Basic,5,4,174,32.19,0.488,2,0,0.248,4.4,48.93,0
KL103739,DE,Social,Basic,45,9,153,18.97,0.805,8,1,0.622,4.3,64.88,0
KL103740,DE,Paid Search,Basic,7,5,221,30.15,0.627,4,1,0.339,5.0,57.28,1
KL103741,DE,Paid Search,Plus,10,5,233,44.3,0.56,1,0,0.195,4.3,84.17,0
KL103742,CH,Referral,Basic,19,2,186,31.82,0.698,3,0,0.71,3.7,24.18,1
KL103743,DE,Organic,Basic,24,5,151,37.69,0.21,0,1,0.402,3.9,71.61,0
KL103744,DE,Paid Search,Basic,33,2,198,24.04,0.226,0,0,0.346,4.6,18.27,0
KL103745,AT,Referral,Plus,23,5,142,36.88,0.501,4,0,0.285,4.9,70.07,0
KL103746,DE,Organic,Plus,19,3,240,42.22,0.617,2,0,0.838,4.8,48.13,1
KL103747,CH,Organic,Basic,10,1,229,34.52,0.649,3,1,0.437,3.9,13.12,1
KL103748,DE,Organic,Basic,46,3,196,26.32,0.678,2,2,0.49,3.8,30.0,0
KL103749,DE,Social,Plus,7,5,219,29.14,0.493,1,0,0.791,4.0,55.37,1
KL103750,DE,Social,Basic,57,8,183,25.89,0.245,1,1,0.021,4.0,78.71,0
KL103751,DE,Organic,Plus,9,3,230,43.27,0.292,1,0,0.515,3.7,49.33,1
KL103752,DE,Paid Search,Basic,32,3,215,21.78,0.396,1,1,0.352,3.3,24.83,1
KL103753,AT,Paid Search,Premium,45,14,158,46.19,0.187,0,0,0.455,4.3,245.73,0
KL103754,DE,Social,Basic,5,1,164,30.49,0.104,0,0,0.431,4.5,11.59,0
KL103755,DE,Social,Plus,3,6,190,31.53,0.368,5,0,0.165,3.6,71.89,0
KL103756,DE,Referral,Basic,34,9,203,35.74,0.23,2,0,0.123,4.4,122.23,0
KL103757,DE,Paid Search,Basic,15,3,185,46.43,0.522,1,2,0.072,3.4,52.93,0
KL103758,Other,Organic,Plus,17,5,160,34.85,0.226,0,2,0.757,3.0,66.22,0
KL103759,DE,Paid Search,Plus,11,8,143,44.81,0.53,2,1,0.206,3.7,136.22,0
KL103760,Other,Paid Search,Plus,7,4,188,44.39,0.613,1,1,0.541,4.2,67.47,1
KL103761,DE,Paid Search,Plus,5,4,226,29.72,0.606,2,0,0.056,4.6,45.17,0
KL103762,DE,Organic,Plus,8,6,172,22.61,0.425,1,2,0.474,3.3,51.55,0
KL103763,DE,Organic,Premium,39,6,212,54.15,0.52,3,0,0.529,4.6,123.46,0
KL103764,DE,Referral,Basic,10,3,213,25.57,0.581,1,2,0.545,3.9,29.15,0
KL103765,CH,Organic,Premium,29,6,205,84.51,0.81,8,1,0.576,3.8,192.68,0
KL103766,DE,Paid Search,Basic,34,5,182,32.58,0.697,3,1,0.221,4.5,61.9,1
KL103767,DE,Social,Basic,3,1,203,20.93,0.402,0,0,0.505,3.4,7.95,1
KL103768,AT,Organic,Plus,28,7,117,34.85,0.509,1,0,0.485,3.7,92.7,0
KL103769,AT,Organic,Basic,1,1,127,22.52,0.843,4,0,0.488,5.0,8.56,1
KL103770,Other,Paid Search,Basic,7,1,198,12.97,0.162,0,1,0.352,4.8,4.93,1
KL103771,Other,Paid Search,Basic,9,3,108,20.92,0.573,3,1,0.488,4.5,23.85,0
KL103772,AT,Paid Search,Plus,14,4,185,45.69,0.725,3,0,0.266,3.5,69.45,0
KL103773,CH,Social,Plus,17,7,187,40.19,0.796,3,0,0.118,4.1,106.91,0
KL103774,CH,Organic,Basic,4,3,197,24.74,0.362,0,0,0.066,5.0,28.2,0
KL103775,DE,Organic,Basic,1,7,65,34.67,0.761,4,0,0.192,3.1,92.22,0
KL103776,AT,Organic,Basic,7,4,173,18.99,0.664,4,0,0.501,4.7,28.86,0
KL103777,DE,Paid Search,Basic,10,0,238,31.43,0.205,3,2,0.288,3.8,11.94,1
KL103778,AT,Paid Search,Basic,10,4,232,18.88,,2,0,0.421,4.5,28.7,1
KL103779,Other,Referral,Basic,55,9,166,34.65,0.298,1,0,0.441,4.6,118.5,0
KL103780,DE,Organic,Plus,18,5,179,42.51,0.712,3,1,0.035,4.1,80.77,0
KL103781,CH,Paid Search,Plus,3,8,172,43.31,0.404,1,1,0.165,4.5,131.66,0
KL103782,Other,Paid Search,Basic,9,1,276,26.92,0.483,6,0,0.126,4.5,10.23,0
KL103783,DE,Social,Basic,12,4,188,32.35,0.831,2,0,0.235,4.7,49.17,0
KL103784,DE,Paid Search,Basic,29,5,127,21.17,0.045,0,1,0.237,3.3,40.22,0
KL103785,Other,Organic,Basic,16,7,147,36.09,0.577,5,2,0.064,3.8,96.0,0
KL103786,Other,Paid Search,Basic,3,4,161,25.95,0.135,0,0,0.268,3.9,39.44,0
KL103787,DE,Organic,Premium,38,8,114,68.95,0.462,2,0,0.135,4.6,209.61,0
KL103788,DE,Social,Plus,12,5,154,47.28,0.218,0,2,0.144,3.5,89.83,0
KL103789,AT,Organic,Basic,13,3,292,21.88,0.771,1,0,0.089,5.0,24.94,1
KL103790,DE,Social,Basic,47,3,159,31.95,0.128,0,0,0.403,3.5,36.42,0
KL103791,DE,Paid Search,Plus,2,5,161,36.05,,2,3,0.583,2.9,68.5,1
KL103792,DE,Social,Premium,10,3,293,52.28,0.445,0,2,0.262,3.3,59.6,1
KL103793,DE,Organic,Basic,5,4,207,29.55,0.382,3,2,0.042,4.1,44.92,1
KL103794,DE,Social,Plus,2,6,183,59.31,0.367,1,0,0.152,4.4,135.23,0
KL103795,AT,Social,Basic,13,0,238,22.76,0.324,3,0,0.535,4.4,8.65,0
KL103796,AT,Paid Search,Plus,63,6,177,46.09,0.528,1,1,0.207,4.4,105.09,0
KL103797,CH,Paid Search,Basic,15,5,162,34.55,0.389,0,0,0.282,4.2,65.64,0
KL103798,DE,Organic,Plus,53,6,182,32.72,0.442,2,0,0.252,4.4,74.6,0
KL103799,DE,Organic,Basic,10,2,222,23.05,0.61,2,0,0.282,4.9,17.52,1
KL103800,DE,Social,Plus,21,4,127,52.0,0.606,1,1,0.259,4.5,79.04,0
KL103801,DE,Paid Search,Plus,9,5,163,47.24,0.506,3,0,0.306,4.9,89.76,0
KL103802,DE,Social,Plus,46,3,135,42.56,0.318,0,0,0.579,4.5,48.52,0
KL103803,DE,Social,Plus,28,2,171,29.38,,3,0,0.277,4.3,22.33,0
KL103804,DE,Social,Basic,19,5,197,23.38,0.686,2,0,0.412,4.6,44.42,0
KL103805,DE,Social,Plus,22,6,156,46.17,0.24,0,1,0.188,3.7,105.27,0
KL103806,AT,Paid Search,Basic,3,1,202,8.0,0.597,2,1,0.242,4.1,3.04,1
KL103807,AT,Paid Search,Plus,7,6,75,48.5,0.506,2,1,0.372,3.6,110.58,0
KL103808,Other,Organic,Basic,3,3,147,37.05,0.343,0,0,0.081,5.0,42.24,0
KL103809,CH,Social,Basic,10,2,162,42.4,0.532,2,1,0.232,3.7,32.22,0
KL103810,DE,Referral,Basic,12,3,134,38.19,0.552,5,1,0.264,3.7,43.54,0
KL103811,DE,Paid Search,Premium,46,7,169,68.21,0.305,1,0,0.131,4.5,181.44,0
KL103812,DE,Referral,Plus,10,1,214,48.23,0.708,1,0,0.264,3.6,18.33,0
KL103813,DE,Referral,Basic,10,1,240,25.15,0.386,1,1,0.092,4.1,9.56,1
KL103814,DE,Paid Search,Plus,4,2,248,37.58,0.042,1,2,0.414,2.9,28.56,1
KL103815,DE,Social,Basic,8,1,260,31.5,0.694,3,1,0.472,4.4,11.97,1
KL103816,DE,Social,Basic,14,1,224,21.41,0.764,1,1,0.57,4.0,8.14,1
KL103817,DE,Organic,Basic,13,1,219,24.58,0.699,1,1,0.202,3.4,9.34,0
KL103818,AT,Organic,Plus,14,7,174,59.53,0.274,0,0,0.454,3.4,158.35,0
KL103819,CH,Paid Search,Premium,4,4,153,59.08,0.406,2,0,0.573,4.5,89.8,0
KL103820,CH,Social,Premium,7,2,213,66.89,0.25,2,1,0.305,3.4,50.84,1
KL103821,AT,Organic,Basic,35,7,146,15.01,0.737,6,0,0.219,3.7,39.93,0
KL103822,DE,Social,Basic,8,2,161,21.42,0.467,2,0,0.244,4.6,16.28,0
KL103823,DE,Social,Plus,1,6,109,35.49,0.424,0,1,0.484,3.8,80.92,0
KL103824,AT,Social,Basic,40,7,79,27.0,0.274,0,0,0.155,3.7,71.82,0
KL103825,DE,Organic,Plus,7,3,187,34.96,0.637,3,1,0.226,4.1,39.85,0
KL103826,DE,Paid Search,Premium,17,6,148,62.7,0.714,5,0,0.53,4.6,142.96,0
KL103827,DE,Organic,Basic,14,4,162,23.91,0.789,6,1,0.339,4.6,36.34,0
KL103828,Other,Organic,Basic,41,7,124,26.38,0.424,1,2,0.342,3.8,70.17,1
KL103829,AT,Organic,Premium,72,8,136,51.63,0.409,3,0,0.079,3.9,156.96,0
KL103830,DE,Organic,Plus,11,2,166,29.45,0.134,3,1,0.535,4.5,22.38,0
KL103831,AT,Organic,Premium,26,7,167,71.16,0.216,3,0,0.068,4.1,189.29,0
KL103832,DE,Paid Search,Plus,20,6,198,37.33,0.233,1,1,0.311,3.9,85.11,0
KL103833,DE,Paid Search,Basic,24,6,155,29.5,0.086,1,0,0.433,3.6,67.26,1
KL103834,DE,Organic,Plus,8,2,242,45.04,0.524,3,0,0.49,3.8,34.23,1
KL103835,DE,Social,Plus,72,7,137,42.5,0.262,1,2,0.24,3.9,113.05,0
KL103836,AT,Paid Search,Premium,5,8,88,54.15,0.404,1,0,0.162,5.0,164.62,0
KL103837,DE,Referral,Basic,21,2,252,11.49,0.234,1,1,0.309,4.7,8.73,1
KL103838,CH,Paid Search,Plus,6,2,132,38.56,0.638,1,0,0.608,4.1,29.31,0
KL103839,DE,Organic,Basic,7,4,168,28.17,0.502,2,2,0.424,3.5,42.82,1
KL103840,AT,Referral,Basic,20,5,207,39.06,0.471,1,0,0.24,5.0,74.21,0
KL103841,AT,Social,Premium,2,5,223,80.63,0.467,3,1,0.473,3.6,153.2,1
KL103842,AT,Paid Search,Premium,57,14,102,67.66,0.341,3,1,0.211,4.2,359.95,0
KL103843,DE,Paid Search,Plus,36,6,152,41.18,0.409,3,1,0.249,4.6,93.89,0
KL103844,Other,Paid Search,Premium,27,10,213,64.19,0.35,1,0,0.143,4.1,243.92,0
KL103845,DE,Paid Search,Basic,2,2,236,27.43,0.396,1,0,0.356,4.5,20.85,1
KL103846,AT,Social,Plus,14,4,226,36.33,0.508,2,0,0.255,4.2,55.22,0
KL103847,AT,Paid Search,Plus,6,9,165,52.66,0.475,2,0,0.249,5.0,180.1,0
KL103848,DE,Organic,Plus,13,3,217,38.51,0.411,2,1,0.699,3.9,43.9,1
KL103849,DE,Organic,Plus,8,6,181,44.56,0.389,1,2,0.194,3.9,101.6,1
KL103850,DE,Organic,Plus,37,6,167,44.44,0.229,1,1,0.48,4.5,101.32,0
KL103851,DE,Organic,Premium,37,6,107,46.13,0.698,2,2,0.215,3.6,105.18,0
KL103852,DE,Paid Search,Basic,23,4,141,19.61,0.291,2,1,0.613,3.3,29.81,0
KL103853,DE,Referral,Plus,9,2,228,44.6,0.656,1,0,0.142,3.6,33.9,1
KL103854,DE,Organic,Basic,21,1,254,37.77,0.427,1,0,0.396,4.6,14.35,1
KL103855,DE,Organic,Basic,18,5,186,29.41,0.627,4,0,0.246,4.7,55.88,0
KL103856,CH,Organic,Plus,7,5,141,47.31,0.232,0,2,0.303,3.8,89.89,1
KL103857,DE,Paid Search,Plus,6,3,203,33.1,0.493,0,0,0.326,4.8,37.73,0
KL103858,AT,Paid Search,Premium,18,4,201,65.22,0.064,0,1,0.197,,99.13,0
KL103859,DE,Paid Search,Basic,7,1,145,18.59,0.531,3,1,0.308,3.8,7.06,0
KL103860,DE,Referral,Basic,15,0,273,34.2,0.486,1,0,0.354,4.0,13.0,1
KL103861,DE,Referral,Plus,59,10,170,42.34,0.665,1,0,0.11,3.5,160.89,0
KL103862,AT,Social,Premium,21,9,111,78.88,0.491,4,0,0.581,4.3,269.77,0
KL103863,DE,Social,Premium,13,7,161,64.83,0.295,1,1,0.411,4.8,172.45,0
KL103864,Other,Paid Search,Premium,49,11,120,52.37,0.276,0,0,0.162,4.5,218.91,0
KL103865,DE,Paid Search,Basic,31,5,225,30.62,0.364,1,1,0.775,3.0,58.18,0
KL103866,DE,Paid Search,Premium,2,5,160,61.33,,2,1,0.507,4.9,116.53,0
KL103867,DE,Social,Basic,1,0,178,35.62,0.224,1,1,0.661,4.9,13.54,1
KL103868,AT,Organic,Premium,64,7,160,59.18,0.755,2,0,0.258,5.0,157.42,0
KL103869,DE,Organic,Plus,12,3,159,52.0,0.776,2,1,0.288,3.7,59.28,0
KL103870,DE,Organic,Basic,31,2,238,16.89,0.421,1,0,0.097,4.4,12.84,1
KL103871,DE,Paid Search,Plus,3,1,209,53.29,0.315,0,1,0.36,4.7,20.25,0
KL103872,DE,Social,Plus,6,3,154,31.02,0.334,0,0,0.167,3.8,35.36,0
KL103873,DE,Organic,Basic,4,4,162,21.7,0.345,4,0,0.403,4.3,32.98,1
KL103874,Other,Paid Search,Basic,12,2,187,33.43,0.355,0,2,0.285,3.9,25.41,0
KL103875,DE,Paid Search,Plus,4,2,193,59.13,0.742,1,1,0.131,4.0,44.94,0
KL103876,DE,Social,Premium,6,5,122,65.68,0.467,4,2,0.278,3.9,124.79,0
KL103877,Other,Organic,Plus,30,10,99,30.77,0.226,0,1,0.333,3.9,116.93,0
KL103878,DE,Organic,Basic,56,4,197,9.3,0.197,1,0,0.27,5.0,14.14,0
KL103879,DE,Paid Search,Plus,12,7,208,49.62,0.148,2,0,0.337,4.3,131.99,0
KL103880,AT,Paid Search,Basic,11,4,169,41.18,0.321,0,0,0.229,4.6,62.59,0
KL103881,CH,Social,Basic,18,3,199,36.74,0.392,2,1,0.017,3.8,41.88,0
KL103882,AT,Paid Search,Basic,24,3,277,29.35,0.826,1,0,0.435,3.7,33.46,1
KL103883,DE,Referral,Basic,8,1,220,21.89,0.549,1,1,0.026,4.0,8.32,0
KL103884,Other,Organic,Basic,8,3,127,32.1,0.189,1,1,0.298,4.6,36.59,0
KL103885,DE,Paid Search,Basic,28,5,199,30.8,,1,2,0.767,3.9,58.52,1
KL103886,Other,Referral,Basic,12,1,219,43.82,0.637,4,1,0.696,4.4,16.65,1
KL103887,CH,Organic,Plus,21,5,164,46.13,0.153,1,0,0.398,4.2,87.65,0
KL103888,Other,Social,Basic,24,3,156,35.08,0.422,1,0,0.334,4.2,39.99,0
KL103889,DE,Organic,Basic,3,3,224,27.04,0.431,2,0,0.457,4.7,30.83,0
KL103890,DE,Paid Search,Plus,36,1,116,34.09,0.456,3,2,0.409,3.7,12.95,0
KL103891,AT,Organic,Plus,50,4,172,41.67,0.146,1,0,0.057,4.3,63.34,0
KL103892,DE,Paid Search,Plus,10,3,183,22.63,0.478,2,2,0.175,3.6,25.8,0
KL103893,DE,Social,Basic,21,1,187,27.83,0.388,1,0,0.274,5.0,10.58,0
KL103894,Other,Organic,Plus,24,4,184,44.48,0.732,3,0,0.206,5.0,67.61,0
KL103895,AT,Organic,Plus,28,3,152,37.5,,2,1,0.463,4.3,42.75,1
KL103896,DE,Paid Search,Plus,3,3,215,44.83,0.584,3,0,0.093,4.1,51.11,0
KL103897,DE,Organic,Plus,12,2,306,50.58,0.741,3,0,0.063,5.0,38.44,1
KL103898,DE,Paid Search,Basic,40,2,172,29.01,0.153,0,0,0.183,4.0,22.05,1
KL103899,DE,Referral,Basic,24,8,170,27.21,0.214,1,0,0.724,,82.72,0
KL103900,DE,Organic,Basic,1,6,177,24.84,0.674,3,0,0.34,3.9,56.64,0
KL103901,CH,Paid Search,Basic,1,4,195,25.93,0.14,0,0,0.514,4.2,39.41,1
KL103902,AT,Paid Search,Premium,15,4,171,80.79,0.176,1,0,0.508,4.1,122.8,1
KL103903,DE,Organic,Basic,14,3,196,21.63,0.318,1,1,0.301,4.4,24.66,0
KL103904,DE,Organic,Plus,4,5,187,36.91,0.323,3,2,0.174,4.6,70.13,0
KL103905,AT,Social,Premium,10,5,208,72.55,0.4,1,2,0.703,3.8,137.84,0
KL103906,CH,Paid Search,Plus,8,3,221,35.82,0.306,1,0,0.341,4.9,40.83,0
KL103907,CH,Social,Basic,11,3,241,35.03,0.325,3,0,0.409,4.9,39.93,1
KL103908,DE,Paid Search,Premium,5,2,178,57.51,0.414,0,1,0.38,4.2,43.71,0
KL103909,CH,Paid Search,Basic,16,2,210,27.91,0.345,1,1,0.599,4.1,21.21,1
KL103910,DE,Referral,Basic,31,3,190,35.43,0.757,4,0,0.53,5.0,40.39,0
KL103911,DE,Social,Basic,3,2,234,18.18,0.337,1,0,0.168,4.8,13.82,1
KL103912,CH,Referral,Basic,8,1,157,33.86,0.705,1,1,0.225,3.9,12.87,0
KL103913,DE,Organic,Plus,47,6,210,49.21,0.288,1,1,0.168,4.1,112.2,0
KL103914,DE,Referral,Basic,11,2,215,25.87,0.268,0,0,0.239,4.1,19.66,1
KL103915,DE,Social,Plus,8,7,206,52.25,0.546,1,0,0.708,4.8,138.99,0
KL103916,DE,Social,Basic,34,4,190,26.61,0.613,0,1,0.307,3.8,40.45,0
KL103917,DE,Social,Premium,3,4,182,64.17,0.147,1,0,0.413,4.3,97.54,0
KL103918,AT,Referral,Basic,14,5,157,33.72,0.663,6,0,0.208,4.7,64.07,0
KL103919,DE,Paid Search,Premium,41,7,150,74.87,0.204,0,1,0.163,3.8,199.15,0
KL103920,DE,Social,Basic,9,5,109,8.0,0.19,1,1,0.804,4.4,15.2,1
KL103921,CH,Social,Premium,7,9,142,48.34,,1,2,0.475,3.5,165.32,0
KL103922,DE,Social,Plus,8,1,193,31.7,0.582,2,2,0.156,3.7,12.05,1
KL103923,Other,Social,Plus,8,2,207,46.99,0.732,1,1,0.342,4.7,35.71,0
KL103924,DE,Organic,Basic,6,3,171,29.76,0.781,2,0,0.336,5.0,33.93,0
KL103925,DE,Paid Search,Plus,57,10,152,26.93,0.726,3,2,0.523,4.7,102.33,0
KL103926,DE,Paid Search,Plus,7,4,183,57.52,0.599,3,1,0.36,4.4,87.43,0
KL103927,CH,Social,Plus,13,6,108,46.55,0.686,5,2,0.209,3.6,106.13,0
KL103928,DE,Social,Plus,27,7,166,39.93,0.242,0,2,0.597,4.6,106.21,1
KL103929,CH,Social,Premium,6,13,145,69.02,0.362,2,2,0.67,3.0,340.96,0
KL103930,DE,Social,Premium,27,9,179,62.51,0.307,1,1,0.45,4.3,213.78,0
KL103931,DE,Paid Search,Plus,43,11,101,50.74,0.203,0,0,0.367,4.1,212.09,0
KL103932,DE,Organic,Basic,12,3,143,38.79,0.546,2,0,0.498,4.4,44.22,1
KL103933,DE,Paid Search,Basic,21,1,250,40.54,0.303,0,0,0.312,4.1,15.41,0
KL103934,DE,Referral,Plus,22,2,218,45.89,0.242,0,1,0.32,5.0,34.88,1
KL103935,DE,Social,Premium,14,12,90,65.89,0.247,0,2,0.456,3.1,300.46,0
KL103936,DE,Referral,Basic,5,4,159,36.28,0.181,1,2,0.136,4.2,55.15,1
KL103937,AT,Referral,Basic,69,5,181,41.6,0.399,4,0,0.123,4.5,79.04,0
KL103938,DE,Paid Search,Basic,7,4,218,25.92,0.337,2,0,0.232,4.5,39.4,0
KL103939,DE,Social,Basic,17,4,176,39.66,0.173,0,0,0.385,4.4,60.28,1
KL103940,DE,Paid Search,Premium,23,4,136,60.61,0.28,0,0,0.653,4.1,92.13,0
KL103941,DE,Paid Search,Plus,11,5,113,35.72,0.508,4,0,0.222,4.3,67.87,0
KL103942,DE,Organic,Basic,18,3,167,30.98,0.599,2,0,0.685,4.6,35.32,0
KL103943,DE,Organic,Basic,17,2,175,22.12,0.421,0,2,0.482,3.2,16.81,1
KL103944,DE,Organic,Basic,9,3,157,12.83,0.53,3,2,0.467,2.9,14.63,0
KL103945,CH,Paid Search,Plus,7,6,221,40.48,0.219,1,1,0.352,4.7,92.29,1
KL103946,DE,Organic,Plus,3,5,125,61.37,0.331,1,0,0.438,3.7,116.6,0
KL103947,DE,Paid Search,Basic,31,5,154,13.16,0.311,0,0,0.224,3.2,25.0,0
KL103948,CH,Paid Search,Basic,69,5,255,34.96,,2,0,0.403,5.0,66.42,0
KL103949,DE,Paid Search,Premium,21,5,152,63.0,0.252,1,0,0.205,4.7,119.7,0
KL103950,DE,Social,Plus,28,0,219,36.4,0.457,0,1,0.138,5.0,13.83,1
KL103951,Other,Paid Search,Plus,19,5,229,35.27,0.75,3,3,0.171,2.8,67.01,0
KL103952,Other,Organic,Basic,13,2,200,28.8,0.122,1,0,0.138,4.7,21.89,0
KL103953,AT,Referral,Premium,13,5,193,62.77,0.328,2,0,0.158,4.5,119.26,0
KL103954,DE,Social,Plus,3,4,164,46.86,0.313,0,0,0.396,4.6,71.23,0
KL103955,DE,Social,Premium,21,11,101,82.71,0.306,2,0,0.466,4.4,345.73,0
KL103956,Other,Social,Basic,7,4,132,29.88,0.142,2,2,0.128,3.9,45.42,0
KL103957,Other,Organic,Basic,35,2,196,23.14,0.324,2,2,0.36,4.2,17.59,1
KL103958,DE,Social,Basic,16,1,225,31.14,0.102,0,0,0.293,5.0,11.83,1
KL103959,DE,Organic,Premium,6,7,232,59.88,0.622,3,2,0.273,4.1,159.28,0
KL103960,DE,Paid Search,Plus,7,8,137,38.33,0.473,3,0,0.355,3.6,116.52,0
KL103961,DE,Organic,Basic,3,1,254,22.56,0.391,0,0,0.476,4.3,8.57,1
KL103962,AT,Social,Premium,19,1,245,72.63,0.245,1,2,0.309,2.6,27.6,1
KL103963,DE,Organic,Premium,9,8,130,72.0,0.059,0,0,0.289,4.5,218.88,0
KL103964,DE,Organic,Basic,2,1,213,26.62,0.341,0,1,0.506,4.7,10.12,1
KL103965,DE,Organic,Plus,2,2,205,30.33,0.707,2,2,0.503,3.1,23.05,1
KL103966,DE,Social,Plus,18,1,163,34.89,0.712,3,0,0.006,4.6,13.26,0
KL103967,DE,Organic,Basic,12,1,203,27.66,0.472,0,3,0.292,3.3,10.51,1
KL103968,DE,Paid Search,Plus,7,5,151,51.4,0.823,3,2,0.452,3.7,97.66,0
KL103969,DE,Organic,Basic,4,3,188,8.0,0.796,4,0,0.377,5.0,9.12,0
KL103970,Other,Social,Premium,13,1,206,66.97,0.162,1,1,0.286,4.0,25.45,1
KL103971,DE,Organic,Plus,10,1,210,47.42,0.374,1,1,0.366,4.5,18.02,1
KL103972,DE,Referral,Premium,7,7,143,70.62,0.358,2,1,0.448,3.9,187.85,0
KL103973,DE,Organic,Plus,3,2,167,47.75,0.443,1,1,0.382,4.0,36.29,1
KL103974,DE,Organic,Basic,41,8,94,36.5,0.236,2,1,0.257,4.0,110.96,0
KL103975,DE,Organic,Basic,49,5,213,26.22,0.549,2,0,0.287,,49.82,0
KL103976,DE,Organic,Plus,12,3,197,48.03,0.356,0,1,0.545,3.7,54.75,1
KL103977,DE,Paid Search,Basic,14,4,224,13.23,0.631,4,0,0.148,3.4,20.11,0
KL103978,DE,Organic,Plus,13,6,166,38.45,0.424,3,2,0.412,3.7,87.67,1
KL103979,AT,Referral,Basic,18,6,171,30.78,0.344,1,2,0.104,3.4,70.18,0
KL103980,DE,Paid Search,Basic,2,3,186,24.07,0.63,3,0,0.45,4.3,27.44,0
KL103981,DE,Organic,Plus,42,4,175,33.9,0.372,0,1,0.493,3.3,51.53,0
KL103982,DE,Paid Search,Plus,22,8,164,36.86,0.542,2,0,0.555,4.6,112.05,0
KL103983,DE,Organic,Plus,11,4,177,47.32,0.363,3,1,0.143,3.4,71.93,0
KL103984,DE,Organic,Plus,11,1,246,41.13,0.791,0,0,0.332,4.8,15.63,1
KL103985,DE,Organic,Basic,6,6,220,27.7,0.262,1,0,0.493,4.7,63.16,0
KL103986,DE,Organic,Plus,10,10,185,45.11,0.089,2,4,0.113,2.8,171.42,0
KL103987,DE,Organic,Plus,27,7,218,44.18,0.51,2,2,0.563,4.2,117.52,1
KL103988,Other,Referral,Plus,14,6,132,53.76,0.411,1,1,0.196,4.1,122.57,0
KL103989,Other,Social,Basic,5,2,246,37.45,0.268,0,0,0.221,4.5,28.46,0
KL103990,Other,Referral,Plus,24,2,207,45.44,0.623,2,0,0.117,4.9,34.53,0
KL103991,DE,Organic,Basic,45,4,192,25.81,0.386,1,2,0.555,3.9,39.23,0
KL103992,DE,Social,Plus,1,4,163,52.88,0.416,1,0,0.36,3.8,80.38,0
KL103993,DE,Paid Search,Basic,2,2,191,41.55,0.424,2,1,0.319,4.1,31.58,1
KL103994,DE,Organic,Premium,36,6,95,52.79,0.315,0,1,0.243,4.5,120.36,0
KL103995,DE,Social,Plus,6,5,199,41.45,0.085,0,0,0.68,3.8,78.76,1
KL103996,DE,Organic,Plus,14,1,205,40.62,0.248,1,0,0.294,4.6,15.44,1
KL103997,DE,Paid Search,Plus,17,5,162,34.43,0.586,5,0,0.231,4.3,65.42,0
KL103998,DE,Social,Plus,11,6,219,38.15,0.341,1,0,0.021,5.0,86.98,0
KL103999,DE,Paid Search,Basic,17,3,196,25.11,0.249,1,2,0.411,4.3,28.63,0
KL104000,AT,Paid Search,Plus,8,4,156,50.67,0.47,0,0,0.519,5.0,77.02,0
KL104001,DE,Paid Search,Premium,41,5,179,54.0,0.379,2,1,0.354,4.0,102.6,0
KL104002,CH,Organic,Basic,3,3,256,30.09,0.452,3,0,0.464,4.7,34.3,0
KL104003,DE,Referral,Basic,15,2,199,21.94,0.776,1,0,0.283,4.8,16.67,0
KL104004,DE,Organic,Plus,23,3,224,51.98,0.327,0,0,0.216,4.3,59.26,0
KL104005,DE,Organic,Basic,15,7,139,28.97,0.292,0,0,0.232,5.0,77.06,0
KL104006,DE,Organic,Plus,10,5,197,49.65,0.428,1,0,0.046,4.3,94.34,0
KL104007,DE,Referral,Plus,12,2,211,42.89,,1,2,0.49,3.7,32.6,1
KL104008,DE,Social,Plus,5,3,196,29.16,0.387,1,2,0.445,3.8,33.24,1
KL104009,DE,Paid Search,Basic,10,0,203,23.89,0.18,0,0,0.148,4.3,9.08,0
KL104010,DE,Referral,Basic,14,2,194,41.89,0.334,2,0,0.108,4.4,31.84,0
KL104011,DE,Organic,Premium,44,12,58,69.74,0.29,0,0,0.364,5.0,318.01,0
KL104012,Other,Referral,Basic,17,3,140,44.2,0.193,2,0,0.486,4.8,50.39,0
KL104013,DE,Organic,Plus,17,5,125,54.42,0.351,1,1,0.539,,103.4,0
KL104014,DE,Paid Search,Basic,4,2,151,23.2,0.205,5,1,0.249,4.5,17.63,0
KL104015,DE,Organic,Basic,51,6,162,17.58,0.085,0,1,0.213,3.6,40.08,1
KL104016,DE,Referral,Basic,5,2,186,37.02,0.249,1,0,0.132,4.1,28.14,0
KL104017,DE,Referral,Basic,13,8,119,36.44,0.312,1,1,0.057,3.5,110.78,0
KL104018,DE,Paid Search,Plus,5,3,238,42.36,0.416,2,0,0.543,4.5,48.29,1
KL104019,AT,Organic,Plus,13,3,186,30.42,0.584,3,0,0.282,4.5,34.68,1
KL104020,DE,Organic,Premium,14,4,219,60.76,0.171,1,2,0.391,2.9,92.36,1
KL104021,DE,Paid Search,Premium,35,2,152,66.4,,1,0,0.381,4.2,50.46,0
KL104022,DE,Organic,Basic,17,4,203,34.25,0.35,0,0,0.144,,52.06,0
KL104023,CH,Organic,Basic,2,2,238,20.08,0.289,1,0,0.681,4.2,15.26,1
KL104024,CH,Social,Premium,2,4,202,73.3,0.41,1,1,0.147,,111.42,0
KL104025,Other,Paid Search,Basic,72,6,156,34.43,0.394,1,1,0.15,3.9,78.5,0
KL104026,AT,Referral,Basic,6,5,170,34.54,0.422,0,1,0.17,3.6,65.63,0
KL104027,AT,Paid Search,Basic,6,1,224,32.31,0.56,2,0,0.605,4.4,12.28,0
KL104028,DE,Paid Search,Plus,39,5,182,24.68,0.215,2,0,0.267,4.7,46.89,0
KL104029,CH,Paid Search,Basic,5,5,218,30.54,0.496,1,3,0.249,3.4,58.03,1
KL104030,DE,Organic,Basic,2,1,179,24.95,0.508,2,1,0.408,5.0,9.48,1
KL104031,DE,Paid Search,Plus,28,6,205,46.66,0.499,0,2,0.333,3.6,106.38,0
KL104032,AT,Social,Plus,39,4,198,29.28,,1,1,0.272,,44.51,0
KL104033,DE,Organic,Basic,4,1,219,11.88,0.575,1,1,0.36,4.2,4.51,1
KL104034,DE,Organic,Plus,9,3,189,46.77,0.309,2,1,0.393,4.6,53.32,0
KL104035,DE,Social,Basic,20,5,217,20.88,0.614,2,0,0.27,4.1,39.67,0
KL104036,DE,Paid Search,Basic,8,3,165,10.98,0.378,4,0,0.236,4.7,12.52,0
KL104037,CH,Paid Search,Basic,24,2,164,19.54,0.304,3,1,0.51,4.4,14.85,0
KL104038,DE,Social,Basic,11,4,189,26.68,0.141,1,0,0.189,3.6,40.55,1
KL104039,CH,Paid Search,Basic,6,3,172,37.01,0.307,1,2,0.101,3.7,42.19,0
KL104040,DE,Organic,Premium,17,4,198,65.31,0.131,0,1,0.176,,99.27,1
KL104041,AT,Social,Basic,72,4,254,23.38,0.615,3,0,0.425,4.4,35.54,0
KL104042,DE,Referral,Premium,17,7,167,62.93,0.514,1,1,0.319,5.0,167.39,0
KL104043,Other,Organic,Basic,23,4,195,34.05,0.67,2,0,0.091,4.7,51.76,0
KL104044,DE,Organic,Basic,2,1,267,32.41,0.58,0,0,0.158,4.6,12.32,1
KL104045,DE,Social,Plus,6,3,209,47.73,0.206,1,0,0.603,4.7,54.41,1
KL104046,DE,Paid Search,Plus,41,2,241,55.97,0.277,2,2,0.391,4.1,42.54,1
KL104047,DE,Paid Search,Basic,11,1,202,28.38,0.484,4,0,0.073,4.5,10.78,0
KL104048,DE,Paid Search,Basic,5,3,194,33.66,0.295,2,2,0.438,3.6,38.37,1
KL104049,AT,Social,Plus,9,2,180,24.85,0.301,1,0,0.111,4.3,18.89,0
KL104050,Other,Paid Search,Basic,2,2,220,29.44,0.703,2,1,0.556,3.6,22.37,1
KL104051,AT,Organic,Plus,9,2,221,31.2,0.677,4,1,0.4,4.0,23.71,1
KL104052,DE,Organic,Plus,32,10,165,36.96,0.34,1,1,0.475,3.8,140.45,0
KL104053,DE,Paid Search,Basic,53,3,211,24.33,0.247,0,0,0.203,4.2,27.74,0
KL104054,CH,Referral,Plus,20,5,175,41.97,0.547,2,3,0.509,4.3,79.74,0
KL104055,CH,Paid Search,Basic,63,5,199,23.34,0.767,0,0,0.261,4.0,44.35,0
KL104056,DE,Paid Search,Premium,24,5,231,61.94,0.493,0,2,0.321,3.5,117.69,1
KL104057,Other,Referral,Premium,7,4,192,70.2,,0,0,0.453,3.8,106.7,1
KL104058,DE,Paid Search,Plus,2,1,165,42.7,0.514,1,1,0.262,5.0,16.23,0
KL104059,CH,Paid Search,Premium,18,7,129,64.46,0.121,1,0,0.478,4.3,171.46,0
KL104060,Other,Organic,Plus,38,4,196,41.96,0.522,0,0,0.349,3.8,63.78,0
KL104061,AT,Social,Basic,22,3,166,26.17,0.506,2,0,0.374,4.5,29.83,0
KL104062,DE,Social,Basic,9,0,202,35.92,0.365,2,3,0.735,,13.65,1
KL104063,DE,Social,Basic,21,6,153,27.27,0.606,0,0,0.066,4.9,62.18,0
KL104064,DE,Organic,Basic,10,3,210,46.08,0.77,3,1,0.602,3.3,52.53,0
KL104065,CH,Paid Search,Plus,12,6,227,45.64,0.261,1,0,0.551,4.8,104.06,1
KL104066,DE,Organic,Basic,36,3,144,33.97,0.678,2,1,0.546,,38.73,0
KL104067,AT,Referral,Plus,9,4,224,39.47,0.094,0,1,0.149,4.2,59.99,1
KL104068,CH,Organic,Basic,9,5,214,32.43,0.403,5,0,0.448,4.0,61.62,0
KL104069,DE,Social,Basic,24,4,197,36.15,0.262,0,1,0.676,4.6,54.95,1
KL104070,DE,Social,Basic,44,4,181,29.69,0.51,2,0,0.333,4.2,45.13,0
KL104071,AT,Organic,Premium,8,5,207,61.9,0.221,1,2,0.169,2.7,117.61,1
KL104072,DE,Paid Search,Basic,15,4,190,36.76,0.14,1,1,0.71,2.4,55.88,1
KL104073,DE,Organic,Basic,25,2,198,43.67,0.448,1,0,0.301,4.6,33.19,1
KL104074,DE,Paid Search,Basic,9,7,101,16.09,0.183,1,0,0.596,5.0,42.8,0
KL104075,DE,Referral,Premium,13,10,156,61.2,0.799,3,2,0.131,3.6,232.56,0
KL104076,AT,Paid Search,Basic,11,5,229,27.64,0.378,5,0,0.608,4.3,52.52,0
KL104077,DE,Referral,Plus,15,5,131,39.12,0.219,2,0,0.156,4.0,74.33,0
KL104078,DE,Organic,Basic,52,5,149,27.51,0.295,0,0,0.273,4.5,52.27,0
KL104079,DE,Paid Search,Basic,8,2,188,19.98,0.387,0,1,0.467,4.2,15.18,0
KL104080,DE,Referral,Plus,33,1,202,49.45,0.736,2,1,0.082,4.1,18.79,0
KL104081,DE,Social,Plus,21,3,171,42.21,0.87,6,1,0.283,3.4,48.12,0
KL104082,AT,Organic,Plus,16,6,216,43.99,0.473,1,1,0.174,3.2,100.3,0
KL104083,DE,Social,Basic,53,6,242,25.72,0.152,0,1,0.437,3.2,58.64,0
KL104084,DE,Referral,Premium,31,6,180,59.48,0.176,0,4,0.091,2.7,135.61,0
KL104085,Other,Social,Plus,16,6,149,36.73,0.301,0,0,0.352,3.9,83.74,0
KL104086,DE,Paid Search,Premium,4,4,194,77.88,0.323,3,0,0.191,,118.38,0
KL104087,DE,Organic,Basic,8,4,149,20.13,0.292,2,0,0.203,3.8,30.6,0
KL104088,DE,Organic,Basic,24,3,188,24.83,0.66,3,0,0.476,4.5,28.31,0
KL104089,DE,Paid Search,Basic,16,5,199,13.52,0.46,3,0,0.311,5.0,25.69,0
KL104090,DE,Paid Search,Plus,35,6,195,45.87,0.457,1,1,0.162,4.7,104.58,0
KL104091,CH,Organic,Plus,65,10,159,49.07,0.604,3,0,0.162,4.9,186.47,0
KL104092,CH,Organic,Basic,13,2,187,13.98,0.289,2,1,0.149,3.9,10.62,1
KL104093,DE,Paid Search,Basic,36,4,192,22.21,0.525,2,0,0.462,4.6,33.76,0
KL104094,DE,Paid Search,Basic,2,2,192,21.64,0.335,2,1,0.311,4.1,16.45,1
KL104095,DE,Paid Search,Basic,9,2,235,25.15,0.292,0,2,0.384,4.0,19.11,1
KL104096,DE,Paid Search,Plus,32,4,202,46.42,0.82,2,2,0.258,,70.56,0
KL104097,AT,Organic,Basic,3,3,254,27.79,0.32,1,0,0.367,4.3,31.68,1
KL104098,AT,Social,Basic,10,4,199,28.0,0.464,4,1,0.367,4.0,42.56,1
KL104099,CH,Paid Search,Basic,16,3,166,16.6,0.223,0,0,0.336,4.8,18.92,1
KL104100,DE,Organic,Basic,72,10,98,27.66,0.236,0,0,0.067,5.0,105.11,0
KL104101,AT,Paid Search,Premium,40,5,185,72.63,0.383,3,0,0.482,4.4,138.0,0
KL104102,DE,Paid Search,Basic,12,4,106,28.84,0.529,1,0,0.507,4.5,43.84,0
KL104103,DE,Paid Search,Premium,13,2,190,48.95,0.19,0,0,0.244,4.4,37.2,0
KL104104,CH,Paid Search,Plus,2,5,159,52.16,0.81,5,0,0.365,5.0,99.1,0
KL104105,DE,Social,Plus,3,2,176,52.81,0.682,3,1,0.037,3.7,40.14,0
KL104106,AT,Social,Basic,70,13,121,32.54,0.412,3,1,0.594,,160.75,0
KL104107,AT,Organic,Plus,5,7,128,49.46,0.512,1,0,0.32,4.7,131.56,0
KL104108,CH,Organic,Plus,26,6,117,45.84,0.094,3,0,0.285,4.8,104.52,0
KL104109,DE,Organic,Basic,3,4,205,33.27,0.477,2,1,0.242,3.7,50.57,1
KL104110,DE,Paid Search,Premium,5,10,127,60.41,0.703,2,0,0.291,,229.56,0
KL104111,CH,Paid Search,Basic,5,5,192,34.33,0.472,4,1,0.515,4.1,65.23,1
KL104112,CH,Social,Basic,5,1,218,10.1,0.335,0,0,0.073,4.3,3.84,1
KL104113,DE,Organic,Basic,5,3,214,26.73,0.378,0,2,0.104,3.4,30.47,1
KL104114,CH,Paid Search,Plus,11,4,195,49.32,0.777,3,0,0.28,4.5,74.97,0
KL104115,DE,Organic,Basic,43,5,200,39.72,0.411,0,0,0.486,,75.47,0
KL104116,DE,Paid Search,Basic,7,3,255,31.34,0.412,3,2,0.359,3.4,35.73,0
KL104117,CH,Social,Basic,8,4,199,37.6,0.734,5,1,0.329,5.0,57.15,0
KL104118,DE,Organic,Basic,5,1,231,27.57,0.234,0,0,0.19,4.5,10.48,0
KL104119,DE,Paid Search,Basic,19,4,192,33.11,0.242,0,1,0.041,3.6,50.33,0
KL104120,Other,Paid Search,Premium,23,11,66,70.71,0.406,3,2,0.254,4.4,295.57,0
KL104121,CH,Social,Basic,38,2,199,9.11,0.221,1,1,0.144,4.6,6.92,0
KL104122,CH,Organic,Premium,36,11,179,71.25,0.14,0,1,0.37,4.4,297.82,0
KL104123,DE,Referral,Plus,42,6,189,42.95,0.277,1,0,0.405,4.6,97.93,0
KL104124,Other,Referral,Plus,2,5,163,43.76,0.772,2,0,0.331,4.1,83.14,0
KL104125,DE,Social,Premium,33,10,153,72.17,0.656,1,1,0.12,4.3,274.25,0
KL104126,DE,Organic,Basic,2,5,141,23.73,0.264,0,0,0.415,4.4,45.09,0
KL104127,DE,Social,Plus,3,6,196,42.21,0.95,3,0,0.102,4.6,96.24,0
KL104128,CH,Organic,Basic,19,1,195,28.56,0.576,4,1,0.32,4.0,10.85,0
KL104129,CH,Social,Basic,5,2,210,31.09,0.521,3,1,0.114,3.6,23.63,0
KL104130,AT,Paid Search,Basic,7,3,160,10.79,0.692,3,3,0.626,3.9,12.3,0
KL104131,AT,Organic,Plus,31,9,155,47.36,0.631,1,1,0.284,4.2,161.97,0
KL104132,DE,Organic,Plus,72,7,80,47.68,0.808,2,0,0.075,4.0,126.83,0
KL104133,DE,Social,Basic,2,2,189,17.56,0.32,0,1,0.273,,13.35,1
KL104134,DE,Social,Plus,1,7,137,36.08,0.404,1,2,0.309,3.6,95.97,0
KL104135,DE,Paid Search,Basic,4,2,178,37.07,0.403,2,1,0.175,3.8,28.17,1
KL104136,DE,Paid Search,Basic,6,3,75,20.16,,1,5,0.598,2.0,22.98,1
KL104137,CH,Social,Basic,41,4,164,39.91,0.343,2,1,0.195,4.8,60.66,0
KL104138,AT,Social,Plus,25,9,157,34.55,0.188,0,1,0.326,3.3,118.16,0
KL104139,CH,Social,Basic,5,5,149,35.78,0.695,2,0,0.17,3.8,67.98,0
KL104140,DE,Paid Search,Basic,9,5,196,20.29,0.306,1,0,0.121,4.6,38.55,1
KL104141,DE,Social,Basic,72,5,211,34.63,0.466,2,1,0.07,4.1,65.8,0
KL104142,DE,Social,Plus,35,11,142,43.82,0.396,4,0,0.2,4.4,183.17,0
KL104143,DE,Organic,Plus,6,3,209,43.93,0.287,1,0,0.416,4.7,50.08,1
KL104144,DE,Paid Search,Basic,9,2,213,19.74,0.286,0,0,0.611,4.4,15.0,0
KL104145,DE,Organic,Plus,2,3,215,41.94,0.259,2,1,0.222,4.3,47.81,1
KL104146,DE,Paid Search,Plus,26,4,164,35.74,0.409,2,0,0.515,,54.32,0
KL104147,AT,Social,Basic,7,1,182,20.92,0.534,3,0,0.166,4.1,7.95,0
KL104148,DE,Organic,Basic,30,5,151,38.55,0.365,1,1,0.337,4.0,73.24,0
KL104149,DE,Paid Search,Premium,5,6,195,87.9,0.223,0,0,0.331,4.2,200.41,1
KL104150,DE,Organic,Basic,1,2,174,21.87,0.176,2,0,0.114,4.1,16.62,0
KL104151,DE,Referral,Basic,16,3,185,31.4,0.501,0,0,0.426,3.8,35.8,1
KL104152,DE,Social,Premium,11,5,165,72.55,0.161,0,0,0.289,5.0,137.84,0
KL104153,DE,Paid Search,Plus,30,10,146,36.96,0.269,0,1,0.196,4.2,140.45,0
KL104154,DE,Social,Plus,8,4,209,34.92,0.366,0,0,0.229,3.9,53.08,1
KL104155,DE,Organic,Plus,16,3,217,42.0,0.106,1,1,0.235,4.6,47.88,1
KL104156,CH,Social,Basic,19,3,133,28.14,0.556,4,0,0.375,3.7,32.08,0
KL104157,DE,Social,Plus,5,7,176,21.8,0.213,1,1,0.095,4.5,57.99,0
KL104158,DE,Organic,Basic,72,8,154,30.04,,1,0,0.393,4.5,91.32,0
KL104159,DE,Referral,Premium,47,6,178,71.44,0.117,0,0,0.056,4.4,162.88,0
KL104160,DE,Organic,Basic,5,3,184,31.94,0.33,1,2,0.134,4.2,36.41,0
KL104161,DE,Paid Search,Basic,6,2,176,25.91,0.32,2,3,0.457,3.4,19.69,1
KL104162,CH,Organic,Basic,38,9,181,16.37,0.123,3,0,0.282,3.9,55.99,0
KL104163,DE,Social,Plus,9,5,172,45.67,0.633,4,0,0.268,3.8,86.77,0
KL104164,AT,Organic,Plus,3,4,230,35.81,0.308,0,0,0.027,4.7,54.43,1
KL104165,DE,Organic,Plus,27,4,186,39.47,0.204,2,0,0.468,,59.99,0
KL104166,DE,Paid Search,Basic,24,2,203,28.05,,6,1,0.22,3.7,21.32,0
KL104167,DE,Referral,Basic,12,3,171,34.43,0.355,2,0,0.4,4.4,39.25,0
KL104168,DE,Organic,Plus,72,8,155,50.31,0.59,1,4,0.064,2.6,152.94,0
KL104169,DE,Paid Search,Basic,7,2,236,29.67,0.278,3,0,0.08,4.4,22.55,0
KL104170,Other,Paid Search,Plus,23,6,167,42.26,0.624,2,2,0.164,3.5,96.35,0
KL104171,AT,Social,Premium,36,6,179,71.13,0.474,1,0,0.173,3.8,162.18,0
KL104172,Other,Organic,Plus,9,2,261,34.98,,3,1,0.405,,26.58,1
KL104173,DE,Paid Search,Basic,4,2,162,22.52,0.537,3,1,0.121,3.9,17.12,0
KL104174,CH,Referral,Plus,39,7,131,53.68,0.655,4,1,0.657,4.5,142.79,0
KL104175,DE,Organic,Premium,37,7,174,76.73,0.764,3,0,0.126,5.0,204.1,0
KL104176,DE,Paid Search,Plus,7,3,136,27.88,0.207,1,0,0.318,4.0,31.78,0
KL104177,Other,Referral,Plus,26,7,182,38.01,0.605,1,1,0.697,3.7,101.11,0
KL104178,AT,Organic,Basic,1,4,160,35.42,0.303,0,1,0.299,3.3,53.84,0
KL104179,CH,Paid Search,Plus,9,3,180,45.05,0.512,3,1,0.398,3.1,51.36,0
KL104180,AT,Organic,Basic,11,2,234,26.81,0.279,2,2,0.033,3.8,20.38,1
KL104181,DE,Social,Plus,30,4,144,32.3,0.692,2,0,0.354,4.3,49.1,0
KL104182,AT,Referral,Premium,3,7,94,60.91,0.798,3,1,0.485,4.2,162.02,0
KL104183,DE,Paid Search,Premium,26,8,82,58.25,0.628,1,0,0.315,4.1,177.08,0
KL104184,CH,Paid Search,Basic,2,0,230,38.89,0.519,1,0,0.621,4.0,14.78,0
KL104185,CH,Paid Search,Plus,15,7,193,35.94,0.718,3,0,0.09,4.3,95.6,0
KL104186,DE,Organic,Basic,5,4,150,29.03,0.695,3,2,0.528,4.3,44.13,0
KL104187,DE,Organic,Basic,3,3,233,31.35,0.475,2,0,0.346,4.2,35.74,1
KL104188,DE,Organic,Plus,15,3,194,41.13,0.065,0,1,0.822,4.5,46.89,1
KL104189,DE,Organic,Basic,6,2,205,27.68,0.237,0,1,0.635,4.0,21.04,0
KL104190,DE,Social,Basic,22,2,236,17.78,0.624,4,2,0.548,4.2,13.51,1
KL104191,AT,Organic,Plus,11,3,133,38.9,0.576,0,0,0.673,5.0,44.35,0
KL104192,DE,Organic,Plus,9,8,178,39.41,0.341,0,1,0.282,4.5,119.81,0
KL104193,CH,Paid Search,Plus,6,6,107,37.17,0.438,2,0,0.226,4.5,84.75,0
KL104194,DE,Organic,Plus,14,4,131,53.11,0.609,2,0,0.527,,80.73,0
KL104195,DE,Organic,Plus,3,3,144,57.35,0.275,2,1,0.041,3.8,65.38,0
KL104196,DE,Organic,Basic,1,0,240,35.88,0.28,3,0,0.41,3.8,13.63,1
KL104197,CH,Organic,Basic,1,2,226,40.11,0.425,4,0,0.137,5.0,30.48,0
KL104198,DE,Paid Search,Plus,24,4,217,36.95,,4,0,0.511,3.7,56.16,0
KL104199,DE,Social,Plus,36,6,169,40.3,0.624,1,0,0.654,4.1,91.88,0
KL104200,DE,Social,Basic,26,5,165,21.12,0.145,1,1,0.132,4.6,40.13,0
KL104201,CH,Social,Basic,5,3,211,28.92,0.278,1,0,0.089,3.8,32.97,0
KL104202,DE,Paid Search,Premium,2,8,149,57.88,0.529,4,0,0.321,4.4,175.96,0
KL104203,DE,Referral,Premium,4,2,209,56.52,0.125,0,0,0.193,4.6,42.96,0
KL104204,AT,Paid Search,Plus,9,5,175,20.15,0.187,0,0,0.188,4.0,38.29,0
KL104205,AT,Paid Search,Plus,22,2,200,45.66,0.065,0,0,0.101,3.8,34.7,0
KL104206,DE,Paid Search,Premium,44,10,209,74.44,0.493,2,1,0.34,4.0,282.87,0
KL104207,DE,Organic,Plus,41,3,225,50.55,0.166,1,0,0.108,4.5,57.63,0
KL104208,DE,Organic,Basic,15,3,210,34.14,0.821,2,1,0.29,4.0,38.92,0
KL104209,DE,Organic,Plus,4,3,180,48.57,0.48,1,1,0.287,4.2,55.37,0
KL104210,AT,Social,Premium,9,3,196,62.53,,0,0,0.19,4.2,71.28,1
KL104211,DE,Organic,Plus,24,5,212,29.36,0.638,2,0,0.251,4.5,55.78,0
KL104212,DE,Social,Basic,3,2,208,19.39,0.337,1,1,0.331,3.9,14.74,1
KL104213,DE,Social,Premium,24,9,132,62.56,0.757,2,2,0.307,3.7,213.96,0
KL104214,DE,Paid Search,Plus,28,4,127,24.63,0.418,4,1,0.183,2.4,37.44,0
KL104215,DE,Organic,Basic,28,2,189,32.5,0.343,3,1,0.044,3.0,24.7,1
KL104216,AT,Paid Search,Premium,10,8,178,68.33,0.156,0,0,0.234,4.1,207.72,0
KL104217,DE,Paid Search,Plus,24,2,158,46.26,0.309,2,0,0.57,5.0,35.16,0
KL104218,Other,Referral,Plus,11,6,221,49.3,0.737,4,0,0.33,4.2,112.4,0
KL104219,AT,Social,Premium,65,2,210,50.57,0.469,0,2,0.295,3.1,38.43,0
KL104220,DE,Social,Basic,26,2,251,21.66,0.675,3,2,0.552,3.8,16.46,0
KL104221,DE,Paid Search,Plus,8,5,175,32.73,0.352,1,0,0.377,5.0,62.19,0
KL104222,DE,Social,Basic,33,4,109,23.43,0.294,1,0,0.297,4.3,35.61,0
KL104223,DE,Social,Premium,29,6,156,59.33,0.354,7,0,0.49,4.5,135.27,0
KL104224,DE,Organic,Premium,13,5,154,47.68,0.458,1,1,0.408,,90.59,0
KL104225,CH,Organic,Plus,22,3,163,47.53,0.66,1,2,0.176,3.3,54.18,0
KL104226,DE,Organic,Plus,7,5,194,52.76,0.847,2,2,0.193,4.3,100.24,0
KL104227,DE,Paid Search,Plus,36,5,145,36.12,0.541,3,0,0.432,3.3,68.63,0
KL104228,DE,Social,Basic,21,6,119,22.94,0.434,2,0,0.312,4.1,52.3,0
KL104229,DE,Paid Search,Basic,5,0,195,34.73,0.485,1,0,0.117,,13.2,0
KL104230,Other,Paid Search,Basic,20,3,222,27.4,0.163,0,0,0.302,5.0,31.24,0
KL104231,DE,Referral,Plus,12,4,176,46.47,0.606,1,2,0.657,3.9,70.63,0
KL104232,AT,Organic,Plus,36,0,185,33.88,0.535,2,2,0.218,3.8,12.87,0
KL104233,CH,Organic,Plus,12,3,178,46.87,0.628,2,0,0.059,,53.43,0
KL104234,DE,Referral,Basic,11,4,223,31.15,0.545,2,2,0.513,3.6,47.35,1
KL104235,DE,Referral,Plus,40,6,185,38.39,0.414,1,1,0.299,4.0,87.53,0
KL104236,DE,Social,Basic,4,2,219,27.62,0.239,0,0,0.329,3.9,20.99,0
KL104237,CH,Organic,Premium,27,6,185,47.99,0.383,3,1,0.415,3.9,109.42,0
KL104238,DE,Referral,Premium,48,5,119,62.78,0.543,2,0,0.321,4.3,119.28,0
KL104239,AT,Social,Plus,12,5,172,42.23,0.723,1,1,0.119,4.8,80.24,1
KL104240,CH,Social,Plus,23,2,236,38.65,0.774,2,1,0.379,4.8,29.37,0
KL104241,CH,Organic,Basic,3,1,132,21.16,0.164,0,1,0.261,4.8,8.04,1
KL104242,DE,Paid Search,Basic,28,4,116,39.05,0.14,0,1,0.207,3.2,59.36,0
KL104243,DE,Social,Plus,11,7,122,51.94,0.472,0,1,0.192,4.6,138.16,0
KL104244,AT,Social,Plus,54,11,102,42.33,0.232,1,0,0.026,4.4,176.94,0
KL104245,DE,Paid Search,Basic,25,4,186,30.9,0.641,4,0,0.286,5.0,46.97,0
KL104246,CH,Paid Search,Basic,20,4,139,13.48,0.834,8,1,0.242,3.9,20.49,0
KL104247,DE,Social,Plus,52,8,170,33.02,0.6,2,0,0.239,3.7,100.38,0
KL104248,DE,Paid Search,Basic,17,2,278,24.28,0.393,1,3,0.132,2.7,18.45,1
KL104249,CH,Paid Search,Basic,16,4,164,19.52,0.106,0,2,0.235,2.8,29.67,0
KL104250,DE,Organic,Basic,19,1,159,36.04,0.566,1,1,0.513,3.9,13.7,0
KL104251,DE,Organic,Premium,9,6,153,60.01,0.362,3,0,0.356,4.1,136.82,0
KL104252,DE,Social,Basic,6,5,195,18.34,0.197,3,1,0.22,3.9,34.85,0
KL104253,DE,Organic,Basic,14,6,173,44.01,0.587,4,2,0.223,3.7,100.34,0
KL104254,CH,Organic,Basic,11,4,210,42.75,0.945,5,0,0.667,4.8,64.98,0
KL104255,DE,Referral,Basic,1,4,174,33.87,0.46,0,0,0.199,3.7,51.48,0
KL104256,DE,Social,Plus,21,5,188,26.46,0.206,3,0,0.134,4.2,50.27,0
KL104257,DE,Organic,Basic,4,5,266,39.81,0.542,1,0,0.558,4.8,75.64,1
KL104258,Other,Organic,Basic,13,3,178,39.52,0.405,0,0,0.082,4.1,45.05,0
KL104259,DE,Social,Premium,32,8,152,51.15,0.754,0,0,0.466,4.6,155.5,0
KL104260,Other,Paid Search,Plus,33,3,208,23.88,0.353,1,1,0.493,4.8,27.22,0
KL104261,CH,Paid Search,Basic,8,3,280,23.57,0.16,0,0,0.122,5.0,26.87,1
KL104262,DE,Paid Search,Basic,6,4,214,30.9,0.115,0,1,0.454,3.8,46.97,1
KL104263,CH,Organic,Plus,11,5,180,53.42,0.304,0,0,0.485,4.7,101.5,0
KL104264,AT,Social,Plus,26,6,152,26.93,0.243,0,0,0.119,4.0,61.4,0
KL104265,DE,Organic,Premium,6,8,199,79.5,0.713,1,2,0.622,3.5,241.68,0
KL104266,DE,Paid Search,Basic,7,4,181,14.61,0.213,1,1,0.346,3.5,22.21,1
KL104267,CH,Organic,Plus,6,3,246,48.94,0.865,4,0,0.193,4.9,55.79,0
KL104268,CH,Organic,Basic,32,1,199,27.76,0.169,1,0,0.077,4.4,10.55,1
KL104269,AT,Organic,Basic,3,5,155,38.04,0.687,7,1,0.323,4.1,72.28,0
KL104270,Other,Social,Plus,4,4,133,45.01,0.087,0,1,0.7,3.6,68.42,1
KL104271,DE,Organic,Plus,18,3,210,41.48,0.574,3,2,0.386,3.2,47.29,1
KL104272,CH,Organic,Basic,32,8,89,33.45,0.329,0,1,0.148,4.6,101.69,0
KL104273,CH,Organic,Basic,43,5,220,21.67,0.142,1,0,0.182,4.9,41.17,0
KL104274,DE,Social,Plus,4,6,118,41.04,0.714,2,1,0.283,3.8,93.57,0
KL104275,DE,Paid Search,Basic,7,2,136,17.23,0.251,0,1,0.323,4.8,13.09,0
KL104276,DE,Referral,Basic,59,5,175,33.86,0.582,2,1,0.526,4.1,64.33,0
KL104277,CH,Social,Basic,4,3,226,37.42,0.568,4,0,0.568,3.8,42.66,0
KL104278,DE,Paid Search,Basic,72,10,132,31.62,0.336,1,0,0.365,3.8,120.16,0
KL104279,AT,Social,Plus,6,4,211,43.75,0.384,1,0,0.373,4.4,66.5,1
KL104280,DE,Organic,Basic,36,10,147,25.6,0.347,2,1,0.419,3.1,97.28,0
KL104281,DE,Referral,Plus,26,1,232,61.23,0.25,0,1,0.628,4.0,23.27,1
KL104282,DE,Referral,Plus,43,9,199,41.71,0.377,0,2,0.293,4.1,142.65,0
KL104283,DE,Organic,Basic,10,2,176,15.48,0.156,0,1,0.146,3.4,11.76,0
KL104284,CH,Paid Search,Plus,3,3,198,46.51,0.53,1,1,0.455,3.1,53.02,1
KL104285,DE,Organic,Basic,48,7,92,28.44,0.61,2,0,0.581,4.2,75.65,0
KL104286,CH,Paid Search,Plus,1,6,216,58.6,0.45,2,0,0.341,5.0,133.61,0
KL104287,DE,Social,Plus,3,3,180,41.9,0.48,1,0,0.567,4.6,47.77,0
KL104288,Other,Referral,Plus,6,3,194,31.14,0.52,4,1,0.323,3.9,35.5,1
KL104289,DE,Organic,Basic,27,4,173,41.58,0.14,0,1,0.549,4.2,63.2,0
KL104290,DE,Social,Plus,10,5,152,44.41,0.251,1,3,0.696,4.0,84.38,1
KL104291,DE,Social,Plus,12,8,179,37.43,0.583,3,2,0.221,4.2,113.79,0
KL104292,DE,Organic,Basic,7,2,220,46.07,0.665,6,2,0.102,3.4,35.01,0
KL104293,DE,Paid Search,Basic,11,4,165,27.75,0.541,4,0,0.322,3.6,42.18,0
KL104294,CH,Social,Basic,7,4,245,23.54,0.097,0,0,0.42,5.0,35.78,1
KL104295,DE,Social,Basic,29,3,222,35.63,0.236,1,0,0.439,5.0,40.62,1
KL104296,DE,Referral,Basic,72,14,161,35.69,0.443,2,1,0.304,,189.87,0
KL104297,DE,Organic,Premium,13,6,103,72.35,0.731,0,1,0.474,3.9,164.96,0
KL104298,DE,Organic,Premium,34,12,98,75.77,0.645,2,1,0.563,4.2,345.51,0
KL104299,AT,Organic,Basic,4,4,218,12.8,0.237,2,1,0.254,4.2,19.46,0
KL104300,DE,Organic,Premium,18,4,141,71.68,0.536,4,2,0.37,3.4,108.95,0
KL104301,AT,Paid Search,Plus,2,3,178,42.65,0.513,0,1,0.533,4.2,48.62,1
KL104302,Other,Social,Basic,2,5,140,29.09,0.372,2,0,0.521,3.7,55.27,0
KL104303,DE,Paid Search,Premium,38,9,158,60.96,,1,0,0.211,4.5,208.48,0
KL104304,DE,Social,Plus,28,5,165,38.64,0.019,0,0,0.064,4.5,73.42,0
KL104305,DE,Paid Search,Plus,24,5,141,40.04,0.53,4,0,0.407,,76.08,0
KL104306,DE,Organic,Basic,23,4,245,29.1,0.334,2,2,0.105,,44.23,1
KL104307,DE,Social,Basic,14,3,215,10.43,0.539,2,0,0.225,4.0,11.89,0
KL104308,Other,Social,Premium,13,4,207,70.76,0.366,0,1,0.504,4.7,107.56,0
KL104309,AT,Paid Search,Basic,3,1,216,35.84,0.684,3,1,0.364,4.4,13.62,0
KL104310,DE,Referral,Basic,3,5,207,31.75,0.174,0,2,0.44,5.0,60.32,1
KL104311,CH,Paid Search,Basic,11,6,188,32.73,0.503,2,0,0.21,5.0,74.62,0
KL104312,DE,Organic,Basic,44,4,121,35.73,0.516,3,1,0.386,3.1,54.31,0
KL104313,CH,Paid Search,Basic,39,4,253,29.89,0.059,1,1,0.331,4.5,45.43,1
KL104314,DE,Social,Premium,9,3,256,82.48,0.544,2,0,0.162,4.2,94.03,1
KL104315,DE,Paid Search,Basic,39,7,146,28.03,0.746,3,1,0.528,4.2,74.56,0
KL104316,Other,Social,Premium,2,9,88,72.8,0.499,1,0,0.38,4.9,248.98,0
KL104317,CH,Paid Search,Plus,49,5,140,34.84,,5,0,0.522,3.4,66.2,0
KL104318,CH,Paid Search,Plus,26,6,133,40.93,0.219,3,1,0.349,4.1,93.32,0
KL104319,DE,Social,Basic,3,2,213,36.87,0.619,6,1,0.53,4.8,28.02,1
KL104320,CH,Paid Search,Basic,26,3,180,26.67,0.351,2,1,0.035,4.3,30.4,0
KL104321,DE,Paid Search,Premium,20,8,133,60.52,0.594,6,1,0.307,4.9,183.98,0
KL104322,DE,Organic,Plus,6,5,201,44.75,0.78,2,1,0.258,3.4,85.02,0
KL104323,DE,Paid Search,Basic,11,3,191,28.34,0.63,0,1,0.141,4.1,32.31,0
KL104324,DE,Paid Search,Premium,20,8,188,57.58,0.151,1,0,0.483,3.8,175.04,0
KL104325,DE,Organic,Plus,3,6,169,38.93,0.776,2,0,0.074,3.9,88.76,0
KL104326,DE,Paid Search,Basic,5,1,270,29.75,0.376,0,2,0.286,3.9,11.3,1
KL104327,AT,Organic,Plus,21,3,274,22.58,0.262,0,0,0.284,4.3,25.74,1
KL104328,CH,Organic,Plus,54,10,148,42.35,0.695,1,0,0.417,4.3,160.93,0
KL104329,Other,Paid Search,Plus,9,5,168,34.76,0.588,4,3,0.296,4.0,66.04,0
KL104330,DE,Organic,Basic,5,2,201,25.92,0.672,2,1,0.848,4.1,19.7,1
KL104331,Other,Paid Search,Basic,2,2,240,17.83,0.238,0,1,0.129,4.6,13.55,1
KL104332,DE,Social,Basic,33,3,226,25.12,0.534,1,1,0.37,3.9,28.64,0
KL104333,DE,Organic,Basic,8,4,121,42.37,0.718,3,0,0.333,3.8,64.4,0
KL104334,CH,Organic,Basic,15,3,215,19.84,0.315,3,0,0.04,4.5,22.62,0
KL104335,DE,Paid Search,Plus,12,1,198,36.65,0.667,2,0,0.494,4.8,13.93,0
KL104336,DE,Organic,Plus,52,6,181,38.99,0.529,2,0,0.453,4.8,88.9,0
KL104337,DE,Paid Search,Basic,8,1,211,10.92,0.773,5,0,0.148,4.5,4.15,0
KL104338,DE,Social,Plus,21,2,189,28.02,0.387,2,1,0.32,4.2,21.3,1
KL104339,CH,Paid Search,Basic,8,1,153,32.32,0.526,3,3,0.362,2.4,12.28,1
KL104340,DE,Paid Search,Basic,5,1,156,23.17,0.534,1,1,0.442,4.3,8.8,1
KL104341,DE,Referral,Plus,18,5,169,56.29,0.31,0,0,0.32,5.0,106.95,0
KL104342,DE,Organic,Premium,36,8,150,57.4,0.521,1,0,0.51,5.0,174.5,0
KL104343,DE,Referral,Basic,2,5,177,42.78,0.143,0,0,0.379,4.4,81.28,0
KL104344,AT,Social,Premium,9,5,188,50.88,0.562,0,1,0.593,,96.67,0
KL104345,Other,Paid Search,Premium,5,4,159,63.6,0.607,2,0,0.477,4.4,96.67,0
KL104346,CH,Organic,Plus,11,3,146,34.7,0.324,0,0,0.149,3.5,39.56,0
KL104347,CH,Organic,Premium,27,8,190,71.01,0.219,1,0,0.483,5.0,215.87,0
KL104348,DE,Referral,Basic,4,1,231,22.63,0.339,2,0,0.615,5.0,8.6,1
KL104349,CH,Organic,Basic,22,6,147,23.55,0.222,2,0,0.218,4.5,53.69,0
KL104350,DE,Social,Plus,4,3,226,41.06,0.423,2,4,0.264,2.6,46.81,1
KL104351,DE,Paid Search,Basic,11,9,112,48.34,0.297,0,0,0.339,4.1,165.32,0
KL104352,AT,Paid Search,Basic,20,5,187,38.94,0.617,2,0,0.3,4.9,73.99,0
KL104353,DE,Paid Search,Basic,26,5,188,24.15,0.767,5,0,0.06,4.4,45.88,0
KL104354,CH,Organic,Basic,21,4,165,20.18,0.075,0,0,0.394,5.0,30.67,0
KL104355,AT,Paid Search,Basic,28,7,181,20.8,0.393,1,0,0.123,4.5,55.33,0
KL104356,Other,Referral,Basic,7,3,150,19.01,0.639,4,2,0.14,3.2,21.67,0
KL104357,DE,Organic,Premium,18,6,170,73.11,0.218,0,4,0.372,3.1,166.69,0
KL104358,DE,Referral,Basic,5,3,195,21.93,0.383,0,0,0.125,4.6,25.0,1
KL104359,AT,Referral,Plus,14,8,117,51.53,0.671,1,3,0.211,3.1,156.65,0
KL104360,DE,Organic,Basic,2,1,234,37.47,0.265,2,0,0.383,5.0,14.24,1
KL104361,DE,Paid Search,Basic,8,3,235,26.63,0.175,2,2,0.846,4.3,30.36,1
KL104362,AT,Organic,Premium,13,1,209,52.98,0.468,2,0,0.374,4.5,20.13,0
KL104363,Other,Paid Search,Basic,28,3,198,34.11,0.062,0,0,0.653,4.3,38.89,1
KL104364,AT,Referral,Basic,1,4,178,17.85,0.165,1,1,0.6,4.4,27.13,0
KL104365,DE,Referral,Plus,14,6,168,41.97,0.661,4,0,0.162,4.3,95.69,0
KL104366,DE,Referral,Basic,3,3,178,39.99,0.223,1,1,0.372,4.2,45.59,1
KL104367,DE,Organic,Basic,11,1,212,8.5,0.352,0,0,0.661,4.8,3.23,1
KL104368,DE,Paid Search,Premium,53,10,130,62.7,0.346,1,3,0.446,3.0,238.26,0
KL104369,DE,Organic,Basic,28,5,237,22.74,0.495,1,1,0.531,4.6,43.21,1
KL104370,DE,Referral,Plus,13,3,187,38.21,0.266,1,0,0.789,4.4,43.56,1
KL104371,DE,Organic,Basic,31,2,170,16.59,0.216,1,2,0.217,3.5,12.61,0
KL104372,DE,Organic,Basic,28,5,119,44.6,0.362,1,3,0.768,4.6,84.74,1
KL104373,DE,Organic,Basic,8,3,230,29.3,0.693,3,2,0.522,4.0,33.4,1
KL104374,DE,Organic,Plus,6,2,253,25.58,0.607,1,1,0.352,2.9,19.44,1
KL104375,DE,Organic,Basic,53,8,114,30.94,0.173,0,1,0.073,4.2,94.06,0
KL104376,AT,Organic,Premium,3,5,200,74.0,0.481,2,1,0.186,3.9,140.6,1
KL104377,DE,Social,Plus,5,5,197,41.38,0.601,1,0,0.239,4.2,78.62,1
KL104378,CH,Social,Plus,7,4,187,55.02,0.683,0,1,0.139,4.2,83.63,0
KL104379,DE,Organic,Basic,25,1,172,11.28,0.669,0,0,0.542,3.8,4.29,0
KL104380,DE,Social,Plus,12,3,213,51.1,0.415,2,0,0.217,4.4,58.25,0
KL104381,DE,Paid Search,Plus,60,6,217,39.95,0.706,2,0,0.382,3.7,91.09,0
KL104382,DE,Social,Basic,17,5,228,20.8,0.26,2,1,0.012,3.9,39.52,0
KL104383,DE,Organic,Premium,67,6,189,71.32,0.561,1,0,0.41,3.6,162.61,0
KL104384,CH,Paid Search,Basic,27,7,193,34.15,0.058,1,0,0.251,4.7,90.84,0
KL104385,CH,Paid Search,Premium,16,6,107,77.11,0.342,2,1,0.231,3.2,175.81,0
KL104386,DE,Organic,Premium,46,5,200,76.72,0.451,1,1,0.136,4.5,145.77,0
KL104387,DE,Paid Search,Basic,20,1,233,28.56,0.564,2,1,0.434,3.9,10.85,0
KL104388,AT,Social,Basic,4,5,168,15.1,0.369,0,1,0.623,3.8,28.69,0
KL104389,DE,Social,Plus,21,2,206,27.4,0.82,4,1,0.467,4.0,20.82,0
KL104390,DE,Paid Search,Plus,21,1,193,28.17,0.388,2,1,0.201,3.9,10.7,0
KL104391,CH,Paid Search,Plus,4,2,149,38.5,0.417,1,0,0.234,4.6,29.26,0
KL104392,DE,Social,Basic,11,5,201,29.95,0.098,1,0,0.53,4.5,56.9,0
KL104393,AT,Organic,Plus,19,4,253,46.39,0.688,1,0,0.14,4.8,70.51,0
KL104394,DE,Organic,Premium,18,9,117,69.59,,2,0,0.123,4.7,238.0,0
KL104395,DE,Paid Search,Premium,34,5,182,58.39,0.1,0,0,0.37,4.5,110.94,0
KL104396,DE,Organic,Basic,66,3,149,38.95,0.32,1,1,0.117,3.8,44.4,0
KL104397,AT,Paid Search,Premium,18,6,179,77.85,0.165,0,1,0.31,4.9,177.5,0
KL104398,DE,Organic,Basic,19,8,133,19.88,0.725,4,0,0.177,5.0,60.44,0
KL104399,CH,Paid Search,Plus,35,7,159,41.13,0.236,0,0,0.445,4.2,109.41,0
KL104400,CH,Social,Basic,2,3,230,33.43,0.563,0,1,0.482,4.1,38.11,1
KL104401,AT,Social,Plus,10,3,206,53.63,0.773,2,0,0.079,3.5,61.14,0
KL104402,DE,Social,Basic,12,2,199,32.79,0.215,2,1,0.353,4.3,24.92,0
KL104403,DE,Paid Search,Basic,72,4,155,23.19,0.376,2,1,0.259,4.1,35.25,0
KL104404,DE,Referral,Basic,72,5,204,19.77,0.619,2,1,0.48,4.1,37.56,0
KL104405,DE,Social,Premium,2,7,125,56.32,0.589,1,0,0.233,3.9,149.81,0
KL104406,CH,Paid Search,Plus,6,3,242,39.91,0.56,2,0,0.467,4.4,45.5,0
KL104407,DE,Organic,Plus,17,1,216,37.87,0.703,4,1,0.188,5.0,14.39,0
KL104408,CH,Social,Plus,1,3,160,31.72,0.489,0,0,0.515,4.5,36.16,1
KL104409,DE,Paid Search,Basic,9,6,119,33.7,0.111,0,0,0.093,4.1,76.84,0
KL104410,DE,Social,Basic,65,6,160,25.2,0.164,2,0,0.203,4.3,57.46,0
KL104411,DE,Social,Basic,20,3,183,31.49,0.772,5,1,0.287,3.8,35.9,0
KL104412,AT,Referral,Basic,12,1,228,17.6,0.686,3,2,0.154,3.8,6.69,1
KL104413,DE,Referral,Premium,19,9,112,73.08,0.517,1,2,0.536,3.5,249.93,0
KL104414,DE,Paid Search,Basic,27,5,208,34.64,0.501,2,1,0.296,4.8,65.82,0
KL104415,CH,Referral,Plus,19,6,83,51.25,0.233,2,0,0.318,4.6,116.85,0
KL104416,DE,Referral,Plus,8,3,199,41.04,0.277,2,0,0.276,4.2,46.79,0
KL104417,DE,Organic,Premium,13,10,115,63.1,0.286,2,1,0.158,3.6,239.78,0
KL104418,DE,Paid Search,Basic,19,6,175,33.01,,3,1,0.329,3.4,75.26,0
KL104419,DE,Organic,Premium,8,7,206,75.35,0.17,0,1,0.376,4.3,200.43,1
KL104420,DE,Organic,Plus,2,3,228,41.8,0.216,0,1,0.3,4.0,47.65,0
KL104421,DE,Organic,Plus,23,2,216,29.49,0.203,2,1,0.547,4.8,22.41,1
KL104422,DE,Paid Search,Plus,7,3,242,38.35,0.793,1,0,0.181,3.7,43.72,0
KL104423,DE,Organic,Basic,3,3,244,38.82,0.845,4,0,0.609,5.0,44.25,1
KL104424,DE,Organic,Plus,3,6,226,48.17,0.358,1,1,0.573,4.5,109.83,1
KL104425,DE,Organic,Plus,32,5,159,44.47,0.487,2,1,0.29,3.7,84.49,1
KL104426,DE,Social,Plus,24,5,206,38.59,,4,0,0.252,4.7,73.32,0
KL104427,DE,Referral,Premium,16,6,199,78.66,0.112,1,0,0.07,4.7,179.34,0
KL104428,DE,Referral,Plus,34,7,164,33.73,0.623,2,1,0.638,4.6,89.72,0
KL104429,DE,Paid Search,Basic,29,4,224,28.14,0.203,0,1,0.042,5.0,42.77,0
KL104430,DE,Organic,Basic,18,4,189,31.85,0.286,0,0,0.099,4.9,48.41,0
KL104431,CH,Social,Premium,5,4,136,68.44,0.216,1,0,0.174,4.7,104.03,0
KL104432,CH,Organic,Plus,72,7,208,35.67,0.577,3,1,0.042,4.2,94.88,0
KL104433,DE,Referral,Premium,38,6,151,71.64,0.092,0,0,0.592,5.0,163.34,0
KL104434,DE,Social,Basic,23,2,143,32.78,0.298,5,0,0.651,4.3,24.91,0
KL104435,DE,Paid Search,Plus,5,5,292,43.48,0.57,2,1,0.143,4.4,82.61,1
KL104436,CH,Organic,Premium,8,3,158,68.43,0.459,1,0,0.262,4.5,78.01,0
KL104437,DE,Organic,Plus,2,2,226,37.72,0.657,3,0,0.232,4.4,28.67,0
KL104438,DE,Paid Search,Basic,54,4,151,42.88,0.571,2,0,0.149,4.2,65.18,0
KL104439,DE,Paid Search,Basic,35,4,173,38.86,0.248,0,1,0.354,3.8,59.07,0
KL104440,DE,Social,Premium,3,5,156,59.78,0.47,1,0,0.225,4.5,113.58,0
KL104441,DE,Social,Plus,26,5,145,40.73,0.7,4,3,0.254,3.5,77.39,0
KL104442,CH,Paid Search,Basic,19,5,210,37.26,0.648,5,0,0.449,4.3,70.79,0
KL104443,CH,Organic,Plus,7,5,259,47.39,0.542,1,2,0.561,3.8,90.04,1
KL104444,DE,Paid Search,Basic,18,7,164,29.12,0.272,2,0,0.103,4.6,77.46,0
KL104445,DE,Organic,Basic,47,5,118,20.25,0.479,2,1,0.541,3.6,38.48,0
KL104446,DE,Social,Basic,17,5,143,21.07,0.555,4,1,0.439,4.4,40.03,0
KL104447,DE,Paid Search,Basic,4,1,183,28.84,0.632,2,0,0.52,4.4,10.96,1
KL104448,DE,Social,Plus,38,1,216,55.62,0.488,3,4,0.202,3.7,21.14,1
KL104449,DE,Paid Search,Basic,13,3,181,37.59,0.31,1,0,0.278,4.1,42.85,1
KL104450,CH,Organic,Plus,14,2,278,47.29,0.212,1,1,0.307,4.2,35.94,1
KL104451,Other,Social,Basic,60,5,177,34.24,0.689,1,0,0.32,4.7,65.06,0
KL104452,AT,Social,Basic,51,4,216,9.96,0.618,2,1,0.188,4.0,15.14,1
KL104453,AT,Social,Basic,6,2,198,30.77,0.697,2,0,0.241,4.7,23.39,0
KL104454,DE,Paid Search,Basic,3,2,203,30.69,0.384,1,0,0.188,3.7,23.32,0
KL104455,DE,Social,Plus,15,4,175,30.51,0.361,1,4,0.444,3.4,46.38,1
KL104456,DE,Organic,Premium,6,3,196,83.13,0.098,0,0,0.393,4.4,94.77,0
KL104457,DE,Paid Search,Plus,72,8,139,46.01,0.453,2,0,0.286,4.9,139.87,0
KL104458,DE,Social,Plus,7,4,189,46.82,0.53,2,0,0.062,4.5,71.17,0
KL104459,CH,Organic,Premium,12,3,177,59.26,0.3,1,3,0.545,3.2,67.56,1
KL104460,DE,Social,Plus,3,1,291,44.43,0.182,1,3,0.345,3.2,16.88,1
KL104461,DE,Paid Search,Plus,49,12,138,43.53,0.628,1,0,0.489,4.9,198.5,0
KL104462,DE,Organic,Plus,7,3,216,57.7,0.303,2,2,0.086,4.0,65.78,1
KL104463,Other,Organic,Basic,12,1,206,36.01,0.142,1,0,0.305,4.0,13.68,0
KL104464,DE,Social,Basic,15,4,136,29.9,0.2,1,1,0.506,3.9,45.45,0
KL104465,DE,Social,Plus,11,7,117,30.19,0.349,3,0,0.227,4.4,80.31,0
KL104466,DE,Organic,Plus,22,4,182,32.26,0.786,2,2,0.256,4.3,49.04,0
KL104467,AT,Organic,Basic,4,2,197,8.0,0.277,3,0,0.246,4.1,6.08,1
KL104468,Other,Organic,Premium,33,5,194,62.6,0.47,4,1,0.74,4.4,118.94,0
KL104469,DE,Organic,Basic,20,3,202,32.4,0.245,1,1,0.062,4.1,36.94,1
KL104470,CH,Social,Plus,8,4,172,42.89,0.111,2,1,0.255,4.8,65.19,1
KL104471,DE,Organic,Premium,6,7,257,70.43,0.619,3,1,0.656,3.1,187.34,0
KL104472,AT,Organic,Basic,19,3,208,45.41,0.665,3,2,0.333,3.5,51.77,0
KL104473,DE,Organic,Premium,72,7,149,57.67,0.807,4,1,0.251,4.2,153.4,0
KL104474,DE,Paid Search,Plus,13,2,191,34.62,0.417,2,2,0.244,3.8,26.31,0
KL104475,AT,Social,Plus,5,4,213,43.24,0.714,3,2,0.156,3.4,65.72,0
KL104476,DE,Social,Premium,3,5,172,52.73,0.161,0,0,0.518,3.8,100.19,0
KL104477,DE,Paid Search,Plus,17,6,205,41.75,0.229,2,0,0.675,4.3,95.19,0
KL104478,CH,Referral,Basic,6,1,209,24.57,0.468,4,1,0.33,4.2,9.34,0
KL104479,Other,Paid Search,Plus,45,6,159,32.03,0.374,4,0,0.429,3.4,73.03,0
KL104480,DE,Social,Basic,49,2,154,17.82,0.382,1,1,0.333,3.7,13.54,0
KL104481,AT,Social,Basic,2,3,232,24.0,0.508,2,1,0.166,3.6,27.36,1
KL104482,CH,Organic,Basic,13,2,166,22.67,0.411,0,0,0.468,5.0,17.23,0
KL104483,DE,Social,Basic,25,2,230,25.35,0.245,1,1,0.297,4.2,19.27,1
KL104484,CH,Paid Search,Plus,7,6,151,52.96,0.65,1,0,0.056,4.3,120.75,0
KL104485,DE,Social,Premium,12,5,210,73.6,0.374,1,2,0.593,4.2,139.84,0
KL104486,CH,Organic,Premium,17,13,161,68.36,0.577,0,0,0.218,4.0,337.7,0
KL104487,DE,Paid Search,Basic,62,4,162,33.63,0.271,0,2,0.261,2.4,51.12,0
KL104488,DE,Referral,Plus,11,7,135,34.05,0.367,3,0,0.607,4.6,90.57,0
KL104489,DE,Organic,Plus,4,6,250,47.15,0.1,0,0,0.144,4.9,107.5,0
KL104490,DE,Organic,Basic,1,4,204,20.17,0.555,1,1,0.228,3.5,30.66,0
KL104491,CH,Organic,Plus,27,4,213,46.93,0.619,0,1,0.283,3.0,71.33,0
KL104492,Other,Paid Search,Basic,3,2,157,42.84,0.187,1,0,0.273,5.0,32.56,0
KL104493,DE,Social,Premium,19,6,136,73.2,0.207,0,2,0.401,3.5,166.9,0
KL104494,DE,Social,Basic,38,6,179,35.34,,2,0,0.084,5.0,80.58,0
KL104495,DE,Referral,Plus,8,3,183,33.7,0.497,2,1,0.181,3.9,38.42,0
KL104496,DE,Paid Search,Premium,24,6,137,65.2,0.629,6,1,0.26,4.2,148.66,0
KL104497,DE,Paid Search,Plus,34,4,198,44.56,0.103,0,1,0.178,4.0,67.73,0
KL104498,CH,Organic,Basic,20,5,120,36.71,0.141,2,0,0.189,3.6,69.75,0
KL104499,CH,Organic,Basic,4,2,215,22.61,0.199,0,1,0.412,3.3,17.18,1
KL104500,DE,Social,Premium,15,4,156,64.64,0.713,3,0,0.133,3.4,98.25,0
KL104501,DE,Organic,Basic,53,8,181,41.42,0.324,1,1,0.274,5.0,125.92,0
KL104502,DE,Organic,Basic,49,8,160,28.92,0.67,1,0,0.559,4.5,87.92,0
KL104503,DE,Referral,Premium,14,4,206,47.47,0.083,0,0,0.276,4.5,72.15,0
KL104504,DE,Paid Search,Plus,40,4,235,33.46,0.7,3,1,0.521,3.4,50.86,0
KL104505,DE,Organic,Plus,9,13,93,37.17,0.183,0,0,0.578,3.6,183.62,0
KL104506,DE,Social,Basic,20,2,170,20.41,0.744,3,2,0.314,3.2,15.51,0
KL104507,DE,Paid Search,Basic,7,2,246,30.6,0.24,0,3,0.253,3.4,23.26,1
KL104508,AT,Social,Plus,9,7,223,51.73,0.605,0,0,0.242,3.8,137.6,1
KL104509,DE,Social,Basic,7,4,233,39.19,0.534,3,1,0.211,4.1,59.57,0
KL104510,DE,Organic,Basic,16,0,138,39.75,0.226,4,0,0.087,4.4,15.1,0
KL104511,DE,Organic,Basic,9,4,209,23.87,0.254,1,1,0.305,3.7,36.28,1
KL104512,CH,Organic,Plus,12,3,163,40.81,0.383,3,0,0.432,4.7,46.52,0
KL104513,DE,Social,Basic,21,3,227,27.86,0.421,0,1,0.576,4.4,31.76,1
KL104514,DE,Paid Search,Premium,1,4,179,89.06,0.504,2,1,0.404,3.9,135.37,0
KL104515,DE,Social,Basic,27,7,152,31.85,0.444,0,0,0.355,4.6,84.72,0
KL104516,DE,Paid Search,Basic,6,3,182,27.57,0.568,0,2,0.515,3.9,31.43,0
KL104517,DE,Organic,Premium,40,8,135,58.43,0.383,2,0,0.088,3.6,177.63,0
KL104518,CH,Organic,Premium,32,10,95,75.33,0.383,2,1,0.679,4.4,286.25,0
KL104519,DE,Organic,Plus,3,2,191,32.68,0.502,1,0,0.637,4.7,24.84,1
KL104520,DE,Paid Search,Premium,5,3,201,67.71,0.125,1,0,0.35,3.9,77.19,0
KL104521,DE,Paid Search,Basic,29,10,192,28.04,0.318,2,0,0.258,4.5,106.55,0
KL104522,CH,Referral,Basic,4,3,214,25.95,0.203,1,0,0.368,4.2,29.58,0
KL104523,CH,Organic,Basic,2,4,178,43.93,0.319,2,0,0.507,3.6,66.77,0
KL104524,AT,Social,Basic,10,2,191,33.02,0.599,1,1,0.396,3.9,25.1,0
KL104525,DE,Organic,Plus,3,7,59,50.86,0.324,1,0,0.516,4.1,135.29,0
KL104526,AT,Social,Plus,5,3,182,33.18,0.677,2,2,0.108,3.8,37.83,0
KL104527,AT,Organic,Basic,7,4,193,36.89,0.295,2,0,0.491,3.8,56.07,0
KL104528,DE,Social,Basic,24,1,191,39.72,0.108,0,1,0.207,4.4,15.09,0
KL104529,DE,Organic,Premium,10,10,122,67.7,0.343,1,1,0.236,4.2,257.26,0
KL104530,CH,Organic,Plus,5,5,93,38.92,0.141,0,1,0.684,4.2,73.95,0
KL104531,DE,Paid Search,Basic,17,2,155,21.98,0.284,1,2,0.548,4.7,16.7,1
KL104532,AT,Paid Search,Basic,9,1,173,28.63,0.391,3,0,0.312,4.4,10.88,0
KL104533,DE,Paid Search,Basic,31,5,155,26.87,0.269,1,0,0.454,4.0,51.05,0
KL104534,DE,Organic,Basic,37,1,106,23.64,0.373,2,0,0.335,3.8,8.98,0
KL104535,DE,Referral,Basic,5,6,165,32.24,0.158,2,0,0.256,4.8,73.51,0
KL104536,AT,Organic,Plus,3,6,169,44.05,0.648,4,0,0.277,4.0,100.43,0
KL104537,CH,Paid Search,Basic,6,4,202,25.38,0.803,3,1,0.338,3.9,38.58,1
KL104538,DE,Social,Plus,22,3,181,39.52,0.886,4,0,0.425,4.2,45.05,0
KL104539,DE,Social,Basic,32,5,209,14.74,0.427,1,0,0.097,4.1,28.01,0
KL104540,DE,Organic,Basic,38,3,258,27.06,0.51,0,3,0.413,3.4,30.85,1
KL104541,DE,Paid Search,Basic,37,3,147,18.43,0.605,6,0,0.076,4.6,21.01,0
KL104542,Other,Organic,Premium,11,8,112,62.26,0.326,2,1,0.868,3.8,189.27,0
KL104543,DE,Paid Search,Plus,12,3,208,44.75,0.372,0,0,0.32,5.0,51.02,0
KL104544,DE,Paid Search,Basic,35,1,233,13.52,0.609,1,0,0.262,4.7,5.14,1
KL104545,DE,Social,Basic,7,0,177,26.01,,0,1,0.052,4.0,9.88,1
KL104546,Other,Social,Plus,47,11,191,45.07,0.608,1,0,0.331,4.3,188.39,0
KL104547,DE,Organic,Basic,10,4,155,15.97,0.401,0,0,0.25,4.2,24.27,0
KL104548,AT,Organic,Plus,5,7,155,37.32,0.287,0,0,0.451,4.0,99.27,0
KL104549,DE,Paid Search,Premium,23,8,179,54.51,0.282,1,0,0.146,5.0,165.71,0
KL104550,DE,Paid Search,Basic,11,4,238,35.15,0.396,1,1,0.293,4.6,53.43,0
KL104551,AT,Paid Search,Plus,19,7,129,37.1,0.402,2,0,0.3,4.8,98.69,0
KL104552,DE,Paid Search,Plus,7,9,174,36.71,0.843,3,1,0.355,3.8,125.55,0
KL104553,AT,Paid Search,Plus,3,2,200,48.97,0.279,0,0,0.249,4.2,37.22,1
KL104554,DE,Referral,Basic,24,3,145,26.07,0.337,1,1,0.168,3.3,29.72,0
KL104555,AT,Paid Search,Plus,13,6,151,56.58,0.786,2,1,0.558,3.4,129.0,0
KL104556,CH,Organic,Basic,15,4,146,32.35,0.672,2,0,0.015,5.0,49.17,0
KL104557,AT,Organic,Plus,7,6,196,45.73,0.411,0,0,0.426,4.5,104.26,1
KL104558,DE,Paid Search,Plus,7,3,146,45.99,0.342,0,0,0.262,4.5,52.43,0
KL104559,AT,Organic,Basic,30,1,227,38.46,0.175,1,0,0.607,4.3,14.61,1
KL104560,Other,Organic,Premium,36,5,179,40.2,0.088,0,2,0.183,3.8,76.38,0
KL104561,DE,Organic,Plus,2,2,216,47.57,0.183,0,1,0.264,3.6,36.15,1
KL104562,DE,Social,Plus,16,7,164,35.48,0.584,1,1,0.566,4.3,94.38,0
KL104563,CH,Referral,Premium,2,4,157,55.54,0.112,0,0,0.242,4.3,84.42,1
KL104564,DE,Paid Search,Plus,5,5,193,40.89,0.714,3,1,0.249,4.6,77.69,0
KL104565,AT,Organic,Basic,21,8,160,27.33,0.72,3,0,0.457,4.2,83.08,0
KL104566,AT,Paid Search,Plus,16,2,186,28.0,0.682,2,0,0.82,4.4,21.28,0
KL104567,DE,Paid Search,Plus,3,3,285,32.5,0.624,1,1,0.123,4.6,37.05,1
KL104568,DE,Referral,Plus,8,8,114,30.7,0.293,1,2,0.385,3.3,93.33,0
KL104569,DE,Paid Search,Premium,5,6,190,58.27,0.353,0,0,0.281,4.4,132.86,0
KL104570,DE,Social,Basic,21,2,225,32.04,0.075,0,1,0.152,4.2,24.35,1
KL104571,CH,Referral,Basic,52,4,178,24.96,0.225,2,0,0.238,4.3,37.94,0
KL104572,DE,Paid Search,Basic,18,4,197,30.3,0.792,5,0,0.288,5.0,46.06,0
KL104573,DE,Organic,Plus,24,5,195,35.67,0.21,1,1,0.528,3.6,67.77,0
KL104574,CH,Paid Search,Basic,2,4,185,38.91,0.647,1,1,0.663,,59.14,1
KL104575,DE,Paid Search,Basic,20,7,144,24.35,0.55,2,1,0.511,4.9,64.77,0
KL104576,CH,Paid Search,Basic,10,2,201,35.16,0.478,4,1,0.31,4.1,26.72,1
KL104577,DE,Referral,Plus,6,3,175,42.5,0.453,7,1,0.291,4.2,48.45,0
KL104578,DE,Organic,Basic,2,2,252,21.78,0.242,1,2,0.192,3.0,16.55,1
KL104579,DE,Paid Search,Basic,3,2,234,45.34,0.511,1,1,0.31,4.2,34.46,1
KL104580,AT,Organic,Basic,3,5,183,37.89,0.412,3,0,0.201,4.4,71.99,0
KL104581,CH,Organic,Basic,9,2,178,26.29,0.616,4,0,0.292,4.8,19.98,0
KL104582,CH,Paid Search,Basic,2,4,177,35.37,0.816,4,1,0.573,3.6,53.76,0
KL104583,Other,Social,Basic,48,4,167,27.88,0.182,1,1,0.343,4.7,42.38,0
KL104584,AT,Paid Search,Plus,18,1,208,39.82,0.598,5,1,0.248,4.6,15.13,0
KL104585,CH,Organic,Basic,21,3,140,22.39,0.261,2,0,0.089,4.4,25.52,0
KL104586,DE,Organic,Basic,4,1,192,27.91,0.641,2,0,0.401,4.5,10.61,0
KL104587,CH,Paid Search,Plus,10,2,165,44.5,0.664,2,2,0.599,2.8,33.82,1
KL104588,AT,Paid Search,Basic,8,5,155,29.71,0.621,3,0,0.221,4.9,56.45,0
KL104589,CH,Social,Basic,6,6,236,32.65,0.349,2,0,0.293,4.5,74.44,0
KL104590,DE,Social,Basic,10,3,185,27.81,0.223,2,0,0.178,4.7,31.7,0
KL104591,DE,Social,Basic,36,5,187,17.58,0.411,1,0,0.463,4.8,33.4,0
KL104592,AT,Social,Plus,34,4,180,45.2,0.365,3,0,0.034,4.7,68.7,0
KL104593,DE,Paid Search,Premium,72,14,130,59.13,0.28,1,0,0.107,4.8,314.57,0
KL104594,DE,Paid Search,Basic,2,2,190,14.6,0.471,4,0,0.306,,11.1,0
KL104595,Other,Social,Plus,9,3,177,39.93,0.006,0,1,0.188,,45.52,0
KL104596,DE,Referral,Premium,5,8,132,60.53,0.313,1,0,0.437,4.4,184.01,0
KL104597,DE,Paid Search,Basic,18,6,146,20.96,0.589,1,0,0.314,4.2,47.79,0
KL104598,DE,Social,Plus,9,7,217,31.24,0.45,1,1,0.466,4.5,83.1,0
KL104599,DE,Paid Search,Plus,35,7,177,43.91,0.382,2,0,0.226,4.8,116.8,0
KL104600,AT,Social,Plus,35,4,166,36.38,,0,2,0.218,3.7,55.3,0
KL104601,Other,Referral,Premium,16,6,201,57.15,0.333,0,1,0.547,4.8,130.3,0
KL104602,Other,Referral,Basic,4,1,252,30.79,0.116,0,1,0.429,4.6,11.7,1
KL104603,AT,Organic,Premium,2,6,147,62.96,0.224,5,0,0.465,,143.55,0
KL104604,AT,Organic,Basic,3,3,186,30.47,0.352,0,0,0.278,4.4,34.74,1
KL104605,DE,Social,Plus,35,4,188,40.32,0.774,2,0,0.585,3.8,61.29,0
KL104606,CH,Paid Search,Basic,18,1,185,30.4,0.698,2,0,0.414,4.3,11.55,1
KL104607,DE,Referral,Basic,9,2,187,15.86,0.048,0,0,0.618,3.8,12.05,1
KL104608,DE,Organic,Basic,15,4,171,39.14,0.505,2,1,0.323,3.4,59.49,0
KL104609,Other,Social,Premium,9,4,183,50.73,0.067,0,0,0.102,4.1,77.11,1
KL104610,CH,Social,Plus,13,7,271,48.35,0.461,2,1,0.122,3.3,128.61,0
KL104611,DE,Organic,Premium,6,8,124,63.59,0.807,3,1,0.241,4.0,193.31,0
KL104612,AT,Organic,Basic,10,2,152,44.97,0.277,1,0,0.364,4.0,34.18,0
KL104613,DE,Social,Basic,6,3,230,27.98,0.44,0,0,0.295,4.0,31.9,1
KL104614,DE,Organic,Basic,2,3,202,33.01,0.589,0,1,0.49,4.7,37.63,1
KL104615,DE,Social,Basic,1,2,193,11.04,0.347,2,2,0.258,4.4,8.39,1
KL104616,DE,Paid Search,Basic,13,2,234,37.57,0.464,2,0,0.59,4.0,28.55,0
KL104617,DE,Paid Search,Premium,21,10,97,68.37,0.311,2,0,0.306,4.4,259.81,0
KL104618,DE,Organic,Premium,3,4,199,50.36,0.423,2,2,0.319,3.3,76.55,1
KL104619,DE,Referral,Basic,15,3,189,22.29,0.339,2,0,0.385,,25.41,1
KL104620,DE,Social,Basic,57,5,181,25.18,0.31,0,0,0.499,4.7,47.84,0
KL104621,Other,Social,Plus,9,6,174,50.4,0.069,1,1,0.636,4.5,114.91,0
KL104622,AT,Social,Plus,7,1,295,39.49,0.684,3,0,0.529,4.6,15.01,1
KL104623,CH,Paid Search,Plus,1,7,146,31.36,0.112,0,0,0.229,4.4,83.42,0
KL104624,DE,Referral,Plus,13,6,142,38.03,0.368,1,0,0.053,5.0,86.71,0
KL104625,AT,Paid Search,Basic,8,2,223,32.07,0.103,0,1,0.687,3.3,24.37,1
KL104626,CH,Paid Search,Basic,2,0,256,26.81,0.318,0,0,0.408,4.0,10.19,1
KL104627,DE,Organic,Premium,55,11,85,69.97,0.166,1,0,0.296,3.9,292.47,0
KL104628,DE,Organic,Plus,29,2,218,22.19,0.482,2,0,0.49,5.0,16.86,1
KL104629,DE,Social,Premium,10,12,83,79.32,0.191,0,0,0.47,5.0,361.7,0
KL104630,DE,Organic,Basic,17,2,157,27.48,0.498,3,0,0.211,5.0,20.88,0
KL104631,DE,Social,Plus,44,2,196,44.28,0.081,1,2,0.281,,33.65,0
KL104632,DE,Referral,Basic,3,2,181,34.64,0.285,0,1,0.288,4.7,26.33,0
KL104633,DE,Paid Search,Premium,5,8,111,74.85,0.487,1,0,0.567,4.0,227.54,0
KL104634,AT,Organic,Basic,25,2,174,36.95,0.461,2,0,0.418,4.6,28.08,0
KL104635,DE,Social,Plus,8,5,162,35.42,0.74,3,1,0.254,4.2,67.3,0
KL104636,DE,Organic,Basic,15,3,218,14.39,0.45,2,2,0.355,3.6,16.4,1
KL104637,AT,Social,Basic,13,3,162,31.8,0.798,6,1,0.341,4.3,36.25,0
KL104638,DE,Paid Search,Basic,7,6,175,37.36,0.374,2,2,0.11,4.0,85.18,1
KL104639,DE,Paid Search,Plus,4,5,115,45.84,0.633,4,1,0.069,4.1,87.1,0
KL104640,DE,Paid Search,Plus,15,5,172,25.15,0.454,3,1,0.35,4.2,47.78,0
KL104641,DE,Paid Search,Premium,2,4,214,81.27,0.531,0,2,0.442,3.7,123.53,0
KL104642,DE,Organic,Plus,38,7,147,37.69,0.077,0,0,0.274,4.2,100.26,0
KL104643,DE,Organic,Plus,3,7,183,48.75,0.338,1,2,0.139,4.1,129.68,0
KL104644,DE,Paid Search,Plus,7,3,129,26.64,0.242,0,2,0.177,3.9,30.37,0
KL104645,Other,Referral,Basic,14,4,149,39.09,0.293,1,0,0.421,4.1,59.42,0
KL104646,CH,Organic,Plus,6,2,224,49.9,0.307,0,2,0.079,3.2,37.92,0
KL104647,DE,Organic,Plus,5,8,178,38.46,0.181,1,0,0.443,4.8,116.92,0
KL104648,DE,Organic,Plus,3,6,237,52.22,,0,0,0.151,5.0,119.06,0
KL104649,DE,Paid Search,Basic,2,2,229,29.38,0.244,2,1,0.165,4.1,22.33,1
KL104650,CH,Organic,Basic,2,0,261,34.62,,2,0,0.164,4.5,13.16,1
KL104651,CH,Social,Basic,24,4,154,27.01,0.134,0,0,0.104,5.0,41.06,0
KL104652,DE,Organic,Premium,8,8,156,59.26,0.559,3,0,0.497,3.5,180.15,0
KL104653,DE,Social,Plus,18,4,140,56.45,0.45,1,0,0.544,4.5,85.8,0
KL104654,DE,Organic,Plus,48,10,178,45.75,0.258,1,0,0.418,4.0,173.85,0
KL104655,CH,Paid Search,Basic,37,2,194,16.86,0.412,2,2,0.592,3.3,12.81,1
KL104656,CH,Organic,Plus,4,3,213,43.16,0.212,2,1,0.555,3.9,49.2,1
KL104657,DE,Social,Basic,54,5,100,33.57,0.458,2,2,0.486,3.5,63.78,0
KL104658,DE,Referral,Basic,18,4,100,36.87,0.227,0,0,0.098,2.8,56.04,0
KL104659,DE,Organic,Plus,58,9,210,59.11,0.331,0,0,0.297,4.5,202.16,0
KL104660,AT,Referral,Basic,34,3,317,32.97,0.752,0,1,0.061,3.9,37.59,1
KL104661,CH,Organic,Basic,24,6,184,22.15,0.459,1,1,0.295,4.7,50.5,0
KL104662,DE,Paid Search,Basic,72,6,226,26.25,0.291,0,1,0.475,4.4,59.85,0
KL104663,DE,Social,Basic,35,7,138,38.43,0.689,2,1,0.221,3.2,102.22,0
KL104664,DE,Organic,Premium,5,10,85,59.42,0.598,2,1,0.2,4.0,225.8,0
KL104665,DE,Paid Search,Plus,51,7,222,43.64,0.27,0,1,0.163,5.0,116.08,0
KL104666,CH,Organic,Premium,35,6,167,61.14,0.246,1,0,0.275,4.0,139.4,0
KL104667,DE,Social,Premium,3,2,197,62.48,0.793,3,0,0.698,3.8,47.48,0
KL104668,CH,Paid Search,Basic,4,4,246,26.16,0.237,2,1,0.145,3.9,39.76,0
KL104669,DE,Referral,Basic,32,4,176,29.82,0.768,3,0,0.488,3.8,45.33,0
KL104670,DE,Organic,Plus,4,4,147,40.89,0.416,3,0,0.108,4.9,62.15,0
KL104671,DE,Referral,Basic,17,0,171,15.09,0.428,4,1,0.507,4.0,5.73,0
KL104672,DE,Organic,Premium,2,5,180,74.82,0.577,1,0,0.57,4.5,142.16,0
KL104673,DE,Paid Search,Basic,1,2,235,36.88,0.56,2,1,0.467,3.8,28.03,1
KL104674,AT,Organic,Plus,25,2,194,43.66,0.285,3,1,0.598,5.0,33.18,0
KL104675,DE,Organic,Plus,13,4,184,52.03,0.551,5,1,0.38,3.4,79.09,0
KL104676,DE,Organic,Premium,11,5,153,70.94,0.807,2,1,0.462,3.8,134.79,0
KL104677,DE,Social,Plus,4,5,162,48.38,0.601,4,1,0.621,4.5,91.92,0
KL104678,DE,Organic,Plus,12,5,235,44.61,0.224,1,2,0.137,3.4,84.76,1
KL104679,CH,Paid Search,Basic,4,5,175,34.07,0.38,1,0,0.415,4.6,64.73,0
KL104680,Other,Referral,Plus,48,6,145,33.79,0.231,2,2,0.068,3.0,77.04,0
KL104681,DE,Organic,Plus,3,5,238,39.41,0.325,1,1,0.026,4.2,74.88,1
KL104682,CH,Organic,Plus,15,6,162,30.35,0.205,0,0,0.323,4.6,69.2,0
KL104683,AT,Organic,Plus,19,5,174,32.53,0.446,2,0,0.301,4.6,61.81,0
KL104684,Other,Organic,Basic,13,4,179,38.02,0.648,0,1,0.428,3.7,57.79,1
KL104685,DE,Paid Search,Basic,2,1,155,31.38,0.22,0,2,0.093,3.2,11.92,0
KL104686,DE,Social,Premium,24,12,109,61.05,0.262,0,1,0.476,4.0,278.39,0
KL104687,DE,Organic,Basic,2,2,211,20.29,0.603,9,0,0.375,4.0,15.42,0
KL104688,CH,Organic,Plus,45,3,181,30.97,0.541,2,0,0.267,3.0,35.31,0
KL104689,AT,Social,Plus,10,3,230,32.32,0.143,0,0,0.541,4.2,36.84,1
KL104690,DE,Organic,Premium,18,6,137,60.03,0.462,0,0,0.329,4.2,136.87,0
KL104691,DE,Paid Search,Basic,10,1,222,8.0,0.564,2,0,0.492,4.3,3.04,0
KL104692,AT,Referral,Basic,6,1,193,35.22,0.363,0,2,0.397,4.1,13.38,1
KL104693,CH,Organic,Premium,26,1,244,67.5,0.321,1,0,0.101,5.0,25.65,0
KL104694,DE,Paid Search,Plus,10,8,209,45.34,0.37,2,1,0.066,4.0,137.83,0
KL104695,AT,Social,Plus,12,7,206,47.08,0.205,1,0,0.214,4.6,125.23,0
KL104696,DE,Social,Basic,44,7,166,27.73,0.272,2,1,0.375,3.9,73.76,0
KL104697,DE,Social,Basic,4,2,202,29.72,0.436,2,1,0.033,4.4,22.59,1
KL104698,DE,Social,Premium,71,8,152,64.65,0.789,6,1,0.429,4.2,196.54,0
KL104699,CH,Paid Search,Plus,12,8,118,53.62,0.739,4,0,0.35,4.4,163.0,0
KL104700,Other,Paid Search,Premium,6,3,227,57.75,0.574,4,0,0.168,4.7,65.83,0
KL104701,DE,Social,Premium,27,9,73,71.64,0.464,2,2,0.445,3.2,245.01,0
KL104702,DE,Social,Plus,42,7,150,33.36,0.617,1,0,0.471,4.0,88.74,0
KL104703,DE,Social,Plus,5,5,236,32.66,,2,0,0.403,4.6,62.05,1
KL104704,DE,Paid Search,Plus,4,4,130,30.18,0.813,5,0,0.082,3.8,45.87,0
KL104705,DE,Social,Plus,60,8,172,26.55,0.276,0,1,0.474,3.9,80.71,0
KL104706,DE,Organic,Plus,8,3,222,44.01,0.574,3,0,0.125,4.6,50.17,0
KL104707,DE,Organic,Basic,24,3,175,19.73,0.488,1,0,0.393,4.1,22.49,0
KL104708,DE,Paid Search,Premium,28,2,167,67.58,0.628,3,1,0.769,4.1,51.36,1
KL104709,DE,Organic,Plus,1,10,80,55.07,0.536,3,0,0.186,4.4,209.27,0
KL104710,CH,Social,Premium,27,7,147,61.31,0.738,2,1,0.451,4.1,163.08,0
KL104711,DE,Organic,Basic,4,5,152,30.92,0.387,2,0,0.242,4.9,58.75,0
KL104712,DE,Social,Basic,14,2,153,36.24,0.172,0,0,0.535,4.4,27.54,1
KL104713,CH,Paid Search,Plus,11,5,214,44.31,0.463,1,0,0.19,4.4,84.19,0
KL104714,DE,Organic,Plus,22,4,157,42.99,0.332,1,0,0.313,3.8,65.34,0
KL104715,DE,Organic,Basic,17,3,211,14.54,0.338,3,1,0.12,4.6,16.58,0
KL104716,DE,Paid Search,Basic,72,2,173,28.96,,1,0,0.284,5.0,22.01,0
KL104717,DE,Social,Plus,14,8,174,46.89,0.336,2,1,0.307,4.8,142.55,1
KL104718,DE,Paid Search,Premium,37,6,178,79.48,0.629,2,0,0.157,5.0,181.21,0
KL104719,DE,Organic,Basic,8,6,207,25.07,0.29,1,1,0.302,3.5,57.16,0
KL104720,DE,Organic,Basic,14,5,123,37.78,0.166,2,3,0.186,2.8,71.78,0
KL104721,DE,Organic,Basic,5,2,176,23.04,0.512,2,3,0.521,3.2,17.51,1
KL104722,DE,Organic,Basic,2,2,235,35.46,0.541,3,2,0.401,3.5,26.95,1
KL104723,DE,Referral,Basic,8,2,180,21.34,0.22,0,4,0.204,3.1,16.22,1
KL104724,DE,Organic,Plus,15,4,174,43.0,0.179,2,2,0.343,3.8,65.36,0
KL104725,DE,Organic,Plus,42,4,206,36.77,0.142,0,0,0.044,4.1,55.89,0
KL104726,CH,Social,Basic,11,2,193,28.06,0.435,2,1,0.489,3.8,21.33,0
KL104727,DE,Social,Basic,2,2,207,28.04,0.317,1,0,0.38,4.9,21.31,0
KL104728,DE,Paid Search,Premium,2,7,159,65.74,0.414,1,0,0.359,3.8,174.87,0
KL104729,DE,Social,Basic,6,6,159,21.64,0.251,0,1,0.296,4.4,49.34,1
KL104730,DE,Referral,Plus,9,5,131,41.62,0.535,1,0,0.132,4.3,79.08,0
KL104731,CH,Organic,Basic,11,1,195,30.74,0.403,2,1,0.17,4.1,11.68,1
KL104732,DE,Organic,Plus,1,8,174,39.38,0.624,2,1,0.085,4.1,119.72,0
KL104733,DE,Social,Plus,14,4,176,35.05,0.817,8,1,0.398,3.9,53.28,0
KL104734,CH,Social,Basic,50,9,164,22.0,0.552,4,0,0.404,4.4,75.24,0
KL104735,AT,Referral,Plus,23,3,184,49.93,0.39,0,1,0.635,3.0,56.92,1
KL104736,AT,Organic,Plus,10,1,228,42.06,0.463,1,1,0.233,4.6,15.98,1
KL104737,DE,Referral,Basic,9,4,166,39.17,0.513,2,1,0.316,3.5,59.54,0
KL104738,DE,Paid Search,Plus,7,5,138,40.06,0.728,3,0,0.253,5.0,76.11,0
KL104739,AT,Social,Basic,13,4,218,26.8,0.677,2,1,0.158,4.4,40.74,0
KL104740,DE,Referral,Basic,4,0,181,32.29,,0,0,0.739,4.6,12.27,1
KL104741,DE,Organic,Premium,7,7,139,69.43,0.782,3,0,0.534,4.0,184.68,0
KL104742,CH,Organic,Basic,50,5,180,38.7,0.457,1,1,0.503,3.7,73.53,0
KL104743,DE,Paid Search,Basic,15,2,140,10.69,0.456,0,2,0.27,4.0,8.12,1
KL104744,DE,Social,Basic,2,1,191,31.8,0.466,3,0,0.488,4.3,12.08,1
KL104745,DE,Organic,Premium,1,4,164,56.48,0.484,1,0,0.184,4.8,85.85,0
KL104746,DE,Social,Basic,5,2,194,27.0,0.86,5,1,0.716,4.3,20.52,1
KL104747,DE,Paid Search,Basic,6,7,155,19.11,0.192,0,1,0.259,4.3,50.83,0
KL104748,CH,Paid Search,Plus,2,6,155,43.7,0.474,0,0,0.552,4.8,99.64,0
KL104749,DE,Organic,Plus,3,3,189,33.45,0.52,2,1,0.568,3.7,38.13,0
KL104750,DE,Referral,Plus,5,3,246,26.77,0.853,7,0,0.277,4.1,30.52,0
KL104751,DE,Organic,Premium,3,7,245,55.72,0.244,0,1,0.07,4.5,148.22,0
KL104752,DE,Paid Search,Basic,6,1,229,37.1,0.114,0,0,0.142,4.6,14.1,1
KL104753,DE,Organic,Plus,14,6,160,47.33,0.13,2,1,0.49,3.6,107.91,0
KL104754,Other,Referral,Plus,22,5,148,52.12,0.35,1,0,0.275,5.0,99.03,0
KL104755,DE,Social,Basic,6,5,153,12.29,0.351,0,1,0.422,4.1,23.35,0
KL104756,DE,Organic,Premium,15,11,123,79.21,0.531,3,0,0.093,4.5,331.1,0
KL104757,Other,Organic,Plus,16,6,211,61.04,0.603,4,0,0.416,4.7,139.17,0
KL104758,DE,Paid Search,Basic,5,4,151,19.61,0.283,0,2,0.408,3.3,29.81,0
KL104759,Other,Paid Search,Basic,32,5,192,30.98,0.446,0,2,0.39,3.1,58.86,0
KL104760,DE,Social,Basic,19,2,185,22.97,0.079,1,0,0.241,4.5,17.46,0
KL104761,DE,Paid Search,Premium,6,6,205,71.19,0.666,2,0,0.186,3.9,162.31,0
KL104762,Other,Paid Search,Basic,25,2,190,41.16,0.63,5,2,0.617,3.7,31.28,1
KL104763,DE,Social,Premium,27,5,152,57.13,0.583,2,1,0.286,4.1,108.55,0
KL104764,DE,Paid Search,Basic,3,3,171,17.46,0.685,2,2,0.139,4.3,19.9,1
KL104765,DE,Organic,Premium,2,8,216,62.9,0.517,1,3,0.422,3.0,191.22,0
KL104766,AT,Organic,Plus,17,4,185,71.08,0.326,1,2,0.428,3.6,108.04,1
KL104767,DE,Organic,Basic,58,3,233,34.72,0.175,0,0,0.573,5.0,39.58,1
KL104768,DE,Paid Search,Basic,25,7,175,32.0,0.558,2,0,0.049,4.5,85.12,1
KL104769,AT,Organic,Plus,34,3,216,50.22,0.411,0,0,0.353,,57.25,1
KL104770,AT,Paid Search,Basic,43,3,182,37.34,0.347,1,0,0.37,3.8,42.57,0
KL104771,DE,Organic,Basic,2,0,215,30.68,0.403,0,0,0.21,4.2,11.66,1
KL104772,DE,Social,Plus,10,5,142,41.58,0.643,0,1,0.052,4.0,79.0,0
KL104773,DE,Organic,Premium,8,7,128,60.37,0.354,1,0,0.27,5.0,160.58,0
KL104774,DE,Paid Search,Plus,16,8,147,43.75,0.641,3,0,0.32,4.0,133.0,0
KL104775,DE,Organic,Premium,10,5,167,74.15,0.152,0,0,0.182,4.9,140.88,0
KL104776,DE,Organic,Plus,2,6,166,50.67,0.564,0,1,0.122,4.9,115.53,0
KL104777,DE,Organic,Plus,5,8,182,37.6,0.715,3,0,0.348,3.8,114.3,0
KL104778,DE,Paid Search,Basic,3,2,268,27.09,0.193,1,0,0.293,4.1,20.59,1
KL104779,AT,Social,Plus,29,7,128,32.43,0.201,4,1,0.456,4.6,86.26,0
KL104780,DE,Organic,Plus,9,7,176,50.6,0.278,1,2,0.695,3.8,134.6,0
KL104781,Other,Social,Plus,9,0,198,46.15,0.775,1,3,0.236,3.3,17.54,0
KL104782,CH,Paid Search,Premium,13,4,129,62.81,0.335,3,0,0.542,,95.47,1
KL104783,DE,Paid Search,Basic,19,8,237,24.63,0.505,1,0,0.232,3.6,74.88,0
KL104784,Other,Paid Search,Plus,28,10,136,34.24,0.379,3,0,0.295,4.6,130.11,0
KL104785,CH,Organic,Plus,9,6,157,42.66,0.37,0,2,0.55,3.2,97.26,1
KL104786,DE,Social,Basic,37,3,226,39.97,0.762,5,1,0.225,4.1,45.57,0
KL104787,AT,Social,Basic,7,4,271,21.74,0.211,1,0,0.158,,33.04,1
KL104788,DE,Social,Premium,9,11,141,53.99,0.591,3,0,0.433,4.0,225.68,0
KL104789,AT,Organic,Basic,8,5,267,28.95,,3,1,0.377,3.6,55.0,0
KL104790,DE,Social,Plus,2,3,194,51.46,0.309,1,0,0.394,4.9,58.66,0
KL104791,DE,Organic,Plus,26,5,214,49.68,0.075,0,0,0.301,4.9,94.39,0
KL104792,DE,Paid Search,Premium,14,4,158,74.73,0.152,0,1,0.362,,113.59,1
KL104793,Other,Organic,Plus,1,5,151,37.87,0.341,2,1,0.294,4.0,71.95,0
KL104794,DE,Organic,Basic,53,5,190,35.1,0.155,0,1,0.449,3.6,66.69,0
KL104795,DE,Paid Search,Basic,10,6,217,30.98,0.722,3,2,0.585,4.0,70.63,0
KL104796,DE,Social,Plus,8,7,146,39.9,0.679,3,1,0.341,4.2,106.13,0
KL104797,DE,Organic,Basic,6,6,204,28.23,0.175,0,0,0.353,4.5,64.36,0
KL104798,CH,Paid Search,Plus,20,5,192,48.56,0.635,0,0,0.274,4.1,92.26,0
KL104799,AT,Paid Search,Basic,20,3,186,32.58,0.553,2,0,0.405,3.9,37.14,0
KL104800,DE,Referral,Basic,11,2,229,32.4,0.613,5,1,0.562,4.4,24.62,1
KL104801,DE,Social,Premium,17,4,160,70.38,0.334,1,0,0.099,3.5,106.98,0
KL104802,DE,Organic,Premium,9,6,208,61.76,0.3,4,0,0.333,5.0,140.81,0
KL104803,DE,Organic,Plus,4,3,188,31.4,0.168,0,0,0.31,3.8,35.8,1
KL104804,CH,Paid Search,Basic,14,7,189,22.47,0.507,3,1,0.279,3.4,59.77,0
KL104805,AT,Organic,Premium,26,7,171,72.07,0.119,2,0,0.265,4.5,191.71,0
KL104806,DE,Referral,Plus,13,2,207,30.6,,0,1,0.409,3.5,23.26,0
KL104807,DE,Referral,Premium,7,6,53,65.08,0.302,2,1,0.535,4.2,148.38,0
KL104808,DE,Referral,Basic,9,1,192,29.2,0.624,4,0,0.365,4.4,11.1,1
KL104809,DE,Organic,Basic,15,0,185,33.81,0.634,6,0,0.637,4.3,12.85,0
KL104810,DE,Social,Plus,72,9,167,31.81,0.46,2,0,0.381,4.8,108.79,0
KL104811,AT,Social,Premium,2,3,188,46.98,0.434,4,1,0.259,3.3,53.56,1
KL104812,DE,Organic,Basic,7,2,145,23.44,0.438,0,1,0.323,3.8,17.81,0
KL104813,Other,Organic,Basic,7,2,224,32.49,0.544,6,0,0.369,5.0,24.69,0
KL104814,DE,Organic,Plus,13,0,214,53.12,0.734,4,1,0.056,5.0,20.19,0
KL104815,DE,Paid Search,Premium,10,8,154,59.65,0.489,1,0,0.261,4.3,181.34,0
KL104816,DE,Referral,Plus,13,4,204,35.29,0.137,1,1,0.152,3.2,53.64,1
KL104817,DE,Social,Premium,16,4,197,66.96,0.377,1,0,0.499,4.9,101.78,0
KL104818,DE,Organic,Plus,23,9,218,58.69,0.451,2,3,0.148,2.6,200.72,0
KL104819,DE,Paid Search,Premium,33,8,188,68.7,0.233,0,1,0.775,3.6,208.85,1
KL104820,AT,Organic,Plus,61,5,182,46.29,0.457,6,1,0.166,4.4,87.95,0
KL104821,DE,Organic,Basic,10,5,192,43.67,0.596,6,1,0.262,3.9,82.97,0
KL104822,AT,Organic,Plus,2,1,204,49.46,0.284,2,3,0.51,3.5,18.79,1
KL104823,AT,Social,Plus,12,5,163,43.34,0.369,3,2,0.282,4.4,82.35,0
KL104824,DE,Social,Basic,19,1,243,19.03,0.622,2,0,0.609,5.0,7.23,1
KL104825,DE,Social,Basic,2,4,245,28.58,0.4,3,0,0.166,3.6,43.44,0
KL104826,DE,Social,Plus,2,7,158,47.78,0.303,2,3,0.16,2.8,127.09,0
KL104827,DE,Organic,Plus,35,5,199,33.67,0.11,0,1,0.369,3.5,63.97,1
KL104828,CH,Social,Basic,5,1,180,35.47,0.275,1,1,0.595,5.0,13.48,0
KL104829,CH,Organic,Premium,12,5,203,64.11,0.282,0,0,0.05,4.3,121.81,0
KL104830,DE,Paid Search,Basic,3,2,172,26.31,0.477,2,1,0.466,4.9,20.0,0
KL104831,DE,Paid Search,Basic,15,3,203,20.55,0.682,0,0,0.343,4.4,23.43,1
KL104832,AT,Organic,Basic,10,2,220,30.81,0.374,1,0,0.161,3.9,23.42,0
KL104833,AT,Organic,Basic,50,1,258,33.46,0.36,1,2,0.18,3.7,12.71,0
KL104834,DE,Organic,Basic,17,3,124,19.43,0.217,1,2,0.173,3.1,22.15,0
KL104835,CH,Organic,Plus,25,8,212,46.13,0.25,0,1,0.287,4.8,140.24,0
KL104836,DE,Referral,Plus,39,6,215,49.17,0.567,2,2,0.356,4.2,112.11,0
KL104837,DE,Organic,Plus,4,4,207,48.73,0.441,3,0,0.169,3.4,74.07,0
KL104838,DE,Paid Search,Premium,10,6,161,66.84,0.657,1,0,0.133,4.3,152.4,0
KL104839,DE,Referral,Premium,53,11,169,62.42,0.318,1,0,0.508,4.2,260.92,0
KL104840,CH,Paid Search,Basic,22,4,254,25.89,0.657,0,2,0.159,3.8,39.35,1
KL104841,DE,Paid Search,Basic,16,8,147,16.85,0.459,1,0,0.699,3.9,51.22,0
KL104842,DE,Referral,Basic,16,2,255,22.97,0.25,2,0,0.803,5.0,17.46,1
KL104843,DE,Organic,Plus,35,8,191,39.66,0.491,0,0,0.224,3.7,120.57,0
KL104844,DE,Organic,Basic,6,4,232,21.53,0.179,1,1,0.235,3.3,32.73,0
KL104845,DE,Paid Search,Plus,18,4,216,43.17,0.454,1,0,0.334,4.4,65.62,0
KL104846,DE,Paid Search,Plus,29,7,165,53.93,0.266,2,1,0.538,4.2,143.45,0
KL104847,AT,Social,Plus,8,7,123,55.36,0.315,0,1,0.366,3.7,147.26,0
KL104848,DE,Organic,Basic,35,4,171,23.32,0.318,0,0,0.15,4.4,35.45,0
KL104849,CH,Paid Search,Basic,62,3,220,42.09,0.186,2,1,0.406,4.7,47.98,0
KL104850,DE,Social,Basic,14,2,197,37.05,0.171,4,0,0.243,,28.16,0
KL104851,AT,Referral,Plus,4,5,114,36.42,0.32,0,1,0.259,3.4,69.2,0
KL104852,CH,Organic,Plus,17,5,160,45.98,0.483,2,0,0.269,3.7,87.36,0
KL104853,DE,Organic,Plus,8,5,141,41.82,0.524,1,1,0.11,4.2,79.46,0
KL104854,DE,Referral,Plus,18,3,205,25.51,0.346,0,0,0.367,3.8,29.08,0
KL104855,Other,Paid Search,Plus,26,11,162,31.77,0.508,3,0,0.304,4.5,132.8,0
KL104856,DE,Organic,Basic,72,4,196,33.67,0.683,1,2,0.175,3.9,51.18,0
KL104857,AT,Organic,Basic,3,3,144,15.57,0.355,1,0,0.164,4.9,17.75,0
KL104858,DE,Social,Basic,34,4,175,42.42,0.54,1,0,0.577,4.5,64.48,0
KL104859,DE,Paid Search,Basic,17,1,176,36.01,0.672,0,1,0.605,3.8,13.68,1
KL104860,DE,Paid Search,Basic,38,6,167,33.46,0.616,3,2,0.193,4.2,76.29,0
KL104861,CH,Social,Plus,20,5,207,29.53,0.251,2,1,0.268,3.6,56.11,0
KL104862,DE,Organic,Basic,22,5,184,36.37,0.11,0,0,0.275,4.3,69.1,1
KL104863,CH,Organic,Basic,9,4,190,35.68,0.746,1,0,0.325,4.7,54.23,0
KL104864,AT,Paid Search,Basic,28,6,228,35.2,0.417,0,0,0.237,4.4,80.26,0
KL104865,DE,Referral,Basic,28,2,173,35.52,0.208,1,0,0.18,4.7,27.0,0
KL104866,DE,Organic,Basic,9,3,236,41.96,0.514,2,1,0.218,3.2,47.83,0
KL104867,DE,Social,Basic,23,1,202,22.17,0.618,3,1,0.238,5.0,8.42,0
KL104868,DE,Organic,Basic,21,2,292,26.42,0.145,1,1,0.203,4.0,20.08,1
KL104869,AT,Organic,Premium,21,5,190,57.94,0.522,3,1,0.125,3.7,110.09,0
KL104870,DE,Referral,Basic,13,6,110,34.25,0.471,1,0,0.211,4.6,78.09,0
KL104871,DE,Organic,Basic,3,3,183,26.07,0.367,0,1,0.141,4.3,29.72,1
KL104872,AT,Organic,Basic,6,3,152,17.31,0.484,0,0,0.209,4.2,19.73,0
KL104873,DE,Social,Basic,69,5,255,28.6,0.651,3,1,0.789,3.6,54.34,0
KL104874,DE,Paid Search,Plus,13,6,148,25.95,0.253,2,2,0.385,4.0,59.17,0
KL104875,DE,Paid Search,Basic,55,7,208,28.58,0.366,0,0,0.321,5.0,76.02,0
KL104876,DE,Social,Premium,14,6,206,65.97,0.581,3,1,0.184,3.6,150.41,1
KL104877,AT,Organic,Premium,18,7,124,61.43,0.618,6,0,0.341,5.0,163.4,0
KL104878,DE,Social,Plus,10,4,135,50.04,0.503,1,0,0.175,3.6,76.06,0
KL104879,DE,Organic,Basic,16,5,215,13.51,0.656,3,1,0.167,3.7,25.67,0
KL104880,DE,Organic,Basic,43,3,184,28.75,0.199,1,0,0.506,4.5,32.78,0
KL104881,DE,Social,Basic,22,4,189,29.57,0.237,1,0,0.368,5.0,44.95,0
KL104882,DE,Organic,Plus,23,2,210,41.64,0.319,4,1,0.273,3.6,31.65,1
KL104883,DE,Social,Basic,28,2,102,37.84,0.612,6,0,0.33,4.5,28.76,0
KL104884,CH,Referral,Plus,4,2,202,36.84,0.658,4,1,0.641,4.1,28.0,0
KL104885,CH,Social,Basic,2,2,244,27.24,0.372,6,2,0.246,3.1,20.7,1
KL104886,DE,Organic,Basic,18,4,126,28.86,0.456,3,1,0.134,5.0,43.87,0
KL104887,AT,Organic,Basic,40,7,193,24.86,0.406,0,2,0.305,4.7,66.13,0
KL104888,DE,Referral,Basic,7,5,172,15.43,0.383,3,1,0.167,3.3,29.32,0
KL104889,Other,Paid Search,Plus,72,7,124,54.12,0.772,3,0,0.237,4.1,143.96,0
KL104890,DE,Social,Plus,8,2,216,35.73,0.241,3,1,0.121,4.7,27.15,0
KL104891,DE,Social,Basic,3,5,179,21.88,0.584,2,0,0.27,4.2,41.57,0
KL104892,DE,Organic,Basic,5,2,252,10.05,0.292,6,2,0.636,5.0,7.64,1
KL104893,DE,Organic,Premium,49,9,128,65.45,0.342,0,0,0.506,3.9,223.84,0
KL104894,AT,Paid Search,Basic,5,6,217,29.39,0.337,1,0,0.375,4.1,67.01,0
KL104895,DE,Paid Search,Plus,2,4,187,52.03,0.548,2,0,0.382,4.4,79.09,0
KL104896,DE,Organic,Basic,5,3,211,25.0,0.733,3,0,0.39,4.5,28.5,0
KL104897,DE,Paid Search,Plus,6,6,160,44.03,0.608,1,2,0.516,4.1,100.39,0
KL104898,CH,Social,Plus,20,9,114,50.01,0.21,1,0,0.304,4.3,171.03,0
KL104899,CH,Paid Search,Basic,10,7,197,39.06,0.814,4,0,0.242,3.7,103.9,0
KL104900,DE,Organic,Plus,50,6,170,44.99,0.935,5,0,0.115,5.0,102.58,0
KL104901,DE,Social,Plus,41,6,160,39.2,0.551,2,0,0.665,5.0,89.38,0
KL104902,DE,Social,Basic,12,1,247,37.63,0.516,4,0,0.127,5.0,14.3,0
KL104903,CH,Referral,Plus,33,4,240,51.83,0.519,0,1,0.812,3.6,78.78,1
KL104904,AT,Organic,Basic,37,4,169,14.14,0.153,4,1,0.541,4.1,21.49,0
KL104905,DE,Referral,Basic,13,1,269,30.8,0.243,2,0,0.418,4.7,11.7,1
KL104906,CH,Social,Plus,2,9,121,49.83,0.23,0,2,0.43,3.1,170.42,0
KL104907,DE,Social,Premium,12,9,155,70.78,0.415,1,1,0.104,4.3,242.07,0
KL104908,AT,Organic,Basic,2,0,250,25.84,0.354,1,0,0.415,4.7,9.82,1
KL104909,DE,Organic,Plus,60,5,60,38.17,0.551,1,0,0.45,3.4,72.52,0
KL104910,DE,Paid Search,Basic,12,5,146,39.02,0.179,0,1,0.428,4.2,74.14,0
KL104911,DE,Organic,Plus,19,9,133,43.97,0.58,3,0,0.522,3.5,150.38,0
KL104912,DE,Organic,Basic,35,1,221,26.54,0.674,2,0,0.666,4.6,10.09,0
KL104913,Other,Referral,Plus,27,5,180,40.88,0.28,0,0,0.842,3.8,77.67,0
KL104914,DE,Organic,Basic,1,4,102,27.99,0.443,1,1,0.196,3.8,42.54,0
KL104915,CH,Referral,Basic,16,2,190,26.8,0.255,1,1,0.615,3.2,20.37,1
KL104916,AT,Paid Search,Plus,10,4,133,51.22,0.36,2,3,0.139,,77.85,0
KL104917,AT,Social,Basic,68,5,158,31.51,0.573,1,0,0.691,3.2,59.87,0
KL104918,Other,Organic,Basic,27,2,192,30.97,0.142,0,0,0.097,4.6,23.54,1
KL104919,DE,Paid Search,Basic,2,3,203,26.4,0.322,0,1,0.253,4.6,30.1,1
KL104920,DE,Paid Search,Plus,14,3,180,46.63,0.18,0,0,0.335,3.8,53.16,0
KL104921,DE,Referral,Basic,9,0,221,20.79,0.772,8,1,0.588,3.5,7.9,1
KL104922,DE,Organic,Plus,17,4,169,43.43,0.701,5,1,0.163,3.4,66.01,0
KL104923,CH,Organic,Basic,3,2,215,15.0,0.588,2,0,0.092,4.7,11.4,0
KL104924,DE,Referral,Plus,10,8,110,40.02,0.239,2,4,0.369,3.8,121.66,1
KL104925,DE,Organic,Premium,11,8,153,60.84,0.478,2,1,0.1,4.6,184.95,0
KL104926,DE,Paid Search,Basic,36,6,132,27.77,0.456,3,0,0.108,4.6,63.32,0
KL104927,DE,Organic,Plus,7,5,165,38.68,0.138,2,0,0.58,4.8,73.49,0
KL104928,AT,Organic,Basic,8,2,211,32.14,0.305,1,1,0.174,4.0,24.43,0
KL104929,DE,Paid Search,Basic,25,6,140,22.55,0.15,1,0,0.352,4.7,51.41,0
KL104930,AT,Paid Search,Plus,51,6,167,48.95,0.517,1,0,0.405,5.0,111.61,0
KL104931,AT,Paid Search,Premium,11,4,175,77.44,0.077,0,0,0.052,5.0,117.71,1
KL104932,CH,Paid Search,Plus,22,8,227,33.34,0.708,3,0,0.353,4.7,101.35,0
KL104933,DE,Social,Premium,7,6,184,69.95,0.651,3,1,0.286,4.5,159.49,0
KL104934,AT,Referral,Basic,9,4,205,25.85,0.261,1,1,0.404,4.0,39.29,1
KL104935,DE,Organic,Plus,35,3,165,49.47,0.811,2,0,0.294,4.3,56.4,0
KL104936,DE,Organic,Basic,14,4,100,19.32,0.508,0,1,0.462,5.0,29.37,0
KL104937,AT,Organic,Premium,6,10,118,74.65,0.228,2,0,0.258,4.1,283.67,0
KL104938,AT,Social,Plus,10,8,98,39.01,0.372,3,0,0.455,5.0,118.59,0
KL104939,DE,Paid Search,Basic,24,7,171,26.23,0.14,3,0,0.235,4.4,69.77,0
KL104940,CH,Social,Plus,1,6,181,40.24,0.26,3,2,0.351,3.6,91.75,1
KL104941,DE,Paid Search,Plus,10,8,162,33.06,0.523,2,0,0.176,4.5,100.5,0
KL104942,DE,Paid Search,Premium,54,10,136,71.3,0.334,0,3,0.025,3.0,270.94,0
KL104943,Other,Social,Plus,27,8,124,37.22,0.319,2,1,0.167,4.3,113.15,0
KL104944,DE,Paid Search,Premium,32,5,153,68.97,0.825,4,0,0.419,4.7,131.04,0
KL104945,CH,Paid Search,Plus,1,6,185,39.93,0.24,1,1,0.377,4.8,91.04,0
KL104946,DE,Organic,Plus,15,6,241,40.31,0.596,2,0,0.434,4.9,91.91,0
KL104947,CH,Paid Search,Plus,41,7,172,50.02,0.512,1,0,0.127,4.8,133.05,0
KL104948,AT,Organic,Basic,23,8,168,15.99,0.504,1,0,0.142,4.9,48.61,0
KL104949,AT,Social,Basic,3,2,270,9.64,0.435,3,0,0.604,4.2,7.33,1
KL104950,DE,Paid Search,Premium,43,11,130,59.36,0.148,1,1,0.287,3.8,248.12,0
KL104951,AT,Organic,Premium,18,7,130,64.2,0.287,1,0,0.178,3.3,170.77,0
KL104952,DE,Organic,Premium,3,3,208,63.03,0.392,1,1,0.33,4.2,71.85,1
KL104953,Other,Paid Search,Basic,57,4,245,21.92,0.729,2,0,0.137,5.0,33.32,0
KL104954,DE,Referral,Basic,72,8,187,41.39,0.306,2,0,0.399,4.0,125.83,0
KL104955,DE,Organic,Premium,4,9,155,75.04,0.522,0,0,0.534,4.2,256.64,0
KL104956,CH,Organic,Basic,17,2,136,8.0,0.234,0,0,0.279,4.1,6.08,0
KL104957,DE,Paid Search,Basic,11,2,150,22.62,0.206,0,1,0.619,4.6,17.19,1
KL104958,DE,Referral,Basic,11,2,216,31.09,0.359,1,1,0.142,4.1,23.63,0
KL104959,AT,Social,Premium,42,4,176,67.6,0.174,2,2,0.179,4.0,102.75,0
KL104960,DE,Organic,Plus,15,2,201,35.53,0.504,0,0,0.084,4.7,27.0,1
KL104961,DE,Paid Search,Basic,3,2,238,38.6,0.286,1,0,0.27,3.5,29.34,0
KL104962,DE,Social,Plus,21,6,128,34.69,0.423,1,2,0.426,4.2,79.09,0
KL104963,DE,Social,Basic,10,3,174,27.78,0.604,1,2,0.265,4.1,31.67,1
KL104964,DE,Paid Search,Plus,20,6,214,41.38,0.375,1,0,0.132,4.2,94.35,0
KL104965,DE,Social,Plus,9,3,152,43.94,0.768,3,1,0.474,3.9,50.09,0
KL104966,DE,Paid Search,Plus,56,7,205,37.4,0.616,0,1,0.614,3.6,99.48,0
KL104967,DE,Organic,Basic,14,3,208,31.88,0.206,1,0,0.324,4.9,36.34,0
KL104968,DE,Organic,Basic,6,4,184,21.3,0.28,0,0,0.082,5.0,32.38,0
KL104969,AT,Paid Search,Basic,35,8,161,30.67,0.167,1,2,0.413,3.6,93.24,0
KL104970,AT,Organic,Premium,16,7,177,60.4,0.592,3,0,0.155,4.3,160.66,0
KL104971,DE,Paid Search,Basic,16,0,243,39.14,0.511,1,1,0.263,4.2,14.87,1
KL104972,DE,Social,Basic,30,2,133,26.03,0.058,0,0,0.725,4.3,19.78,0
KL104973,CH,Social,Basic,8,3,240,29.38,0.458,1,1,0.403,3.5,33.49,1
KL104974,DE,Organic,Premium,26,5,189,73.69,0.281,1,2,0.341,3.6,140.01,0
KL104975,DE,Organic,Plus,6,2,244,43.69,0.663,3,0,0.129,4.1,33.2,0
KL104976,DE,Social,Basic,15,5,196,34.43,0.165,0,1,0.414,5.0,65.42,1
KL104977,DE,Paid Search,Plus,3,5,256,32.36,0.504,1,0,0.179,4.5,61.48,1
KL104978,CH,Organic,Basic,4,2,179,32.42,0.204,0,1,0.095,4.6,24.64,1
KL104979,CH,Social,Plus,27,5,237,40.4,0.076,1,0,0.307,3.9,76.76,0
KL104980,CH,Organic,Premium,28,5,150,71.85,0.409,0,0,0.161,4.6,136.52,0
KL104981,DE,Organic,Plus,34,3,215,45.86,0.267,2,1,0.305,4.6,52.28,0
KL104982,DE,Social,Premium,2,7,201,69.2,0.343,2,0,0.356,5.0,184.07,0
KL104983,DE,Paid Search,Plus,3,4,189,47.62,0.307,0,1,0.232,4.8,72.38,1
KL104984,DE,Paid Search,Basic,18,4,120,36.22,0.119,1,1,0.372,4.3,55.05,0
KL104985,DE,Social,Plus,23,4,193,25.5,0.484,4,0,0.275,,38.76,0
KL104986,AT,Referral,Plus,2,3,180,35.79,0.286,2,1,0.382,4.3,40.8,0
KL104987,DE,Organic,Basic,18,4,220,27.86,0.539,0,0,0.67,4.2,42.35,1
KL104988,CH,Paid Search,Plus,72,5,149,32.6,0.198,1,0,0.563,5.0,61.94,0
KL104989,DE,Organic,Basic,60,5,161,26.09,0.206,1,0,0.533,4.8,49.57,0
KL104990,DE,Paid Search,Basic,12,1,188,29.59,0.412,0,0,0.56,4.7,11.24,1
KL104991,CH,Paid Search,Premium,12,11,121,77.65,0.118,0,2,0.174,3.7,324.58,0
KL104992,AT,Paid Search,Basic,13,4,191,33.8,0.442,1,0,0.286,4.0,51.38,0
KL104993,DE,Organic,Plus,9,4,208,47.78,0.626,4,2,0.179,4.0,72.63,0
KL104994,DE,Social,Basic,2,5,197,28.43,0.287,0,3,0.197,3.1,54.02,1
KL104995,DE,Paid Search,Plus,5,4,143,28.19,0.305,0,1,0.279,4.8,42.85,0
KL104996,DE,Referral,Premium,4,8,126,59.22,0.342,1,1,0.199,3.4,180.03,0
KL104997,DE,Paid Search,Plus,52,5,159,28.96,0.435,1,2,0.326,4.2,55.02,0
KL104998,DE,Social,Plus,12,5,168,46.51,0.649,3,1,0.564,4.4,88.37,0
KL104999,DE,Paid Search,Basic,21,8,126,28.81,0.831,4,2,0.154,4.3,87.58,0
KL105000,DE,Paid Search,Basic,24,3,170,29.69,0.668,3,1,0.743,5.0,33.85,0
KL105001,AT,Social,Plus,4,1,257,46.03,0.087,0,0,0.313,4.5,17.49,1
KL105002,CH,Social,Plus,26,5,191,38.28,0.184,0,0,0.436,4.3,72.73,0
KL105003,DE,Paid Search,Plus,4,11,93,31.59,0.511,4,1,0.726,3.5,132.05,0
KL105004,DE,Paid Search,Plus,11,7,178,38.53,0.837,1,0,0.528,4.3,102.49,0
KL105005,DE,Paid Search,Basic,6,1,198,31.66,0.552,4,0,0.343,4.0,12.03,0
KL105006,CH,Paid Search,Basic,10,3,261,14.32,0.462,0,2,0.184,3.5,16.32,1
KL105007,AT,Paid Search,Premium,21,5,158,66.6,0.366,4,1,0.201,3.9,126.54,0
KL105008,AT,Social,Plus,29,8,139,32.39,0.488,3,0,0.419,4.1,98.47,0
KL105009,DE,Paid Search,Plus,7,3,186,46.73,,0,0,0.628,3.5,53.27,1
KL105010,DE,Paid Search,Plus,3,5,141,31.79,0.734,2,4,0.346,3.0,60.4,0
KL105011,DE,Paid Search,Premium,36,3,212,71.28,0.275,1,0,0.454,3.9,81.26,0
KL105012,DE,Referral,Premium,2,4,190,53.82,0.301,0,1,0.269,4.6,81.81,0
KL105013,AT,Organic,Basic,2,3,208,20.41,0.575,2,1,0.132,3.1,23.27,0
KL105014,DE,Organic,Premium,17,6,173,70.42,0.07,0,0,0.126,4.8,160.56,0
KL105015,DE,Organic,Basic,13,2,210,26.6,0.645,2,0,0.142,4.8,20.22,0
KL105016,DE,Social,Basic,32,5,237,12.27,0.679,3,1,0.224,4.6,23.31,0
KL105017,DE,Paid Search,Premium,1,5,199,70.66,0.59,2,0,0.113,4.9,134.25,0
KL105018,DE,Paid Search,Basic,8,6,109,11.06,0.428,2,0,0.139,4.5,25.22,0
KL105019,DE,Organic,Basic,17,5,191,26.58,0.234,1,1,0.273,3.8,50.5,0
KL105020,CH,Referral,Plus,7,2,245,58.59,0.526,0,2,0.21,3.3,44.53,1
KL105021,CH,Paid Search,Premium,2,4,107,65.65,0.684,2,0,0.115,4.1,99.79,0
KL105022,CH,Paid Search,Basic,32,5,139,25.21,0.48,5,0,0.68,4.1,47.9,0
KL105023,AT,Organic,Plus,72,8,177,41.42,0.584,4,1,0.273,5.0,125.92,0
KL105024,AT,Organic,Plus,18,4,222,33.26,0.49,0,0,0.238,,50.56,0
KL105025,DE,Organic,Basic,18,3,202,29.38,0.46,1,1,0.474,,33.49,1
KL105026,DE,Paid Search,Plus,17,6,187,59.35,0.355,2,0,0.245,4.3,135.32,0
KL105027,DE,Paid Search,Plus,10,1,260,38.6,0.289,1,0,0.352,2.9,14.67,1
KL105028,DE,Organic,Plus,34,5,162,35.51,0.322,4,1,0.201,3.7,67.47,0
KL105029,DE,Paid Search,Plus,67,7,131,45.79,0.494,4,1,0.317,4.3,121.8,0
KL105030,DE,Organic,Premium,14,3,187,70.96,0.786,1,1,0.296,4.4,80.89,0
KL105031,CH,Paid Search,Plus,9,2,210,42.83,0.444,2,2,0.149,3.5,32.55,1
KL105032,DE,Organic,Basic,8,4,199,25.53,0.778,5,0,0.306,3.3,38.81,0
KL105033,DE,Organic,Plus,4,7,191,46.44,0.485,4,0,0.013,4.0,123.53,0
KL105034,DE,Organic,Plus,6,0,278,30.27,0.419,2,1,0.28,4.4,11.5,1
KL105035,DE,Social,Basic,6,1,218,24.09,0.372,1,1,0.114,4.3,9.15,1
KL105036,CH,Referral,Plus,26,5,136,23.51,0.748,4,0,0.374,4.9,44.67,0
KL105037,DE,Paid Search,Plus,10,3,169,41.14,0.598,2,0,0.371,4.4,46.9,0
KL105038,CH,Organic,Basic,2,3,201,26.29,0.103,1,1,0.259,,29.97,1
KL105039,CH,Referral,Basic,5,2,255,36.41,0.55,4,2,0.542,3.6,27.67,1
KL105040,DE,Referral,Plus,11,4,211,35.17,0.409,0,2,0.114,4.0,53.46,0
KL105041,DE,Paid Search,Basic,7,2,173,36.31,0.78,4,1,0.33,3.1,27.6,0
KL105042,DE,Organic,Premium,1,4,165,63.32,0.145,0,1,0.517,3.8,96.25,1
KL105043,DE,Social,Basic,31,3,186,33.12,0.772,4,1,0.301,4.2,37.76,0
KL105044,DE,Referral,Plus,3,8,159,48.17,0.131,0,0,0.044,4.5,146.44,0
KL105045,Other,Social,Plus,45,5,170,42.38,0.686,1,2,0.539,3.9,80.52,0
KL105046,DE,Paid Search,Basic,16,2,173,30.2,0.409,3,1,0.103,3.6,22.95,0
KL105047,CH,Paid Search,Plus,4,3,170,37.4,0.406,2,1,0.251,4.3,42.64,1
KL105048,DE,Referral,Basic,72,9,145,37.59,0.629,2,0,0.467,4.7,128.56,0
KL105049,Other,Organic,Basic,21,2,211,49.56,0.026,1,2,0.231,3.7,37.67,0
KL105050,DE,Organic,Plus,44,8,122,30.33,0.471,2,0,0.302,4.2,92.2,0
KL105051,DE,Social,Basic,47,5,191,28.55,0.33,1,0,0.279,4.8,54.24,0
KL105052,DE,Organic,Plus,6,3,260,39.69,0.237,0,3,0.355,4.4,45.25,1
KL105053,DE,Paid Search,Plus,9,4,195,45.57,0.658,2,0,0.076,5.0,69.27,0
KL105054,CH,Organic,Basic,14,7,174,15.1,0.462,2,0,0.41,4.7,40.17,1
KL105055,DE,Organic,Basic,31,7,116,19.56,0.334,1,0,0.249,3.7,52.03,0
KL105056,DE,Organic,Premium,9,6,198,78.81,0.223,0,0,0.17,4.9,179.69,0
KL105057,DE,Paid Search,Basic,22,6,152,39.72,0.27,5,1,0.338,3.7,90.56,0
KL105058,DE,Paid Search,Plus,7,7,201,29.19,0.463,2,1,0.316,4.3,77.65,1
KL105059,DE,Paid Search,Basic,2,1,275,43.77,0.261,0,2,0.756,3.4,16.63,1
KL105060,DE,Organic,Premium,2,6,148,59.05,0.19,1,1,0.64,3.9,134.63,0
KL105061,DE,Referral,Basic,9,3,173,34.7,0.531,3,0,0.316,4.3,39.56,0
KL105062,DE,Paid Search,Basic,11,1,231,27.13,0.194,2,0,0.647,4.7,10.31,1
KL105063,DE,Referral,Plus,21,3,152,44.1,0.817,2,0,0.393,,50.27,0
KL105064,Other,Paid Search,Basic,22,3,199,29.26,0.508,3,1,0.496,4.1,33.36,1
KL105065,DE,Organic,Plus,4,5,170,49.75,0.105,1,0,0.366,4.5,94.52,1
KL105066,AT,Social,Basic,10,4,185,24.08,0.617,4,2,0.101,4.2,36.6,1
KL105067,DE,Social,Basic,9,5,109,43.13,0.474,2,0,0.521,4.6,81.95,0
KL105068,DE,Organic,Basic,2,3,214,37.09,0.626,3,1,0.205,3.6,42.28,1
KL105069,DE,Paid Search,Plus,3,8,242,39.38,0.609,1,1,0.539,4.2,119.72,1
KL105070,DE,Social,Premium,63,11,117,65.61,0.211,2,0,0.598,4.9,274.25,0
KL105071,DE,Organic,Basic,2,3,146,29.27,0.9,3,0,0.252,4.4,33.37,0
KL105072,DE,Paid Search,Premium,37,4,216,62.04,0.415,3,0,0.104,3.6,94.3,0
KL105073,DE,Organic,Plus,42,7,134,39.61,0.372,0,3,0.435,,105.36,0
KL105074,Other,Organic,Basic,72,8,157,34.72,0.234,0,2,0.068,4.1,105.55,0
KL105075,DE,Social,Basic,2,2,179,33.03,0.479,0,0,0.534,,25.1,0
KL105076,DE,Paid Search,Basic,7,2,154,23.99,0.615,2,0,0.417,4.7,18.23,0
KL105077,DE,Social,Basic,6,1,223,28.84,0.406,2,0,0.46,4.6,10.96,1
KL105078,DE,Social,Plus,27,8,132,34.22,0.725,1,1,0.122,4.1,104.03,0
KL105079,AT,Referral,Plus,23,3,140,55.89,0.296,1,0,0.223,3.8,63.71,0
KL105080,DE,Paid Search,Basic,16,6,182,34.34,0.355,0,2,0.763,3.7,78.3,0
KL105081,DE,Paid Search,Plus,15,2,305,41.5,0.289,2,0,0.432,3.8,31.54,1
KL105082,DE,Organic,Basic,6,4,224,29.57,0.397,2,2,0.346,4.6,44.95,0
KL105083,DE,Paid Search,Premium,46,8,155,71.66,0.863,1,1,0.169,,217.85,0
KL105084,Other,Paid Search,Plus,23,6,278,37.86,0.131,1,0,0.497,3.9,86.32,0
KL105085,DE,Social,Basic,2,0,158,28.04,0.321,1,0,0.341,4.4,10.66,0
KL105086,CH,Paid Search,Plus,4,2,224,47.72,0.317,1,1,0.569,3.8,36.27,1
KL105087,DE,Organic,Basic,11,2,268,18.45,0.33,2,2,0.614,3.1,14.02,1
KL105088,Other,Social,Premium,71,4,152,69.48,0.155,0,1,0.267,4.4,105.61,0
KL105089,DE,Social,Basic,72,4,199,48.04,0.103,0,0,0.123,3.8,73.02,0
KL105090,DE,Paid Search,Premium,5,6,150,51.85,0.178,0,0,0.104,3.7,118.22,1
KL105091,AT,Social,Premium,64,6,160,72.34,0.267,1,0,0.248,4.5,164.94,0
KL105092,DE,Paid Search,Plus,6,4,202,32.24,0.426,1,0,0.623,4.4,49.0,1
KL105093,DE,Social,Plus,12,6,110,30.98,0.401,2,0,0.43,4.5,70.63,0
KL105094,Other,Paid Search,Plus,35,3,161,38.88,0.292,0,1,0.367,4.4,44.32,0
KL105095,DE,Paid Search,Basic,14,1,213,32.26,0.478,2,0,0.271,4.5,12.26,0
KL105096,AT,Organic,Premium,7,13,55,69.55,0.253,0,1,0.326,3.7,343.58,0
KL105097,AT,Organic,Basic,72,9,135,27.07,0.441,2,0,0.439,5.0,92.58,0
KL105098,CH,Social,Premium,14,5,127,56.46,0.505,0,1,0.328,3.9,107.27,0
KL105099,CH,Paid Search,Plus,36,6,121,40.87,0.314,3,1,0.37,4.2,93.18,0
KL105100,DE,Organic,Basic,13,2,236,13.5,0.779,1,1,0.588,4.0,10.26,0
KL105101,DE,Organic,Basic,13,4,191,34.74,0.432,0,1,0.047,4.4,52.8,0
KL105102,DE,Paid Search,Basic,9,2,196,24.87,0.173,0,1,0.249,4.0,18.9,1
KL105103,DE,Social,Basic,13,7,149,36.86,0.145,2,0,0.244,3.8,98.05,0
KL105104,CH,Paid Search,Plus,2,2,215,34.22,0.315,2,1,0.379,4.8,26.01,1
KL105105,DE,Social,Basic,4,2,187,32.3,0.293,1,0,0.182,4.3,24.55,1
KL105106,DE,Social,Premium,11,7,138,50.85,0.728,4,1,0.421,3.9,135.26,0
KL105107,DE,Paid Search,Basic,15,3,233,38.79,0.131,0,0,0.312,4.0,44.22,1
KL105108,DE,Social,Basic,8,6,150,31.53,0.527,1,1,0.303,3.6,71.89,0
KL105109,CH,Organic,Basic,38,9,195,25.1,0.199,1,1,0.087,3.9,85.84,0
KL105110,DE,Paid Search,Basic,72,5,161,24.51,0.405,1,1,0.298,4.7,46.57,0
KL105111,DE,Organic,Plus,41,5,206,39.48,0.305,1,1,0.41,4.6,75.01,1
KL105112,AT,Organic,Basic,4,1,221,27.99,0.303,1,0,0.162,4.3,10.64,1
KL105113,Other,Organic,Plus,8,5,200,29.25,0.738,7,2,0.194,3.4,55.58,0
KL105114,DE,Organic,Plus,22,4,198,39.35,0.334,1,0,0.194,5.0,59.81,1
KL105115,Other,Social,Basic,3,0,245,25.52,0.406,2,1,0.533,,9.7,1
KL105116,DE,Paid Search,Basic,11,1,263,36.14,0.248,2,1,0.212,5.0,13.73,1
KL105117,CH,Referral,Basic,6,1,181,23.83,0.199,0,1,0.339,4.5,9.06,0
KL105118,DE,Paid Search,Basic,49,7,216,19.76,,0,3,0.24,3.4,52.56,1
KL105119,DE,Paid Search,Plus,2,5,170,41.45,0.37,2,0,0.166,4.7,78.76,1
KL105120,AT,Organic,Basic,38,4,125,32.68,0.532,3,0,0.182,4.1,49.67,0
KL105121,DE,Paid Search,Basic,13,1,236,28.75,0.579,3,1,0.162,5.0,10.92,1
KL105122,DE,Paid Search,Plus,10,4,217,42.47,0.369,1,0,0.273,4.4,64.55,1
KL105123,DE,Referral,Basic,34,5,198,28.37,0.386,1,1,0.209,3.4,53.9,0
KL105124,DE,Referral,Premium,3,5,168,63.72,0.656,2,2,0.294,4.2,121.07,0
KL105125,DE,Organic,Plus,1,3,163,37.52,0.249,2,2,0.414,3.7,42.77,1
KL105126,DE,Paid Search,Plus,8,5,161,35.72,0.111,0,0,0.277,4.7,67.87,0
KL105127,DE,Paid Search,Plus,7,9,154,42.22,0.805,1,0,0.08,4.5,144.39,0
KL105128,CH,Paid Search,Basic,2,1,202,30.6,,1,0,0.318,4.0,11.63,1
KL105129,Other,Organic,Basic,12,2,167,28.53,0.686,6,2,0.629,3.5,21.68,0
KL105130,DE,Social,Plus,11,5,171,27.61,0.565,1,1,0.448,4.2,52.46,0
KL105131,DE,Social,Basic,2,1,183,35.43,0.783,1,0,0.316,4.3,13.46,1
KL105132,DE,Paid Search,Basic,7,5,156,17.01,0.582,3,2,0.346,4.0,32.32,0
KL105133,DE,Paid Search,Plus,4,4,213,31.44,0.586,1,1,0.574,3.9,47.79,1
KL105134,CH,Organic,Plus,21,9,106,33.63,0.809,5,1,0.299,4.2,115.01,0
KL105135,DE,Referral,Plus,2,1,224,38.57,0.054,0,0,0.635,4.4,14.66,1
KL105136,DE,Organic,Basic,15,3,177,27.1,0.683,0,0,0.075,4.6,30.89,0
KL105137,DE,Organic,Premium,10,6,181,72.82,0.313,1,0,0.192,5.0,166.03,0
KL105138,DE,Organic,Basic,22,4,156,35.94,0.529,2,1,0.294,4.3,54.63,0
KL105139,CH,Social,Premium,2,6,164,51.1,0.295,0,0,0.495,4.0,116.51,0
KL105140,AT,Social,Basic,15,5,150,13.64,0.281,2,2,0.389,3.5,25.92,1
KL105141,DE,Organic,Premium,7,7,174,73.57,0.706,2,1,0.159,4.1,195.7,0
KL105142,DE,Organic,Premium,42,8,92,63.58,0.419,1,1,0.355,3.5,193.28,0
KL105143,Other,Social,Basic,6,2,201,19.77,0.292,1,0,0.734,4.9,15.03,1
KL105144,DE,Paid Search,Plus,22,6,126,46.66,0.615,3,2,0.724,3.8,106.38,0
KL105145,CH,Organic,Basic,26,3,173,37.0,0.263,1,2,0.45,3.7,42.18,1
KL105146,CH,Referral,Basic,8,2,192,31.33,0.504,1,0,0.351,4.6,23.81,0
KL105147,DE,Organic,Basic,11,4,213,21.81,0.486,5,0,0.264,4.7,33.15,0
KL105148,CH,Paid Search,Plus,70,3,137,24.75,0.347,0,0,0.173,4.4,28.22,0
KL105149,DE,Organic,Basic,13,3,130,32.15,0.654,0,1,0.277,3.7,36.65,0
KL105150,AT,Social,Plus,17,6,211,41.0,0.421,3,1,0.255,4.2,93.48,1
KL105151,DE,Social,Premium,21,4,175,58.28,0.555,1,2,0.08,3.2,88.59,0
KL105152,DE,Paid Search,Premium,13,6,111,52.47,0.53,3,0,0.238,4.1,119.63,0
KL105153,DE,Social,Basic,6,4,173,29.78,0.447,0,3,0.24,1.8,45.27,1
KL105154,DE,Referral,Plus,20,4,171,37.59,0.152,0,1,0.243,3.4,57.14,0
KL105155,DE,Social,Basic,44,4,167,29.32,0.622,3,0,0.051,4.1,44.57,0
KL105156,DE,Paid Search,Basic,22,1,219,35.29,0.173,1,2,0.167,3.8,13.41,1
KL105157,DE,Paid Search,Premium,33,11,72,59.55,0.355,3,2,0.589,4.4,248.92,0
KL105158,DE,Referral,Premium,13,10,141,81.95,0.58,1,1,0.505,3.3,311.41,0
KL105159,DE,Organic,Basic,47,6,155,27.11,0.376,0,0,0.392,4.6,61.81,0
KL105160,Other,Organic,Basic,3,5,177,34.03,0.563,1,0,0.097,3.7,64.66,0
KL105161,Other,Organic,Basic,22,2,234,23.77,0.052,1,1,0.515,3.3,18.07,1
KL105162,DE,Social,Basic,1,2,238,32.67,0.225,0,0,0.67,5.0,24.83,1
KL105163,DE,Organic,Basic,9,4,243,20.78,0.213,2,0,0.413,4.7,31.59,0
KL105164,AT,Organic,Basic,23,2,136,33.24,0.439,1,0,0.115,5.0,25.26,0
KL105165,AT,Paid Search,Basic,44,4,200,47.92,0.206,1,1,0.453,4.6,72.84,0
KL105166,DE,Organic,Basic,10,0,246,19.3,0.291,3,1,0.362,3.3,7.33,1
KL105167,AT,Organic,Plus,7,9,126,23.39,0.165,0,1,0.608,4.3,79.99,0
KL105168,DE,Paid Search,Plus,5,4,186,37.12,0.609,1,2,0.174,4.0,56.42,0
KL105169,DE,Organic,Plus,9,4,233,44.38,0.766,4,2,0.13,3.4,67.46,0
KL105170,AT,Referral,Basic,6,2,196,28.72,0.656,3,1,0.357,4.1,21.83,1
KL105171,AT,Organic,Plus,8,6,216,38.62,0.474,3,2,0.398,4.1,88.05,0
KL105172,CH,Social,Basic,27,3,193,36.59,0.365,0,0,0.369,5.0,41.71,0
KL105173,DE,Paid Search,Premium,23,8,171,61.38,0.141,1,0,0.258,4.6,186.6,0
KL105174,DE,Organic,Basic,4,5,211,35.04,0.24,2,1,0.447,3.9,66.58,1
KL105175,DE,Organic,Premium,5,8,117,61.98,0.512,1,2,0.251,3.6,188.42,1
KL105176,DE,Paid Search,Basic,11,5,194,20.82,0.376,1,1,0.032,4.2,39.56,1
KL105177,DE,Paid Search,Plus,42,8,138,42.95,0.326,1,0,0.289,3.6,130.57,0
KL105178,DE,Organic,Basic,13,2,245,29.36,0.552,3,2,0.293,,22.31,0
KL105179,DE,Referral,Plus,13,4,176,56.92,0.405,2,1,0.156,3.6,86.52,0
KL105180,AT,Paid Search,Plus,43,4,176,45.43,0.422,1,1,0.247,4.3,69.05,0
KL105181,DE,Referral,Basic,6,1,182,30.23,0.455,2,1,0.116,3.5,11.49,1
KL105182,DE,Organic,Plus,37,3,194,42.92,,5,0,0.414,4.2,48.93,0
KL105183,AT,Organic,Basic,72,5,199,23.5,0.624,3,0,0.327,4.1,44.65,0
KL105184,DE,Paid Search,Plus,65,7,166,40.05,0.336,2,0,0.552,3.3,106.53,0
KL105185,CH,Organic,Basic,40,3,273,23.8,0.059,1,1,0.178,3.8,27.13,1
KL105186,DE,Organic,Plus,7,5,164,43.06,0.692,2,1,0.102,4.1,81.81,0
KL105187,DE,Organic,Premium,72,7,133,52.71,0.623,1,1,0.387,4.1,140.21,0
KL105188,CH,Organic,Basic,25,4,183,14.14,0.547,4,1,0.382,3.7,21.49,0
KL105189,DE,Social,Plus,6,6,184,35.96,0.424,1,1,0.11,3.5,81.99,0
KL105190,DE,Organic,Premium,12,4,143,58.06,0.139,0,0,0.234,4.5,88.25,0
KL105191,AT,Referral,Plus,6,5,226,44.32,0.22,1,1,0.603,3.4,84.21,1
KL105192,DE,Organic,Basic,51,5,171,23.4,0.403,1,0,0.075,4.2,44.46,0
KL105193,AT,Paid Search,Basic,6,2,263,32.2,0.329,2,1,0.228,,24.47,1
KL105194,CH,Paid Search,Basic,12,2,251,22.83,0.601,4,0,0.17,4.3,17.35,0
KL105195,Other,Paid Search,Basic,24,5,203,45.52,0.565,4,0,0.208,5.0,86.49,1
KL105196,DE,Social,Basic,26,4,187,25.81,0.742,4,1,0.231,3.8,39.23,0
KL105197,DE,Social,Plus,38,9,113,45.09,0.238,0,2,0.383,4.1,154.21,0
KL105198,AT,Organic,Plus,6,1,190,36.78,0.165,0,3,0.281,3.0,13.98,1
KL105199,DE,Paid Search,Plus,11,3,158,38.51,0.33,1,2,0.176,4.1,43.9,1
KL105200,DE,Social,Basic,12,3,157,31.31,0.251,2,0,0.72,4.5,35.69,0
KL105201,DE,Organic,Basic,36,5,190,27.96,0.45,0,1,0.229,4.3,53.12,0
KL105202,DE,Paid Search,Plus,34,8,167,47.8,0.588,3,1,0.255,4.6,145.31,0
KL105203,DE,Organic,Plus,12,8,102,50.11,0.465,3,0,0.254,3.9,152.33,0
KL105204,DE,Paid Search,Premium,9,3,179,81.46,0.1,0,0,0.574,4.3,92.86,0
KL105205,DE,Paid Search,Plus,24,3,168,47.73,0.204,0,1,0.341,3.7,54.41,0
KL105206,DE,Paid Search,Basic,70,12,175,28.29,0.467,1,0,0.654,4.6,129.0,0
KL105207,Other,Referral,Plus,32,8,83,38.71,0.612,2,2,0.344,4.1,117.68,0
KL105208,DE,Paid Search,Plus,8,9,215,36.38,0.401,3,0,0.391,4.0,124.42,0
KL105209,DE,Referral,Basic,11,2,224,24.69,0.254,0,3,0.227,3.4,18.76,1
KL105210,DE,Social,Plus,14,5,90,43.72,0.182,1,0,0.211,4.1,83.07,0
KL105211,DE,Paid Search,Basic,13,4,166,37.33,,0,1,0.411,3.1,56.74,0
KL105212,Other,Paid Search,Basic,7,4,204,30.93,0.239,0,1,0.495,3.9,47.01,1
KL105213,CH,Paid Search,Basic,6,2,180,25.71,0.516,3,1,0.2,4.4,19.54,0
KL105214,DE,Social,Plus,37,3,186,32.4,0.691,1,1,0.443,3.5,36.94,0
KL105215,DE,Organic,Plus,30,6,252,35.71,0.243,2,0,0.685,3.2,81.42,1
KL105216,DE,Referral,Basic,72,6,157,29.72,0.664,2,0,0.328,4.3,67.76,0
KL105217,DE,Paid Search,Plus,25,3,158,46.46,0.223,3,0,0.128,4.0,52.96,0
KL105218,DE,Paid Search,Plus,25,6,204,49.55,0.567,3,0,0.05,4.1,112.97,0
KL105219,DE,Paid Search,Basic,32,2,155,35.55,0.153,1,0,0.333,3.9,27.02,0
KL105220,DE,Paid Search,Basic,72,8,181,19.91,0.601,5,0,0.253,5.0,60.53,0
KL105221,DE,Social,Basic,7,3,216,22.43,0.724,5,0,0.07,,25.57,0
KL105222,DE,Social,Basic,7,1,276,34.82,0.153,1,0,0.645,4.8,13.23,1
KL105223,DE,Organic,Premium,2,11,147,73.32,0.46,2,0,0.355,4.6,306.48,0
KL105224,DE,Paid Search,Plus,33,2,196,41.92,0.18,0,1,0.21,4.0,31.86,1
KL105225,DE,Paid Search,Basic,27,3,195,40.8,0.52,3,0,0.228,5.0,46.51,0
KL105226,DE,Paid Search,Plus,45,5,255,51.17,0.755,7,0,0.293,4.5,97.22,0
KL105227,DE,Paid Search,Basic,8,2,206,33.4,0.257,0,0,0.519,4.1,25.38,1
KL105228,DE,Organic,Basic,21,2,197,30.77,0.56,4,1,0.149,3.3,23.39,0
KL105229,DE,Social,Basic,35,3,194,14.35,0.123,0,1,0.092,,16.36,0
KL105230,CH,Paid Search,Basic,2,2,221,20.53,,4,0,0.049,5.0,15.6,1
KL105231,CH,Paid Search,Basic,7,3,183,27.25,0.669,2,2,0.527,4.2,31.06,0
KL105232,DE,Social,Basic,30,7,128,40.92,0.266,0,1,0.703,4.2,108.85,0
KL105233,DE,Social,Basic,12,2,181,38.6,0.221,0,0,0.117,4.5,29.34,0
KL105234,AT,Social,Basic,31,11,101,22.37,0.686,6,0,0.467,4.1,93.51,0
KL105235,AT,Organic,Plus,30,4,183,49.78,0.191,0,0,0.305,4.4,75.67,0
KL105236,DE,Organic,Basic,14,4,167,20.86,0.595,2,2,0.132,3.5,31.71,1
KL105237,DE,Social,Basic,17,3,190,8.0,0.395,2,0,0.151,4.5,9.12,0
KL105238,DE,Organic,Basic,13,1,207,43.43,0.718,2,2,0.352,3.4,16.5,1
KL105239,DE,Organic,Premium,72,10,149,47.17,0.16,0,0,0.526,3.0,179.25,0
KL105240,DE,Organic,Basic,6,3,162,8.0,0.593,1,0,0.176,5.0,9.12,0
KL105241,DE,Organic,Plus,16,3,256,43.97,0.506,2,1,0.461,3.7,50.13,1
KL105242,DE,Referral,Basic,33,4,232,25.46,0.444,1,1,0.669,4.2,38.7,1
KL105243,DE,Organic,Basic,7,1,231,30.79,,2,0,0.078,4.2,11.7,1
KL105244,DE,Organic,Plus,13,6,198,56.84,0.263,0,0,0.66,3.9,129.6,1
KL105245,AT,Referral,Plus,2,4,148,49.75,0.231,0,1,0.054,3.1,75.62,0
KL105246,DE,Referral,Premium,19,5,160,69.41,0.197,0,0,0.338,3.5,131.88,0
KL105247,DE,Organic,Basic,23,3,179,21.01,0.65,2,1,0.38,4.6,23.95,0
KL105248,DE,Referral,Basic,22,3,146,23.99,0.351,1,0,0.297,,27.35,0
KL105249,CH,Organic,Plus,4,4,175,46.63,0.254,0,1,0.252,3.5,70.88,0
KL105250,DE,Social,Basic,6,3,276,24.54,0.71,3,3,0.049,2.6,27.98,1
KL105251,DE,Organic,Plus,9,5,184,48.4,0.357,1,1,0.348,3.6,91.96,0
KL105252,DE,Paid Search,Plus,25,5,234,43.79,,1,0,0.223,3.8,83.2,0
KL105253,CH,Organic,Basic,27,7,215,26.43,0.56,5,0,0.25,4.7,70.3,0
KL105254,AT,Social,Plus,20,1,179,50.98,0.637,2,0,0.095,4.5,19.37,1
KL105255,CH,Organic,Basic,29,3,197,26.05,0.273,2,2,0.648,3.7,29.7,1
KL105256,DE,Paid Search,Basic,28,2,190,17.06,0.225,1,0,0.379,4.6,12.97,1
KL105257,DE,Social,Premium,13,3,229,74.93,0.356,1,0,0.104,5.0,85.42,0
KL105258,DE,Organic,Basic,15,4,204,28.05,0.356,0,1,0.234,3.5,42.64,0
KL105259,DE,Referral,Basic,18,3,254,26.2,0.688,4,2,0.576,3.1,29.87,0
KL105260,AT,Paid Search,Plus,8,3,203,41.0,0.144,1,0,0.405,4.7,46.74,0
KL105261,DE,Organic,Basic,2,2,233,23.43,0.366,1,0,0.684,4.3,17.81,1
KL105262,DE,Organic,Basic,3,5,157,48.93,0.133,0,1,0.335,4.9,92.97,0
KL105263,CH,Organic,Basic,18,5,129,17.62,0.551,2,1,0.526,3.8,33.48,0
KL105264,DE,Organic,Basic,64,6,195,30.88,,0,2,0.164,4.1,70.41,0
KL105265,DE,Paid Search,Basic,29,5,185,29.65,0.292,1,1,0.384,3.9,56.34,0
KL105266,DE,Paid Search,Plus,72,5,199,48.43,0.416,2,1,0.341,3.9,92.02,0
KL105267,CH,Paid Search,Basic,50,5,230,25.16,0.872,4,2,0.361,3.1,47.8,0
KL105268,CH,Paid Search,Premium,23,8,168,74.92,0.683,4,1,0.114,4.9,227.76,0
KL105269,DE,Social,Basic,30,6,201,25.33,0.494,2,0,0.832,3.9,57.75,0
KL105270,Other,Organic,Basic,1,3,232,24.06,0.329,3,0,0.188,3.7,27.43,1
KL105271,CH,Paid Search,Premium,17,5,175,65.68,0.622,1,0,0.528,4.1,124.79,0
KL105272,CH,Referral,Plus,14,5,159,44.79,0.648,0,1,0.443,3.5,85.1,0
KL105273,CH,Organic,Basic,12,2,273,36.76,0.478,4,0,0.442,4.6,27.94,0
KL105274,DE,Paid Search,Basic,30,5,194,17.65,0.708,1,1,0.05,3.4,33.54,0
KL105275,AT,Referral,Plus,8,4,198,49.37,0.492,2,0,0.179,4.5,75.04,0
KL105276,DE,Paid Search,Basic,13,2,170,35.9,0.296,4,2,0.492,4.5,27.28,0
KL105277,AT,Referral,Basic,14,5,189,33.88,0.3,1,0,0.346,4.7,64.37,0
KL105278,DE,Organic,Plus,4,3,207,41.49,0.33,1,0,0.58,4.6,47.3,0
KL105279,AT,Paid Search,Plus,7,1,179,38.12,0.202,1,2,0.486,3.7,14.49,1
KL105280,Other,Organic,Plus,13,5,206,46.0,0.795,2,2,0.532,4.0,87.4,0
KL105281,DE,Organic,Basic,7,4,179,29.88,0.12,0,0,0.4,5.0,45.42,1
KL105282,Other,Referral,Premium,13,7,87,53.16,0.317,0,0,0.069,3.3,141.41,0
KL105283,DE,Organic,Basic,4,2,186,35.3,0.25,2,2,0.249,3.1,26.83,1
KL105284,DE,Referral,Plus,4,5,214,36.6,0.355,0,2,0.295,3.9,69.54,1
KL105285,DE,Social,Basic,29,2,173,22.88,0.129,0,1,0.154,4.7,17.39,0
KL105286,CH,Referral,Plus,17,4,273,50.6,0.461,1,2,0.17,4.2,76.91,1
KL105287,DE,Referral,Plus,4,5,197,43.39,0.48,0,2,0.243,4.6,82.44,1
KL105288,DE,Paid Search,Basic,14,4,266,26.74,0.466,4,2,0.524,3.9,40.64,0
KL105289,DE,Referral,Plus,18,5,141,39.09,0.611,3,3,0.172,3.4,74.27,0
KL105290,DE,Social,Premium,9,5,138,63.12,0.64,2,0,0.458,5.0,119.93,0
KL105291,DE,Paid Search,Basic,2,3,188,27.81,0.399,1,1,0.471,4.5,31.7,0
KL105292,CH,Social,Basic,3,4,144,41.23,0.417,2,1,0.23,4.6,62.67,0
KL105293,AT,Organic,Basic,3,4,172,12.61,0.374,1,1,0.388,3.1,19.17,1
KL105294,CH,Organic,Plus,50,7,220,62.15,0.354,1,1,0.398,3.8,165.32,0
KL105295,DE,Organic,Plus,3,6,161,60.76,0.459,2,1,0.168,4.0,138.53,0
KL105296,Other,Paid Search,Basic,27,3,140,25.13,0.289,1,0,0.352,4.2,28.65,0
KL105297,DE,Organic,Basic,18,3,207,29.52,0.616,3,0,0.523,5.0,33.65,1
KL105298,DE,Paid Search,Plus,52,10,186,43.5,0.694,2,0,0.442,3.9,165.3,0
KL105299,DE,Social,Basic,31,3,131,36.57,0.518,2,2,0.086,4.5,41.69,0
KL105300,DE,Social,Basic,15,1,165,29.13,0.286,1,1,0.158,3.2,11.07,0
KL105301,DE,Referral,Basic,23,4,190,31.09,0.307,5,1,0.164,3.7,47.26,1
KL105302,AT,Referral,Plus,3,4,146,51.49,0.78,2,0,0.422,4.4,78.26,0
KL105303,DE,Referral,Premium,14,7,158,49.53,0.332,0,0,0.116,4.9,131.75,0
KL105304,DE,Paid Search,Plus,3,5,230,40.77,0.354,3,0,0.217,4.0,77.46,0
KL105305,AT,Organic,Basic,25,3,183,29.87,0.567,1,2,0.192,2.9,34.05,0
KL105306,Other,Referral,Plus,3,2,220,39.44,0.712,3,0,0.712,4.4,29.97,0
KL105307,DE,Organic,Basic,13,5,199,14.43,0.323,2,2,0.199,3.6,27.42,0
KL105308,DE,Organic,Premium,7,9,120,65.38,0.674,2,1,0.264,4.1,223.6,0
KL105309,DE,Organic,Basic,6,3,159,23.67,0.139,1,0,0.152,4.1,26.98,0
KL105310,DE,Paid Search,Premium,4,12,159,61.61,0.168,1,1,0.301,3.6,280.94,0
KL105311,DE,Social,Premium,47,13,118,64.96,0.827,6,0,0.235,4.2,320.9,0
KL105312,DE,Organic,Premium,44,11,139,51.51,0.811,3,0,0.209,4.1,215.31,0
KL105313,AT,Social,Basic,21,5,179,25.71,0.369,1,0,0.654,4.0,48.85,0
KL105314,DE,Organic,Plus,35,5,176,36.59,0.358,1,0,0.221,4.2,69.52,0
KL105315,DE,Organic,Plus,2,5,187,31.76,0.442,2,2,0.43,3.5,60.34,0
KL105316,DE,Organic,Basic,13,4,149,32.05,,1,0,0.34,3.5,48.72,0
KL105317,CH,Organic,Basic,5,2,218,17.76,0.285,0,2,0.219,3.6,13.5,1
KL105318,DE,Social,Plus,13,4,153,46.42,0.559,2,0,0.15,3.6,70.56,0
KL105319,DE,Organic,Premium,18,6,253,72.06,0.353,0,1,0.53,4.5,164.3,1
KL105320,DE,Organic,Plus,3,0,241,41.13,0.477,4,1,0.424,3.7,15.63,1
KL105321,AT,Organic,Basic,3,3,206,36.79,0.619,3,0,0.479,4.6,41.94,0
KL105322,CH,Social,Plus,10,4,151,60.57,0.411,3,0,0.084,4.4,92.07,0
KL105323,DE,Referral,Basic,9,5,219,32.6,0.505,2,0,0.246,4.3,61.94,0
KL105324,DE,Social,Basic,7,3,179,25.57,0.677,2,1,0.392,,29.15,0
KL105325,DE,Paid Search,Plus,3,5,201,51.47,0.577,3,1,0.4,4.0,97.79,0
KL105326,DE,Referral,Plus,5,7,141,26.51,0.24,1,1,0.405,4.4,70.52,0
KL105327,Other,Organic,Plus,4,4,121,60.75,0.414,3,3,0.158,3.2,92.34,0
KL105328,DE,Organic,Plus,1,3,250,42.81,0.674,4,1,0.13,4.1,48.8,0
KL105329,DE,Paid Search,Basic,5,4,208,30.29,0.416,2,1,0.305,4.4,46.04,0
KL105330,CH,Organic,Plus,71,10,126,29.52,0.54,1,1,0.294,4.0,112.18,0
KL105331,AT,Paid Search,Basic,47,6,241,35.33,0.222,2,0,0.528,3.8,80.55,1
KL105332,DE,Paid Search,Premium,6,9,147,65.99,0.283,3,1,0.379,4.7,225.69,0
KL105333,DE,Organic,Premium,22,9,190,63.94,0.208,1,0,0.3,5.0,218.67,0
KL105334,DE,Paid Search,Premium,20,8,99,60.03,0.44,1,0,0.349,4.6,182.49,0
KL105335,CH,Paid Search,Premium,8,9,137,57.92,0.186,1,2,0.182,3.8,198.09,0
KL105336,AT,Organic,Plus,60,8,146,36.11,0.238,1,0,0.294,3.9,109.77,0
KL105337,AT,Social,Basic,72,5,145,15.02,0.334,0,0,0.515,4.2,28.54,0
KL105338,CH,Social,Plus,4,5,149,43.62,0.686,0,2,0.07,3.4,82.88,0
KL105339,DE,Organic,Basic,18,2,209,40.69,0.794,3,2,0.267,4.6,30.92,0
KL105340,DE,Organic,Plus,12,1,206,45.16,,1,1,0.136,4.1,17.16,0
KL105341,DE,Organic,Basic,29,0,213,21.44,0.506,1,1,0.331,,8.15,1
KL105342,CH,Organic,Premium,1,4,170,67.62,0.43,1,1,0.692,3.1,102.78,0
KL105343,DE,Organic,Plus,16,6,208,20.78,0.533,0,1,0.628,,47.38,0
KL105344,DE,Organic,Plus,7,6,128,55.64,0.785,4,1,0.393,,126.86,0
KL105345,DE,Social,Basic,22,2,206,23.52,0.354,2,1,0.131,3.9,17.88,0
KL105346,AT,Social,Plus,8,3,180,46.11,0.309,1,0,0.478,3.9,52.57,0
KL105347,AT,Social,Premium,31,7,145,64.55,0.769,4,0,0.622,4.3,171.7,0
KL105348,AT,Paid Search,Basic,3,4,112,32.65,0.579,1,1,0.359,4.7,49.63,0
KL105349,DE,Social,Basic,8,0,219,46.65,0.115,0,2,0.175,3.8,17.73,1
KL105350,CH,Social,Basic,9,2,183,10.89,0.878,7,2,0.316,3.9,8.28,0
KL105351,AT,Referral,Plus,24,4,198,44.07,0.104,0,4,0.555,2.8,66.99,1
KL105352,AT,Social,Plus,13,8,264,44.28,0.658,3,0,0.241,4.3,134.61,1
KL105353,AT,Social,Plus,39,3,202,38.97,0.496,3,0,0.24,4.9,44.43,0
KL105354,CH,Social,Basic,27,3,212,22.07,0.264,0,1,0.409,4.2,25.16,1
KL105355,Other,Paid Search,Basic,39,3,169,35.64,0.056,0,2,0.285,3.1,40.63,0
KL105356,DE,Organic,Premium,49,6,178,64.72,0.522,1,0,0.062,4.3,147.56,0
KL105357,DE,Organic,Plus,3,7,160,42.0,0.466,2,0,0.452,4.9,111.72,0
KL105358,DE,Paid Search,Basic,10,2,175,25.59,0.39,2,1,0.317,3.6,19.45,0
KL105359,CH,Organic,Basic,29,5,148,26.73,0.679,2,0,0.158,4.6,50.79,0
KL105360,AT,Organic,Basic,2,7,181,32.88,0.757,2,1,0.314,3.0,87.46,0
KL105361,DE,Organic,Plus,10,3,172,46.55,0.558,1,0,0.105,4.1,53.07,0
KL105362,DE,Organic,Plus,16,6,139,35.78,0.321,3,1,0.08,3.3,81.58,0
KL105363,CH,Referral,Plus,5,4,234,39.58,0.552,4,1,0.599,4.2,60.16,1
KL105364,CH,Paid Search,Plus,16,4,242,50.15,0.125,0,1,0.211,4.2,76.23,1
KL105365,Other,Organic,Premium,9,5,147,78.46,,0,1,0.425,4.3,149.07,1
KL105366,DE,Paid Search,Basic,3,4,225,41.47,0.211,2,0,0.173,,63.03,1
KL105367,CH,Organic,Basic,12,1,155,40.85,0.49,5,0,0.556,4.3,15.52,0
KL105368,CH,Social,Basic,30,5,147,29.59,0.479,4,0,0.22,4.6,56.22,0
KL105369,DE,Paid Search,Premium,3,10,97,73.28,0.247,1,2,0.332,3.1,278.46,0
KL105370,DE,Organic,Plus,5,6,154,44.93,0.807,3,0,0.124,5.0,102.44,0
KL105371,Other,Paid Search,Plus,11,10,140,36.09,0.552,5,2,0.516,3.5,137.14,0
KL105372,DE,Organic,Plus,12,6,128,41.02,0.184,0,1,0.268,3.8,93.53,0
KL105373,DE,Social,Basic,9,3,181,26.36,0.332,1,1,0.115,3.7,30.05,0
KL105374,AT,Referral,Basic,29,0,187,35.4,0.706,1,0,0.388,4.5,13.45,0
KL105375,AT,Referral,Plus,10,4,196,48.37,0.228,0,1,0.299,3.9,73.52,1
KL105376,DE,Organic,Premium,66,7,168,64.18,0.301,1,0,0.4,4.2,170.72,0
KL105377,AT,Social,Basic,49,4,237,26.19,0.424,1,1,0.4,4.7,39.81,1
KL105378,DE,Social,Basic,14,2,143,22.55,0.415,0,0,0.31,4.7,17.14,0
KL105379,CH,Social,Premium,10,8,196,62.38,0.08,0,1,0.552,4.4,189.64,0
KL105380,DE,Organic,Plus,17,6,212,41.15,0.287,0,2,0.397,3.2,93.82,0
KL105381,AT,Paid Search,Plus,17,5,161,44.63,0.47,1,2,0.476,3.2,84.8,0
KL105382,CH,Organic,Basic,8,3,183,28.91,0.217,0,0,0.651,4.7,32.96,0
KL105383,DE,Organic,Basic,13,1,223,21.57,0.349,1,0,0.383,,8.2,1
KL105384,DE,Social,Basic,65,4,223,24.11,0.224,0,0,0.058,4.6,36.65,0
KL105385,CH,Paid Search,Basic,2,3,124,27.13,0.165,0,3,0.624,3.7,30.93,1
KL105386,DE,Organic,Plus,27,4,172,46.05,0.303,1,0,0.122,4.2,70.0,0
KL105387,DE,Social,Plus,3,8,171,38.02,0.575,6,0,0.353,5.0,115.58,0
KL105388,DE,Paid Search,Plus,31,7,166,30.28,0.332,2,0,0.172,4.4,80.54,0
KL105389,Other,Referral,Basic,39,4,189,19.09,0.208,0,0,0.219,3.7,29.02,0
KL105390,DE,Social,Basic,28,5,123,30.56,0.363,3,3,0.265,3.2,58.06,0
KL105391,DE,Social,Plus,12,4,170,45.72,0.093,0,0,0.33,4.5,69.49,1
KL105392,Other,Social,Basic,20,5,166,23.31,0.39,4,2,0.271,3.1,44.29,0
KL105393,DE,Organic,Basic,6,2,173,20.08,0.635,2,2,0.414,3.8,15.26,0
KL105394,DE,Organic,Basic,11,2,243,16.77,0.247,0,1,0.191,4.5,12.75,1
KL105395,DE,Referral,Basic,27,3,183,17.15,0.462,1,3,0.321,2.9,19.55,1
KL105396,DE,Organic,Basic,48,6,142,24.91,0.409,3,0,0.114,4.3,56.79,0
KL105397,DE,Paid Search,Basic,27,5,249,15.42,0.165,2,0,0.339,5.0,29.3,1
KL105398,AT,Paid Search,Premium,9,4,204,66.29,0.559,4,2,0.15,3.6,100.76,0
KL105399,DE,Organic,Basic,7,4,194,32.09,0.331,1,0,0.387,4.2,48.78,0
KL105400,AT,Organic,Plus,37,4,183,31.08,0.08,0,0,0.632,4.6,47.24,0
KL105401,DE,Paid Search,Plus,1,7,140,33.72,0.42,0,0,0.296,3.8,89.7,0
KL105402,DE,Paid Search,Plus,28,1,183,41.26,0.703,2,0,0.561,4.0,15.68,0
KL105403,DE,Social,Plus,72,7,123,35.51,0.195,1,0,0.344,5.0,94.46,0
KL105404,DE,Organic,Basic,5,4,176,29.53,0.756,6,1,0.85,4.0,44.89,0
KL105405,AT,Paid Search,Basic,8,1,159,35.87,0.457,2,1,0.667,4.1,13.63,0
KL105406,DE,Organic,Plus,20,3,227,40.36,0.458,2,1,0.251,,46.01,0
KL105407,DE,Paid Search,Premium,8,4,164,51.38,0.792,1,1,0.293,3.2,78.1,0
KL105408,DE,Organic,Basic,3,0,250,29.34,0.614,0,1,0.385,3.7,11.15,0
KL105409,CH,Organic,Basic,3,3,167,25.28,0.316,0,1,0.062,,28.82,0
KL105410,DE,Social,Premium,6,2,218,69.25,0.466,1,3,0.376,3.2,52.63,1
KL105411,CH,Organic,Plus,6,4,139,60.6,0.286,2,1,0.16,4.1,92.11,0
KL105412,DE,Social,Plus,6,3,174,34.33,0.283,2,1,0.021,4.1,39.14,0
KL105413,DE,Organic,Plus,1,3,178,36.14,0.07,1,0,0.87,4.3,41.2,1
KL105414,AT,Organic,Premium,22,9,157,67.3,0.682,2,0,0.242,4.2,230.17,0
KL105415,DE,Organic,Plus,11,4,144,48.92,,2,1,0.308,4.5,74.36,0
KL105416,DE,Referral,Plus,7,2,255,58.32,0.457,2,0,0.347,3.8,44.32,0
KL105417,Other,Paid Search,Plus,3,6,171,38.63,0.188,2,1,0.124,3.3,88.08,0
KL105418,DE,Organic,Basic,19,5,178,21.03,0.625,3,2,0.443,3.3,39.96,0
KL105419,DE,Paid Search,Premium,7,8,105,58.66,0.594,3,0,0.664,4.0,178.33,0
KL105420,DE,Paid Search,Premium,9,7,175,61.49,0.29,4,1,0.274,3.6,163.56,0
KL105421,DE,Social,Plus,37,2,242,40.02,0.418,2,1,0.251,3.4,30.42,1
KL105422,CH,Referral,Basic,8,4,155,29.36,0.219,0,1,0.25,4.3,44.63,0
KL105423,DE,Paid Search,Plus,2,6,151,42.25,0.515,0,0,0.31,4.7,96.33,0
KL105424,Other,Paid Search,Basic,12,5,171,17.77,0.311,1,1,0.295,4.2,33.76,0
KL105425,AT,Paid Search,Plus,11,4,177,29.75,0.17,0,0,0.742,4.6,45.22,0
KL105426,Other,Referral,Basic,7,2,171,27.13,0.527,3,0,0.922,4.7,20.62,1
KL105427,CH,Paid Search,Plus,1,5,194,35.9,0.363,2,1,0.172,4.0,68.21,0
KL105428,Other,Organic,Premium,14,5,221,60.23,0.748,2,1,0.247,3.9,114.44,0
KL105429,DE,Referral,Basic,46,3,193,35.05,0.262,0,0,0.3,4.7,39.96,0
KL105430,DE,Referral,Plus,5,4,156,47.25,0.537,2,0,0.314,4.4,71.82,0
KL105431,DE,Paid Search,Premium,1,5,141,62.08,0.429,2,1,0.187,3.4,117.95,0
KL105432,AT,Paid Search,Basic,25,2,289,36.13,,3,1,0.087,4.1,27.46,1
KL105433,DE,Social,Basic,7,2,189,36.67,0.362,3,0,0.461,4.8,27.87,1
KL105434,AT,Social,Basic,13,3,214,38.94,0.643,5,0,0.197,4.5,44.39,0
KL105435,DE,Paid Search,Plus,40,8,98,54.46,0.52,2,1,0.284,4.0,165.56,0
KL105436,CH,Organic,Basic,14,3,169,26.36,0.153,0,1,0.147,3.2,30.05,1
KL105437,DE,Organic,Basic,15,5,218,36.87,0.539,4,1,0.33,4.3,70.05,0
KL105438,Other,Organic,Basic,8,3,165,25.56,0.789,1,0,0.36,3.9,29.14,0
KL105439,DE,Organic,Basic,7,1,183,37.71,0.285,1,1,0.245,4.4,14.33,1
KL105440,DE,Social,Basic,10,2,216,26.1,0.415,4,0,0.071,4.5,19.84,0
KL105441,CH,Organic,Plus,11,5,157,42.15,0.642,1,1,0.23,4.7,80.09,0
KL105442,CH,Paid Search,Basic,7,1,231,19.97,0.643,3,0,0.111,4.8,7.59,1
KL105443,AT,Social,Plus,23,6,149,33.89,0.204,1,1,0.228,4.1,77.27,0
KL105444,Other,Paid Search,Plus,27,6,168,45.26,0.165,0,0,0.237,4.4,103.19,0
KL105445,DE,Organic,Premium,2,1,235,72.76,0.328,0,0,0.223,4.4,27.65,0
KL105446,CH,Referral,Basic,9,2,188,19.72,0.36,2,0,0.106,4.0,14.99,0
KL105447,DE,Organic,Plus,13,4,144,52.61,0.537,2,0,0.193,5.0,79.97,0
KL105448,DE,Referral,Plus,13,3,181,51.71,0.354,2,0,0.302,4.1,58.95,0
KL105449,DE,Organic,Plus,36,8,121,45.18,0.408,1,0,0.447,4.6,137.35,0
KL105450,DE,Paid Search,Basic,9,1,195,35.6,0.383,2,1,0.067,3.8,13.53,1
KL105451,DE,Paid Search,Basic,30,3,196,23.8,0.332,2,0,0.561,4.1,27.13,1
KL105452,AT,Paid Search,Plus,4,5,180,30.64,0.69,7,0,0.327,4.3,58.22,0
KL105453,DE,Paid Search,Basic,72,7,196,23.82,0.479,4,1,0.242,4.6,63.36,0
KL105454,Other,Organic,Premium,11,5,153,74.51,0.17,0,0,0.411,4.7,141.57,0
KL105455,DE,Paid Search,Plus,50,5,179,52.11,0.291,0,0,0.169,4.4,99.01,0
KL105456,DE,Organic,Plus,44,6,220,32.54,0.459,1,0,0.488,5.0,74.19,0
KL105457,AT,Social,Premium,4,8,167,55.42,0.246,1,1,0.159,3.3,168.48,0
KL105458,DE,Paid Search,Plus,37,5,213,34.87,0.366,3,0,0.188,4.7,66.25,0
KL105459,DE,Paid Search,Basic,27,1,210,12.49,0.316,0,0,0.19,3.5,4.75,1
KL105460,AT,Organic,Basic,9,5,208,23.12,0.296,5,1,0.418,3.8,43.93,1
KL105461,DE,Paid Search,Plus,35,8,150,45.85,0.51,6,3,0.511,3.4,139.38,0
KL105462,DE,Paid Search,Basic,30,1,163,8.0,0.264,1,0,0.516,4.3,3.04,0
KL105463,AT,Organic,Premium,72,8,179,64.39,0.479,1,1,0.159,3.8,195.75,0
KL105464,DE,Social,Basic,1,4,201,39.33,0.09,0,0,0.054,4.3,59.78,0
KL105465,CH,Organic,Basic,31,7,165,35.29,0.121,0,1,0.116,3.7,93.87,0
KL105466,CH,Organic,Plus,4,7,131,45.18,0.703,3,0,0.377,4.1,120.18,0
KL105467,DE,Social,Plus,1,5,234,42.86,0.523,2,0,0.161,4.7,81.43,0
KL105468,DE,Organic,Premium,39,9,176,74.07,0.376,2,1,0.34,4.6,253.32,0
KL105469,DE,Organic,Basic,34,10,118,32.03,0.303,2,1,0.519,5.0,121.71,0
KL105470,AT,Social,Basic,17,2,254,25.81,0.595,3,1,0.142,3.7,19.62,0
KL105471,DE,Social,Plus,11,10,188,49.49,0.437,2,0,0.182,4.0,188.06,0
KL105472,Other,Organic,Premium,72,5,173,54.08,0.445,3,1,0.592,3.7,102.75,0
KL105473,DE,Organic,Basic,24,9,118,34.35,0.785,4,0,0.019,5.0,117.48,0
KL105474,AT,Paid Search,Plus,12,6,188,46.38,0.79,5,1,0.591,3.7,105.75,0
KL105475,DE,Paid Search,Basic,40,1,205,29.6,0.139,0,1,0.384,4.1,11.25,0
KL105476,DE,Paid Search,Plus,26,7,258,42.75,0.162,1,1,0.301,3.5,113.72,0
KL105477,DE,Social,Basic,42,9,112,41.46,0.421,1,0,0.124,5.0,141.79,0
KL105478,DE,Social,Premium,14,10,195,73.66,0.44,2,1,0.509,4.6,279.91,0
KL105479,Other,Referral,Basic,3,1,198,38.98,0.576,2,0,0.156,4.7,14.81,1
KL105480,DE,Paid Search,Plus,36,7,156,45.9,0.33,2,2,0.43,4.0,122.09,0
KL105481,DE,Organic,Plus,70,3,167,51.19,0.572,4,0,0.117,4.2,58.36,0
KL105482,DE,Organic,Basic,2,1,216,31.6,0.375,2,1,0.322,3.7,12.01,1
KL105483,DE,Organic,Basic,2,1,181,26.86,0.51,4,1,0.357,4.1,10.21,0
KL105484,CH,Paid Search,Plus,21,1,204,48.32,0.294,0,3,0.347,3.8,18.36,1
KL105485,CH,Social,Plus,4,1,168,39.88,0.348,1,0,0.159,4.5,15.15,1
KL105486,CH,Paid Search,Plus,7,6,102,51.44,0.121,0,0,0.034,3.7,117.28,0
KL105487,DE,Organic,Plus,54,7,156,32.33,0.674,5,2,0.448,3.8,86.0,0
KL105488,DE,Paid Search,Basic,6,6,218,26.04,0.622,0,0,0.253,4.6,59.37,0
KL105489,AT,Referral,Premium,7,4,197,59.59,0.154,0,0,0.638,4.0,90.58,1
KL105490,DE,Organic,Basic,17,0,214,46.72,0.672,4,0,0.094,4.6,17.75,0
KL105491,AT,Social,Plus,20,0,311,36.82,0.401,2,0,0.132,3.4,13.99,1
KL105492,DE,Social,Premium,37,9,67,64.6,0.3,2,0,0.028,5.0,220.93,0
KL105493,DE,Paid Search,Premium,1,6,182,48.54,0.225,1,0,0.317,4.0,110.67,0
KL105494,CH,Paid Search,Basic,5,1,181,41.75,0.517,3,0,0.114,5.0,15.86,0
KL105495,DE,Paid Search,Basic,1,1,213,21.56,0.38,1,0,0.633,3.6,8.19,1
KL105496,Other,Organic,Plus,1,9,120,54.06,0.233,1,1,0.416,4.5,184.89,0
KL105497,DE,Paid Search,Basic,1,3,172,19.7,0.114,0,0,0.291,4.4,22.46,0
KL105498,DE,Organic,Plus,9,4,197,34.26,0.423,2,2,0.278,4.0,52.08,1
KL105499,DE,Social,Plus,5,10,133,48.69,0.376,3,2,0.331,4.8,185.02,0
KL105500,DE,Social,Basic,30,2,178,15.67,,0,1,0.141,3.7,11.91,0
KL105501,DE,Organic,Basic,13,5,133,31.48,0.486,1,1,0.289,4.3,59.81,0
KL105502,DE,Paid Search,Plus,5,4,214,35.95,0.518,0,0,0.229,4.0,54.64,0
KL105503,AT,Organic,Plus,28,8,147,59.31,0.643,1,2,0.433,3.1,180.3,0
KL105504,CH,Organic,Basic,35,0,177,42.49,0.465,2,2,0.476,3.8,16.15,0
KL105505,DE,Social,Basic,10,4,128,38.19,0.164,1,0,0.477,4.2,58.05,0
KL105506,DE,Organic,Basic,17,3,205,46.7,0.538,3,0,0.669,4.1,53.24,0
KL105507,DE,Social,Plus,31,5,169,37.1,0.122,0,0,0.105,4.3,70.49,0
KL105508,CH,Organic,Plus,26,6,178,48.31,,1,0,0.51,4.2,110.15,0
KL105509,DE,Social,Premium,72,12,212,57.5,0.301,1,1,0.446,4.4,262.2,0
KL105510,DE,Paid Search,Premium,22,9,176,72.06,0.347,0,0,0.261,5.0,246.45,0
KL105511,DE,Paid Search,Plus,23,2,202,44.79,0.382,0,0,0.131,4.9,34.04,0
KL105512,DE,Social,Premium,9,5,121,55.2,0.627,1,1,0.302,3.9,104.88,0
KL105513,DE,Paid Search,Basic,40,5,237,27.6,,3,2,0.259,4.3,52.44,0
KL105514,DE,Organic,Plus,31,5,182,42.84,0.815,3,0,0.109,3.9,81.4,0
KL105515,Other,Social,Plus,14,7,249,42.59,0.251,1,0,0.495,4.1,113.29,1
KL105516,DE,Paid Search,Plus,8,4,159,56.4,0.193,0,0,0.096,4.4,85.73,0
KL105517,DE,Organic,Plus,17,6,127,33.51,0.468,6,0,0.086,3.8,76.4,0
KL105518,DE,Paid Search,Basic,16,5,230,22.62,0.365,1,1,0.193,4.0,42.98,0
KL105519,DE,Paid Search,Premium,3,7,172,41.28,0.561,0,1,0.629,4.0,109.8,0
KL105520,DE,Paid Search,Premium,23,5,223,70.41,0.16,0,0,0.258,3.5,133.78,0
KL105521,DE,Social,Premium,10,7,121,71.56,0.349,1,0,0.135,5.0,190.35,0
KL105522,DE,Paid Search,Basic,27,2,161,35.06,0.257,2,2,0.112,3.1,26.65,0
KL105523,AT,Organic,Premium,49,8,120,64.7,,1,2,0.158,2.8,196.69,0
KL105524,DE,Organic,Plus,40,6,75,36.1,,0,1,0.171,4.0,82.31,0
KL105525,CH,Organic,Plus,3,6,154,32.45,0.349,0,2,0.343,3.9,73.99,0
KL105526,DE,Social,Basic,6,4,122,32.52,0.719,2,3,0.355,2.9,49.43,0
KL105527,DE,Organic,Plus,15,4,191,35.41,0.145,0,2,0.613,4.0,53.82,1
KL105528,Other,Paid Search,Plus,7,2,201,28.61,0.622,3,0,0.325,,21.74,0
KL105529,CH,Paid Search,Plus,2,5,149,50.3,0.365,5,1,0.184,4.3,95.57,0
KL105530,DE,Social,Premium,9,6,190,62.08,0.454,1,0,0.327,4.1,141.54,1
KL105531,CH,Organic,Basic,13,2,210,29.36,0.832,2,0,0.313,5.0,22.31,0
KL105532,DE,Organic,Plus,16,7,211,14.88,0.392,0,0,0.18,3.9,39.58,0
KL105533,DE,Referral,Basic,39,4,253,27.66,0.52,3,1,0.213,3.5,42.04,0
KL105534,CH,Paid Search,Basic,12,6,177,26.11,0.533,3,1,0.86,4.1,59.53,0
KL105535,AT,Paid Search,Basic,6,2,219,42.88,0.281,0,1,0.731,3.8,32.59,1
KL105536,DE,Social,Basic,31,7,184,26.02,0.821,1,0,0.634,4.1,69.21,0
KL105537,DE,Referral,Basic,2,4,255,8.0,0.164,1,1,0.393,3.2,12.16,1
KL105538,DE,Organic,Basic,5,3,147,26.08,0.335,2,0,0.345,3.4,29.73,0
KL105539,DE,Referral,Basic,37,5,160,28.06,0.351,0,1,0.29,4.1,53.31,0
KL105540,Other,Organic,Plus,3,4,140,52.52,0.49,2,0,0.124,3.7,79.83,0
KL105541,DE,Referral,Basic,21,2,182,27.61,,0,1,0.475,3.9,20.98,1
KL105542,DE,Organic,Basic,17,6,158,24.45,0.181,1,0,0.418,3.9,55.75,0
KL105543,DE,Organic,Basic,51,7,133,26.79,0.241,0,0,0.166,4.3,71.26,0
KL105544,DE,Organic,Basic,4,4,203,51.57,0.209,1,1,0.173,3.7,78.39,1
KL105545,DE,Social,Basic,31,8,174,32.19,0.881,3,3,0.429,3.8,97.86,0
KL105546,Other,Referral,Premium,10,4,188,62.58,0.437,1,0,0.545,4.6,95.12,0
KL105547,AT,Organic,Plus,7,1,223,50.43,0.757,3,2,0.434,3.6,19.16,1
KL105548,AT,Organic,Basic,34,2,266,18.45,0.587,2,2,0.196,4.6,14.02,1
KL105549,DE,Organic,Plus,14,5,193,35.68,0.536,2,0,0.276,4.9,67.79,0
KL105550,DE,Organic,Basic,3,2,157,23.39,0.534,1,2,0.271,3.2,17.78,0
KL105551,DE,Social,Plus,14,9,120,27.08,0.061,0,0,0.229,4.8,92.61,0
KL105552,DE,Organic,Premium,22,8,126,73.3,0.454,4,1,0.204,3.6,222.83,0
KL105553,DE,Referral,Basic,72,4,238,21.31,0.517,0,0,0.029,4.0,32.39,0
KL105554,AT,Referral,Basic,4,4,170,29.05,0.296,1,0,0.085,4.6,44.16,0
KL105555,CH,Organic,Plus,19,1,176,37.16,0.651,2,0,0.103,5.0,14.12,0
KL105556,DE,Paid Search,Basic,18,1,172,30.76,0.3,0,1,0.341,4.4,11.69,1
KL105557,DE,Referral,Basic,7,3,176,44.17,0.5,1,0,0.577,5.0,50.35,0
KL105558,AT,Social,Plus,33,7,142,38.96,0.316,1,2,0.693,3.8,103.63,0
KL105559,DE,Social,Plus,8,1,185,37.89,0.437,0,1,0.45,3.7,14.4,1
KL105560,Other,Organic,Basic,5,3,227,17.24,0.155,0,2,0.184,3.9,19.65,1
KL105561,DE,Organic,Plus,32,5,170,39.52,0.466,2,1,0.534,3.7,75.09,0
KL105562,DE,Social,Basic,59,10,137,11.75,0.489,4,0,0.301,4.8,44.65,0
KL105563,DE,Paid Search,Basic,5,3,222,40.38,0.154,3,1,0.517,4.2,46.03,1
KL105564,Other,Social,Plus,2,5,209,36.38,0.436,0,0,0.416,5.0,69.12,0
KL105565,DE,Social,Plus,32,5,159,33.87,0.497,1,4,0.243,3.2,64.35,0
KL105566,AT,Paid Search,Plus,5,3,238,40.38,0.438,0,0,0.144,4.1,46.03,1
KL105567,DE,Organic,Plus,8,0,219,47.48,0.675,1,0,0.337,5.0,18.04,1
KL105568,DE,Paid Search,Plus,16,5,159,39.8,0.688,1,2,0.208,3.7,75.62,0
KL105569,CH,Social,Premium,26,7,196,74.49,0.086,0,1,0.398,,198.14,1
KL105570,DE,Organic,Plus,11,0,234,38.07,0.197,1,1,0.134,3.9,14.47,1
KL105571,DE,Organic,Basic,3,1,222,21.2,0.324,1,0,0.16,4.3,8.06,1
KL105572,DE,Referral,Plus,6,5,167,41.44,0.57,1,2,0.228,2.8,78.74,1
KL105573,CH,Social,Basic,29,4,188,26.57,0.596,1,0,0.059,4.5,40.39,1
KL105574,DE,Paid Search,Plus,3,3,170,49.86,0.17,1,1,0.227,3.8,56.84,1
KL105575,DE,Social,Basic,18,2,197,34.94,0.179,1,1,0.515,4.1,26.55,0
KL105576,Other,Paid Search,Basic,12,4,173,23.9,0.225,0,0,0.166,4.2,36.33,0
KL105577,AT,Referral,Plus,14,3,205,28.48,0.163,2,1,0.052,,32.47,1
KL105578,CH,Social,Plus,18,3,250,47.02,0.533,2,1,0.138,4.2,53.6,1
KL105579,AT,Organic,Basic,33,6,166,17.44,0.444,2,0,0.203,4.1,39.76,0
KL105580,AT,Paid Search,Basic,17,2,231,27.06,0.243,0,1,0.056,3.6,20.57,1
KL105581,DE,Organic,Plus,28,2,209,46.26,0.9,2,1,0.394,3.7,35.16,0
KL105582,DE,Social,Premium,1,7,204,80.64,0.169,1,2,0.349,4.7,214.5,0
KL105583,AT,Paid Search,Basic,21,4,248,46.78,0.466,3,2,0.593,,71.11,1
KL105584,AT,Paid Search,Basic,10,5,162,31.53,0.625,2,1,0.156,3.5,59.91,0
KL105585,Other,Referral,Basic,22,2,144,10.92,0.085,0,0,0.128,5.0,8.3,0
KL105586,DE,Paid Search,Basic,7,2,160,18.34,0.206,1,1,0.405,,13.94,1
KL105587,DE,Social,Basic,24,8,190,26.58,0.384,2,1,0.177,4.9,80.8,0
KL105588,DE,Social,Premium,49,5,191,61.92,0.246,0,0,0.038,4.5,117.65,1
KL105589,DE,Paid Search,Plus,11,4,154,42.96,0.263,0,1,0.478,3.9,65.3,0
KL105590,DE,Organic,Basic,25,6,228,29.1,0.446,3,1,0.401,3.6,66.35,0
KL105591,CH,Social,Basic,4,5,169,17.75,0.648,2,1,0.197,3.9,33.72,0
KL105592,DE,Social,Basic,18,4,175,33.14,0.263,1,1,0.172,3.6,50.37,0
KL105593,DE,Organic,Plus,8,8,146,34.12,0.414,5,0,0.252,4.9,103.72,0
KL105594,DE,Social,Basic,8,2,248,29.36,0.623,4,1,0.621,4.8,22.31,0
KL105595,AT,Paid Search,Basic,4,2,177,43.54,0.68,6,0,0.181,5.0,33.09,0
KL105596,CH,Organic,Plus,29,7,209,33.47,0.531,1,0,0.546,3.7,89.03,0
KL105597,DE,Social,Basic,16,5,200,29.27,0.285,2,1,0.487,3.8,55.61,1
KL105598,DE,Paid Search,Plus,46,6,220,38.57,0.502,3,2,0.32,3.9,87.94,0
KL105599,DE,Paid Search,Premium,24,5,207,56.38,0.312,2,1,0.283,3.9,107.12,0
KL105600,DE,Paid Search,Basic,8,3,208,29.03,0.182,0,1,0.177,,33.09,1
KL105601,DE,Organic,Basic,4,3,220,21.42,0.281,2,1,0.449,3.8,24.42,0
KL105602,CH,Paid Search,Premium,21,4,191,71.72,0.129,0,1,0.629,,109.01,1
KL105603,CH,Organic,Basic,27,2,179,33.44,0.152,0,3,0.624,2.9,25.41,1
KL105604,DE,Organic,Basic,23,6,195,42.33,0.755,5,1,0.842,3.9,96.51,0
KL105605,DE,Social,Plus,26,9,145,48.59,0.534,4,1,0.194,4.0,166.18,0
KL105606,DE,Organic,Plus,15,2,248,47.57,0.599,2,2,0.245,3.2,36.15,1
KL105607,DE,Referral,Premium,19,7,207,48.23,0.355,0,0,0.174,4.2,128.29,0
KL105608,DE,Paid Search,Basic,2,3,216,35.68,0.741,2,1,0.669,,40.68,0
KL105609,AT,Organic,Basic,11,1,247,34.52,0.702,8,1,0.424,4.7,13.12,1
KL105610,DE,Referral,Basic,20,2,221,21.81,0.339,0,1,0.225,3.9,16.58,1
KL105611,AT,Paid Search,Basic,3,5,198,43.01,0.77,3,0,0.229,4.2,81.72,0
KL105612,DE,Paid Search,Plus,27,8,134,49.81,0.181,0,0,0.209,4.0,151.42,0
KL105613,AT,Social,Basic,39,3,205,29.84,0.199,1,0,0.389,4.7,34.02,1
KL105614,AT,Social,Basic,11,7,180,34.3,0.221,0,2,0.029,,91.24,1
KL105615,DE,Organic,Basic,21,8,169,31.96,0.514,1,0,0.294,3.7,97.16,0
KL105616,DE,Organic,Basic,5,7,174,29.64,0.493,3,0,0.07,4.5,78.84,0
KL105617,CH,Referral,Basic,26,5,187,26.42,0.629,2,0,0.191,3.5,50.2,0
KL105618,DE,Organic,Plus,19,6,245,52.31,0.823,2,0,0.45,5.0,119.27,0
KL105619,DE,Social,Basic,10,3,201,16.19,0.241,1,0,0.473,4.1,18.46,0
KL105620,DE,Paid Search,Plus,8,5,206,43.7,0.586,1,0,0.207,4.6,83.03,0
KL105621,DE,Paid Search,Basic,4,2,205,40.27,0.408,1,1,0.271,4.3,30.61,0
KL105622,AT,Social,Basic,2,2,216,29.02,0.291,0,1,0.15,3.4,22.06,1
KL105623,DE,Referral,Premium,17,7,134,71.55,0.784,2,0,0.444,4.6,190.32,0
KL105624,DE,Organic,Premium,8,4,168,65.04,0.668,2,0,0.24,4.3,98.86,0
KL105625,DE,Paid Search,Basic,30,4,171,19.75,0.083,0,1,0.12,3.8,30.02,0
KL105626,AT,Social,Basic,17,1,164,35.54,0.729,2,1,0.461,3.2,13.51,0
KL105627,CH,Organic,Premium,1,4,193,77.12,0.426,3,2,0.38,,117.22,1
KL105628,DE,Referral,Plus,13,4,157,37.44,0.25,3,0,0.192,5.0,56.91,0
KL105629,DE,Paid Search,Basic,28,4,151,32.56,0.442,1,2,0.486,3.8,49.49,0
KL105630,DE,Organic,Basic,7,3,272,30.4,0.426,4,0,0.693,3.6,34.66,1
KL105631,DE,Social,Basic,12,3,237,24.96,0.573,6,1,0.163,4.2,28.45,1
KL105632,DE,Referral,Plus,2,6,245,51.5,0.363,5,1,0.263,3.6,117.42,0
KL105633,DE,Organic,Plus,37,4,187,40.03,0.415,2,2,0.076,3.3,60.85,0
KL105634,DE,Social,Basic,10,2,195,19.54,,2,0,0.444,3.9,14.85,0
KL105635,AT,Organic,Basic,6,3,211,24.99,0.337,0,0,0.345,4.5,28.49,1
KL105636,DE,Organic,Basic,27,4,203,26.67,0.373,1,0,0.467,4.4,40.54,0
KL105637,AT,Organic,Plus,4,4,178,36.49,0.32,1,1,0.456,4.0,55.46,1
KL105638,DE,Social,Premium,6,6,147,60.49,0.194,0,1,0.205,4.3,137.92,0
KL105639,DE,Organic,Plus,3,3,219,32.52,0.312,0,0,0.402,4.0,37.07,1
KL105640,DE,Organic,Plus,71,2,151,39.43,0.259,0,1,0.829,3.8,29.97,0
KL105641,CH,Social,Basic,5,2,227,29.38,0.579,4,0,0.274,3.8,22.33,0
KL105642,CH,Paid Search,Plus,7,5,172,34.55,0.338,0,0,0.306,3.8,65.64,0
KL105643,DE,Organic,Basic,33,7,193,19.09,0.204,0,0,0.734,4.1,50.78,0
KL105644,AT,Organic,Basic,25,5,220,19.65,0.374,0,0,0.082,,37.34,0
KL105645,DE,Social,Basic,44,3,218,26.71,0.306,3,1,0.461,3.8,30.45,1
KL105646,DE,Paid Search,Plus,19,3,157,37.69,0.376,0,0,0.3,4.6,42.97,0
KL105647,DE,Social,Basic,15,5,129,14.53,0.776,2,0,0.297,4.6,27.61,0
KL105648,DE,Organic,Basic,9,1,159,17.58,0.189,0,0,0.249,4.3,6.68,1
KL105649,DE,Paid Search,Premium,20,7,148,64.04,0.394,4,1,0.234,3.8,170.35,0
KL105650,CH,Social,Plus,2,6,122,38.69,0.176,0,1,0.493,3.8,88.21,0
KL105651,DE,Organic,Basic,2,0,219,27.03,0.238,0,0,0.195,5.0,10.27,1
KL105652,DE,Organic,Basic,4,4,158,40.36,0.558,1,2,0.174,4.1,61.35,1
KL105653,DE,Paid Search,Plus,20,4,169,43.84,,1,0,0.219,4.2,66.64,0
KL105654,DE,Organic,Basic,14,3,196,12.82,0.551,4,1,0.482,5.0,14.61,0
KL105655,DE,Organic,Basic,72,8,170,22.65,0.179,0,0,0.137,4.3,68.86,0
KL105656,CH,Referral,Basic,15,3,169,30.53,0.673,2,2,0.255,4.1,34.8,0
KL105657,CH,Paid Search,Basic,17,4,173,22.32,0.382,1,0,0.199,4.6,33.93,0
KL105658,DE,Paid Search,Plus,18,5,193,33.78,0.883,3,2,0.318,2.9,64.18,0
KL105659,AT,Organic,Plus,34,8,152,48.99,0.349,1,2,0.027,3.1,148.93,0
KL105660,DE,Paid Search,Basic,72,4,183,24.38,0.188,1,1,0.123,4.5,37.06,0
KL105661,DE,Paid Search,Premium,12,1,236,57.76,0.801,1,3,0.28,3.0,21.95,1
KL105662,DE,Referral,Plus,1,5,149,34.85,0.93,2,3,0.333,3.5,66.22,1
KL105663,DE,Paid Search,Plus,33,10,169,55.19,0.316,1,0,0.394,4.2,209.72,0
KL105664,DE,Social,Basic,19,3,276,18.59,0.675,2,1,0.48,4.4,21.19,0
KL105665,AT,Organic,Basic,36,5,190,26.1,0.56,1,1,0.409,3.1,49.59,0
KL105666,DE,Paid Search,Plus,27,5,165,40.58,0.479,2,1,0.062,4.2,77.1,0
KL105667,CH,Referral,Plus,11,7,114,47.23,0.567,1,2,0.57,3.7,125.63,0
KL105668,AT,Paid Search,Basic,25,7,147,21.23,0.074,0,2,0.335,3.4,56.47,0
KL105669,CH,Social,Basic,6,4,201,20.99,0.376,1,0,0.137,4.2,31.9,1
KL105670,DE,Social,Basic,49,4,184,34.19,0.627,2,1,0.052,4.7,51.97,0
KL105671,CH,Referral,Basic,64,4,186,47.57,,3,0,0.424,4.9,72.31,0
KL105672,DE,Organic,Basic,5,4,184,23.19,0.548,1,0,0.464,5.0,35.25,0
KL105673,DE,Organic,Basic,53,3,179,22.66,0.618,5,0,0.565,4.2,25.83,0
KL105674,DE,Paid Search,Basic,47,6,170,47.61,0.36,1,1,0.092,3.7,108.55,0
KL105675,CH,Referral,Premium,2,1,184,61.86,0.361,2,1,0.386,2.9,23.51,0
KL105676,DE,Paid Search,Plus,20,6,175,39.17,0.201,0,0,0.29,3.6,89.31,0
KL105677,DE,Organic,Basic,32,4,193,29.44,0.606,2,1,0.652,4.1,44.75,0
KL105678,AT,Paid Search,Basic,40,8,205,31.25,0.469,1,0,0.391,,95.0,0
KL105679,DE,Organic,Basic,54,5,153,29.97,0.389,2,1,0.421,,56.94,0
KL105680,CH,Organic,Basic,72,3,222,35.7,0.346,3,0,0.449,3.7,40.7,0
KL105681,DE,Organic,Plus,10,3,226,30.83,0.061,0,0,0.316,,35.15,1
KL105682,DE,Organic,Basic,15,3,187,26.17,0.466,1,0,0.379,4.4,29.83,0
KL105683,DE,Social,Premium,1,3,173,73.7,0.154,0,1,0.601,3.3,84.02,0
KL105684,DE,Organic,Basic,3,1,259,9.62,0.279,1,0,0.127,4.0,3.66,1
KL105685,DE,Organic,Premium,6,8,110,54.47,0.722,3,0,0.292,5.0,165.59,0
KL105686,DE,Paid Search,Plus,14,5,152,47.66,0.48,5,1,0.17,3.9,90.55,0
KL105687,DE,Organic,Plus,32,6,134,42.66,0.419,2,0,0.31,4.6,97.26,0
KL105688,CH,Paid Search,Premium,2,6,148,59.82,0.549,1,2,0.139,2.6,136.39,1
KL105689,CH,Organic,Basic,22,5,172,30.51,0.477,1,1,0.507,4.2,57.97,0
KL105690,DE,Organic,Basic,72,9,200,31.51,0.264,1,0,0.445,4.4,107.76,0
KL105691,DE,Social,Basic,72,7,149,20.89,0.185,2,1,0.546,3.0,55.57,0
KL105692,DE,Organic,Plus,33,5,254,41.39,0.009,0,0,0.357,4.2,78.64,1
KL105693,CH,Organic,Premium,8,7,196,55.59,0.383,3,0,0.01,4.2,147.87,0
KL105694,AT,Organic,Basic,26,2,186,37.23,0.685,1,2,0.284,3.7,28.29,0
KL105695,DE,Organic,Plus,8,2,187,29.52,0.237,1,2,0.421,3.6,22.44,0
KL105696,DE,Organic,Basic,17,2,211,26.97,0.266,1,0,0.561,3.7,20.5,0
KL105697,CH,Paid Search,Basic,24,5,183,34.34,0.04,0,1,0.54,4.4,65.25,1
KL105698,CH,Organic,Plus,12,4,147,58.01,0.469,1,2,0.598,3.4,88.18,1
KL105699,DE,Organic,Basic,16,1,186,26.46,0.33,0,0,0.069,4.1,10.05,0
KL105700,CH,Social,Basic,45,7,110,50.0,0.724,0,2,0.105,4.0,133.0,0
KL105701,DE,Organic,Plus,29,5,242,32.91,0.469,2,1,0.254,4.4,62.53,0
KL105702,DE,Organic,Plus,55,7,169,46.7,0.248,1,0,0.057,5.0,124.22,0
KL105703,AT,Paid Search,Plus,4,2,193,36.41,0.238,1,1,0.797,3.9,27.67,0
KL105704,DE,Organic,Basic,46,5,157,41.12,0.589,3,1,0.174,3.7,78.13,0
KL105705,DE,Social,Basic,6,1,192,27.29,0.382,0,0,0.139,4.5,10.37,0
KL105706,CH,Organic,Plus,2,2,153,33.75,,0,0,0.329,5.0,25.65,0
KL105707,CH,Paid Search,Premium,32,8,162,74.92,0.158,0,0,0.216,3.9,227.76,0
KL105708,DE,Referral,Basic,8,1,239,24.49,0.158,2,0,0.268,3.9,9.31,0
KL105709,DE,Organic,Plus,5,5,235,31.61,0.685,3,0,0.522,4.2,60.06,0
KL105710,CH,Organic,Plus,10,4,216,39.43,0.379,1,1,0.073,4.5,59.93,0
KL105711,DE,Paid Search,Plus,7,4,214,50.07,0.129,0,2,0.149,2.6,76.11,1
KL105712,Other,Referral,Plus,52,5,221,40.81,0.727,3,1,0.164,4.6,77.54,0
KL105713,AT,Paid Search,Basic,4,3,191,24.86,0.453,2,1,0.205,3.7,28.34,1
KL105714,DE,Social,Plus,3,0,173,41.97,0.738,5,1,0.81,4.7,15.95,1
KL105715,DE,Organic,Basic,10,5,207,8.76,0.353,1,1,0.445,3.2,16.64,0
KL105716,CH,Social,Basic,7,6,147,50.88,0.209,1,1,0.356,,116.01,0
KL105717,Other,Organic,Basic,9,3,193,27.55,0.13,2,0,0.255,4.2,31.41,1
KL105718,DE,Paid Search,Basic,4,0,185,35.71,0.333,2,0,0.324,4.3,13.57,1
KL105719,DE,Organic,Plus,35,9,188,53.96,0.205,0,0,0.332,4.9,184.54,0
KL105720,CH,Paid Search,Premium,15,10,170,56.38,0.163,1,0,0.105,4.9,214.24,0
KL105721,DE,Organic,Basic,4,3,147,17.74,0.299,2,2,0.096,4.8,20.22,1
KL105722,DE,Social,Basic,26,4,192,40.73,0.156,0,1,0.19,4.8,61.91,0
KL105723,CH,Social,Premium,11,3,232,58.42,0.282,2,1,0.171,4.7,66.6,1
KL105724,CH,Social,Basic,28,3,192,24.84,0.734,6,0,0.587,4.5,28.32,0
KL105725,CH,Referral,Basic,6,3,195,21.88,0.197,2,1,0.197,3.7,24.94,1
KL105726,AT,Paid Search,Plus,17,8,190,17.97,0.535,3,1,0.133,4.1,54.63,0
KL105727,DE,Social,Premium,2,10,131,63.14,0.34,1,0,0.222,4.5,239.93,0
KL105728,CH,Organic,Plus,72,12,121,41.36,0.496,0,1,0.268,4.7,188.6,0
KL105729,DE,Referral,Basic,22,6,200,36.52,,1,1,0.283,3.6,83.27,0
KL105730,DE,Paid Search,Plus,72,6,137,38.32,0.286,1,1,0.44,4.4,87.37,0
KL105731,CH,Paid Search,Plus,16,5,156,37.03,0.75,4,1,0.18,3.9,70.36,0
KL105732,AT,Paid Search,Premium,1,8,96,69.24,0.361,3,2,0.058,3.6,210.49,0
KL105733,CH,Social,Basic,34,2,274,35.1,0.325,0,0,0.399,4.5,26.68,0
KL105734,DE,Social,Premium,31,3,200,55.58,0.422,2,0,0.319,4.5,63.36,0
KL105735,Other,Social,Plus,4,3,233,26.04,0.384,0,0,0.633,4.9,29.69,0
KL105736,DE,Paid Search,Basic,12,4,146,45.77,0.161,0,1,0.242,3.0,69.57,0
KL105737,AT,Paid Search,Basic,17,2,247,40.42,0.022,0,0,0.048,4.2,30.72,1
KL105738,CH,Referral,Basic,37,4,178,22.53,0.3,3,0,0.499,3.8,34.25,0
KL105739,DE,Paid Search,Premium,37,9,196,62.24,0.6,1,2,0.118,3.7,212.86,0
KL105740,AT,Paid Search,Basic,10,2,197,27.54,0.311,2,0,0.055,5.0,20.93,0
KL105741,AT,Paid Search,Plus,2,2,166,34.97,0.279,3,0,0.589,,26.58,0
KL105742,CH,Paid Search,Basic,12,3,234,23.13,0.287,2,4,0.19,2.9,26.37,1
KL105743,CH,Social,Plus,12,2,206,40.86,0.194,2,1,0.37,4.0,31.05,0
KL105744,AT,Paid Search,Basic,8,3,155,16.45,0.632,1,2,0.393,4.4,18.75,1
KL105745,DE,Social,Premium,54,7,106,83.56,0.135,0,0,0.226,3.8,222.27,0
KL105746,DE,Social,Plus,64,4,203,28.31,0.303,2,1,0.056,4.0,43.03,0
KL105747,Other,Paid Search,Plus,29,1,211,25.0,0.905,2,2,0.193,3.3,9.5,0
KL105748,Other,Organic,Plus,1,1,219,49.07,0.145,0,0,0.209,4.4,18.65,1
KL105749,Other,Paid Search,Plus,1,1,220,38.64,0.58,1,0,0.15,5.0,14.68,0
KL105750,DE,Paid Search,Premium,46,11,127,68.23,0.517,7,0,0.125,3.9,285.2,0
KL105751,DE,Paid Search,Basic,44,4,201,27.83,0.301,2,0,0.36,4.2,42.3,0
KL105752,AT,Referral,Premium,5,3,221,61.78,0.58,3,0,0.04,,70.43,1
KL105753,AT,Organic,Basic,1,2,199,27.05,0.108,2,0,0.317,4.2,20.56,1
KL105754,DE,Organic,Plus,45,9,166,45.07,0.409,0,1,0.492,3.4,154.14,0
KL105755,DE,Social,Premium,48,5,200,73.94,0.62,5,2,0.27,3.7,140.49,0
KL105756,DE,Referral,Premium,14,6,209,58.79,0.607,6,0,0.248,4.8,134.04,0
KL105757,DE,Paid Search,Basic,8,2,126,31.6,0.419,1,2,0.352,,24.02,0
KL105758,DE,Organic,Basic,47,8,141,24.12,0.321,0,0,0.506,,73.32,0
KL105759,DE,Paid Search,Plus,2,4,207,38.91,0.138,1,1,0.285,4.0,59.14,1
KL105760,DE,Paid Search,Basic,23,3,269,20.81,0.073,0,1,0.391,3.4,23.72,1
KL105761,CH,Paid Search,Premium,10,7,205,62.5,0.206,0,2,0.303,3.2,166.25,0
KL105762,AT,Organic,Basic,5,4,230,18.01,0.423,5,0,0.44,4.3,27.38,0
KL105763,Other,Organic,Basic,16,5,273,18.73,0.364,4,0,0.801,5.0,35.59,1
KL105764,DE,Social,Plus,3,2,201,34.54,0.212,1,0,0.398,4.3,26.25,1
KL105765,DE,Paid Search,Basic,8,5,252,9.75,0.548,1,0,0.761,4.8,18.52,1
KL105766,DE,Social,Basic,36,5,204,20.24,0.55,1,2,0.341,3.6,38.46,0
KL105767,DE,Paid Search,Basic,32,3,162,23.81,0.544,2,1,0.08,4.7,27.14,1
KL105768,DE,Organic,Premium,19,6,112,67.69,0.281,4,2,0.043,3.8,154.33,1
KL105769,AT,Paid Search,Plus,4,2,196,30.66,0.281,0,1,0.251,4.1,23.3,1
KL105770,CH,Referral,Premium,21,6,195,64.48,0.09,1,2,0.082,4.3,147.01,0
KL105771,CH,Paid Search,Basic,12,1,203,30.77,0.239,1,0,0.308,,11.69,0
KL105772,DE,Paid Search,Basic,12,4,192,25.59,0.029,0,0,0.124,4.9,38.9,0
KL105773,DE,Paid Search,Basic,14,2,271,29.24,0.745,2,0,0.669,4.7,22.22,1
KL105774,DE,Social,Basic,13,1,214,29.43,0.344,3,0,0.517,4.5,11.18,1
KL105775,DE,Paid Search,Basic,5,5,249,24.79,0.856,4,1,0.219,4.3,47.1,1
KL105776,AT,Paid Search,Basic,2,1,239,22.35,0.41,0,1,0.182,4.1,8.49,0
KL105777,DE,Social,Basic,8,5,217,29.03,0.674,2,1,0.131,3.4,55.16,0
KL105778,AT,Organic,Plus,9,2,196,32.98,0.79,2,0,0.659,3.2,25.06,0
KL105779,DE,Paid Search,Basic,6,1,209,9.66,0.393,1,1,0.261,4.2,3.67,0
KL105780,Other,Paid Search,Plus,2,1,213,35.82,0.051,1,3,0.614,4.1,13.61,1
KL105781,Other,Referral,Basic,19,3,193,23.08,0.524,4,0,0.449,4.5,26.31,1
KL105782,DE,Social,Plus,17,5,203,42.8,0.291,0,0,0.45,3.6,81.32,0
KL105783,CH,Organic,Plus,2,3,241,42.44,0.453,1,1,0.371,3.5,48.38,1
KL105784,DE,Social,Plus,20,3,282,36.44,0.373,1,0,0.449,4.4,41.54,0
KL105785,AT,Social,Plus,23,5,156,42.27,0.484,3,0,0.463,5.0,80.31,0
KL105786,CH,Paid Search,Basic,6,4,188,34.81,,0,3,0.279,3.3,52.91,1
KL105787,CH,Organic,Basic,4,1,247,26.12,0.759,4,2,0.247,3.8,9.93,1
KL105788,CH,Organic,Plus,20,3,198,34.15,0.533,1,0,0.173,4.1,38.93,0
KL105789,DE,Paid Search,Premium,19,10,95,61.34,0.477,1,0,0.095,4.1,233.09,0
KL105790,CH,Paid Search,Plus,4,4,216,47.29,0.225,0,0,0.468,3.9,71.88,1
KL105791,AT,Social,Basic,10,7,136,16.05,0.344,1,1,0.204,4.8,42.69,0
KL105792,DE,Organic,Plus,21,6,179,46.85,0.252,2,1,0.297,4.1,106.82,0
KL105793,DE,Paid Search,Premium,30,10,200,60.13,0.619,1,1,0.11,4.3,228.49,0
KL105794,CH,Organic,Basic,10,2,229,36.25,0.74,0,0,0.225,3.6,27.55,0
KL105795,AT,Paid Search,Basic,24,7,186,29.71,0.587,3,0,0.467,4.0,79.03,0
KL105796,DE,Organic,Plus,42,4,240,46.3,0.169,2,1,0.192,3.7,70.38,0
KL105797,CH,Paid Search,Plus,8,5,176,48.78,0.188,0,2,0.668,3.9,92.68,1
KL105798,AT,Organic,Basic,11,5,192,36.19,0.248,1,1,0.193,3.6,68.76,1
KL105799,DE,Paid Search,Basic,13,4,182,34.23,0.35,0,2,0.492,3.0,52.03,1
KL105800,DE,Organic,Plus,26,9,176,33.96,0.314,0,0,0.134,4.9,116.14,0
KL105801,DE,Social,Plus,4,5,133,47.44,0.209,1,0,0.159,4.1,90.14,0
KL105802,CH,Organic,Plus,18,6,141,30.7,0.295,4,1,0.111,4.6,70.0,0
KL105803,DE,Paid Search,Basic,32,3,197,17.99,0.427,2,0,0.186,4.1,20.51,0
KL105804,DE,Paid Search,Basic,4,2,225,26.78,0.438,2,2,0.136,3.9,20.35,1
KL105805,AT,Organic,Plus,12,4,255,51.44,0.552,2,2,0.112,3.8,78.19,1
KL105806,AT,Organic,Basic,10,3,165,26.6,0.613,4,0,0.356,4.3,30.32,0
KL105807,CH,Organic,Basic,18,5,178,21.11,0.301,2,2,0.209,,40.11,0
KL105808,DE,Paid Search,Plus,27,3,205,46.44,0.237,0,2,0.255,3.5,52.94,0
KL105809,AT,Referral,Basic,4,4,148,23.77,0.13,0,2,0.251,3.9,36.13,1
KL105810,DE,Organic,Plus,72,15,74,45.15,0.156,0,0,0.131,4.0,257.36,0
KL105811,DE,Social,Basic,4,4,125,28.56,0.45,3,2,0.459,3.6,43.41,0
KL105812,AT,Social,Plus,23,6,191,33.84,0.14,0,1,0.389,4.3,77.16,0
KL105813,AT,Social,Plus,10,5,152,50.61,0.607,3,0,0.519,4.5,96.16,0
KL105814,DE,Paid Search,Plus,9,5,223,28.35,0.618,0,1,0.13,4.3,53.86,0
KL105815,CH,Referral,Premium,3,4,203,57.36,0.487,0,0,0.191,4.4,87.19,0
KL105816,DE,Paid Search,Basic,40,2,197,32.67,0.253,1,0,0.208,3.3,24.83,0
KL105817,DE,Social,Plus,10,4,162,64.5,0.437,1,0,0.21,4.1,98.04,0
KL105818,DE,Organic,Basic,24,5,193,13.41,0.528,1,0,0.16,3.6,25.48,0
KL105819,DE,Social,Premium,8,3,187,63.55,0.428,3,1,0.109,4.0,72.45,0
KL105820,AT,Referral,Basic,3,2,223,8.71,0.269,0,0,0.367,4.7,6.62,1
KL105821,CH,Referral,Plus,44,12,164,40.39,0.346,2,2,0.551,4.3,184.18,1
KL105822,AT,Organic,Basic,9,4,161,22.34,0.514,1,1,0.497,4.4,33.96,0
KL105823,DE,Social,Basic,15,1,197,27.87,0.705,1,2,0.528,4.0,10.59,1
KL105824,DE,Organic,Basic,22,2,249,38.87,0.815,0,1,0.155,3.9,29.54,1
KL105825,DE,Social,Basic,72,3,245,34.49,0.416,0,0,0.423,4.5,39.32,1
KL105826,AT,Paid Search,Basic,27,1,178,24.76,,0,0,0.239,4.9,9.41,0
KL105827,DE,Social,Basic,12,3,167,33.25,0.409,1,0,0.24,5.0,37.9,0
KL105828,DE,Paid Search,Plus,12,9,118,42.23,0.479,0,1,0.647,4.2,144.43,0
KL105829,CH,Organic,Basic,26,6,180,19.33,0.161,1,0,0.163,4.5,44.07,0
KL105830,AT,Organic,Basic,2,3,147,27.21,0.562,1,0,0.191,4.8,31.02,0
KL105831,DE,Organic,Premium,17,4,189,68.45,0.511,1,1,0.472,4.5,104.04,0
KL105832,DE,Paid Search,Plus,19,3,195,71.39,0.746,3,0,0.262,5.0,81.38,0
KL105833,AT,Social,Basic,7,2,183,38.25,0.378,2,1,0.322,3.8,29.07,0
KL105834,DE,Social,Basic,30,1,215,33.48,0.64,1,0,0.299,4.2,12.72,1
KL105835,DE,Social,Basic,43,7,167,13.45,0.52,1,0,0.432,4.8,35.78,0
KL105836,CH,Social,Plus,19,4,176,43.3,0.13,0,2,0.039,3.1,65.82,0
KL105837,DE,Paid Search,Premium,4,8,215,76.25,0.602,6,0,0.586,4.9,231.8,0
KL105838,DE,Paid Search,Plus,17,4,174,46.22,0.115,2,0,0.308,4.8,70.25,0
KL105839,DE,Paid Search,Premium,7,4,189,74.07,0.119,0,0,0.342,4.0,112.59,0
KL105840,DE,Organic,Plus,54,6,151,45.97,0.537,4,0,0.467,4.8,104.81,0
KL105841,DE,Paid Search,Premium,3,8,190,73.12,0.777,4,0,0.165,4.3,222.28,0
KL105842,DE,Social,Plus,72,8,116,28.17,0.204,2,0,0.694,,85.64,0
KL105843,DE,Paid Search,Plus,2,8,161,55.1,0.312,1,0,0.197,5.0,167.5,0
KL105844,DE,Social,Plus,26,4,156,48.43,0.649,4,0,0.235,4.3,73.61,0
KL105845,CH,Organic,Plus,11,4,128,51.39,0.398,1,1,0.134,4.0,78.11,0
KL105846,Other,Social,Basic,26,6,149,29.04,,3,4,0.362,3.5,66.21,0
KL105847,DE,Organic,Basic,4,5,158,32.26,,0,1,0.356,4.7,61.29,1
KL105848,DE,Social,Basic,31,4,207,33.84,0.275,3,0,0.413,,51.44,1
KL105849,CH,Organic,Basic,6,5,150,26.59,0.806,3,0,0.22,3.7,50.52,0
KL105850,Other,Paid Search,Premium,11,5,107,58.62,0.392,3,0,0.333,5.0,111.38,0
KL105851,CH,Paid Search,Plus,25,5,110,33.09,0.545,2,2,0.555,4.4,62.87,0
KL105852,DE,Organic,Basic,21,3,202,26.95,0.27,0,0,0.55,3.7,30.72,0
KL105853,DE,Paid Search,Basic,14,8,172,21.05,0.202,1,0,0.496,4.4,63.99,0
KL105854,DE,Organic,Basic,3,2,210,22.19,0.147,2,0,0.204,5.0,16.86,0
KL105855,CH,Paid Search,Plus,15,4,173,53.76,,3,0,0.381,5.0,81.72,0
KL105856,DE,Referral,Premium,35,10,151,77.97,0.63,0,1,0.144,5.0,296.29,0
KL105857,DE,Organic,Basic,5,2,139,25.17,0.453,4,0,0.243,4.2,19.13,0
KL105858,DE,Paid Search,Basic,8,2,134,38.41,0.505,2,2,0.241,3.7,29.19,0
KL105859,DE,Social,Premium,18,9,97,63.49,0.044,0,3,0.205,2.2,217.14,0
KL105860,DE,Paid Search,Plus,1,6,166,38.98,0.43,2,1,0.278,4.4,88.87,0
KL105861,DE,Social,Premium,21,7,191,67.95,0.436,2,1,0.319,,180.75,0
KL105862,AT,Paid Search,Basic,44,4,153,22.03,0.357,1,0,0.737,5.0,33.49,0
KL105863,AT,Paid Search,Basic,3,0,189,25.3,0.534,0,0,0.351,4.9,9.61,0
KL105864,AT,Organic,Plus,8,4,210,52.73,0.37,0,0,0.282,4.9,80.15,0
KL105865,DE,Organic,Basic,1,2,189,30.65,0.517,1,1,0.346,4.0,23.29,1
KL105866,CH,Paid Search,Plus,1,4,194,45.04,0.845,3,3,0.199,3.1,68.46,1
KL105867,AT,Social,Plus,4,10,143,40.18,0.76,4,1,0.258,4.1,152.68,0
KL105868,DE,Organic,Basic,6,3,152,25.45,0.364,2,1,0.524,4.0,29.01,0
KL105869,DE,Referral,Basic,9,4,251,28.91,0.499,4,2,0.107,4.1,43.94,0
KL105870,AT,Paid Search,Plus,30,3,165,48.21,0.564,2,0,0.271,4.0,54.96,0
KL105871,DE,Paid Search,Premium,2,4,254,67.74,0.381,0,0,0.438,4.7,102.96,0
KL105872,DE,Referral,Basic,72,5,199,32.86,0.183,2,1,0.108,4.8,62.43,0
KL105873,DE,Referral,Plus,72,9,158,27.58,0.235,0,0,0.286,4.2,94.32,0
KL105874,DE,Paid Search,Basic,7,3,144,19.96,0.561,1,1,0.592,4.0,22.75,0
KL105875,DE,Organic,Premium,16,8,168,60.09,0.039,0,1,0.384,3.7,182.67,0
KL105876,DE,Organic,Plus,5,3,193,45.48,0.416,3,1,0.392,3.7,51.85,1
KL105877,DE,Organic,Basic,44,4,180,30.91,0.464,2,1,0.499,3.8,46.98,0
KL105878,AT,Social,Plus,19,4,142,47.19,,0,1,0.762,3.7,71.73,0
KL105879,DE,Organic,Plus,3,7,195,39.24,0.36,0,0,0.125,4.5,104.38,0
KL105880,DE,Social,Plus,1,4,220,42.86,0.427,2,2,0.754,3.3,65.15,1
KL105881,DE,Organic,Basic,12,3,136,42.17,0.077,1,1,0.227,3.5,48.07,1
KL105882,CH,Paid Search,Plus,36,2,183,42.26,0.371,0,0,0.703,4.9,32.12,1
KL105883,Other,Paid Search,Plus,4,6,162,27.12,0.435,5,1,0.328,4.1,61.83,0
KL105884,DE,Paid Search,Basic,10,2,216,31.88,0.272,0,0,0.065,4.0,24.23,1
KL105885,DE,Paid Search,Basic,13,2,209,37.47,0.126,3,1,0.226,4.1,28.48,0
KL105886,DE,Referral,Premium,37,6,169,74.13,0.29,1,0,0.333,5.0,169.02,0
KL105887,DE,Referral,Plus,7,8,173,39.38,0.846,1,2,0.294,4.7,119.72,0
KL105888,CH,Social,Basic,5,0,285,25.92,0.616,3,0,0.238,5.0,9.85,1
KL105889,DE,Organic,Premium,22,8,146,71.05,0.315,1,3,0.552,4.0,215.99,0
KL105890,Other,Referral,Basic,21,3,232,29.13,0.447,1,0,0.395,5.0,33.21,1
KL105891,DE,Referral,Plus,19,8,217,46.38,0.464,0,1,0.466,3.9,141.0,0
KL105892,DE,Referral,Basic,9,1,265,23.41,0.708,4,1,0.28,4.9,8.9,0
KL105893,CH,Paid Search,Basic,2,1,235,30.92,0.864,3,2,0.274,3.8,11.75,1
KL105894,DE,Organic,Premium,11,5,203,60.7,0.692,2,1,0.543,3.7,115.33,0
KL105895,CH,Social,Plus,24,5,195,40.29,0.303,3,0,0.427,4.0,76.55,0
KL105896,DE,Paid Search,Basic,29,4,247,19.34,0.131,0,0,0.21,4.3,29.4,0
KL105897,CH,Paid Search,Premium,5,8,142,58.5,0.263,0,0,0.22,4.7,177.84,0
KL105898,DE,Paid Search,Premium,47,10,127,53.52,0.617,0,1,0.295,4.2,203.38,0
KL105899,DE,Paid Search,Plus,21,9,125,29.44,0.113,0,0,0.305,4.0,100.68,0
KL105900,CH,Organic,Basic,27,7,249,20.48,0.381,3,1,0.228,3.1,54.48,0
KL105901,DE,Social,Basic,12,2,258,31.38,0.397,1,1,0.359,5.0,23.85,0
KL105902,DE,Social,Plus,43,8,135,43.89,0.446,3,0,0.56,4.7,133.43,0
KL105903,CH,Paid Search,Premium,13,8,114,71.67,0.25,1,0,0.29,5.0,217.88,0
KL105904,DE,Organic,Basic,72,2,197,24.32,0.27,3,1,0.594,4.0,18.48,0
KL105905,CH,Referral,Basic,18,3,198,15.9,0.406,0,0,0.168,4.2,18.13,0
KL105906,AT,Paid Search,Basic,56,1,221,30.8,0.367,3,2,0.761,4.1,11.7,1
KL105907,AT,Paid Search,Basic,7,5,126,27.83,0.197,0,2,0.554,3.6,52.88,0
KL105908,DE,Paid Search,Plus,12,5,154,40.88,0.248,2,1,0.549,4.0,77.67,0
KL105909,DE,Paid Search,Basic,9,3,239,19.27,0.455,2,1,0.095,4.3,21.97,0
KL105910,Other,Social,Plus,1,2,225,39.03,0.609,2,0,0.496,3.4,29.66,0
KL105911,DE,Organic,Plus,21,4,164,47.39,0.596,1,4,0.034,,72.03,0
KL105912,DE,Social,Basic,4,2,238,18.34,0.657,5,0,0.671,3.9,13.94,0
KL105913,DE,Organic,Premium,2,3,230,50.29,0.493,1,1,0.325,3.8,57.33,0
KL105914,DE,Referral,Basic,34,5,258,29.14,0.671,3,2,0.535,3.3,55.37,1
KL105915,DE,Paid Search,Basic,64,7,156,21.5,0.384,0,2,0.128,3.3,57.19,0
KL105916,CH,Organic,Basic,71,12,100,33.9,0.538,1,0,0.054,4.2,154.58,0
KL105917,CH,Paid Search,Plus,21,2,199,39.29,0.133,0,0,0.448,4.7,29.86,0
KL105918,CH,Organic,Basic,1,8,188,19.6,0.416,2,0,0.534,4.8,59.58,1
KL105919,DE,Referral,Premium,6,2,160,66.12,0.422,0,2,0.58,3.8,50.25,1
KL105920,DE,Social,Basic,30,1,212,27.68,0.265,0,0,0.288,4.5,10.52,1
KL105921,DE,Paid Search,Basic,8,3,197,27.69,0.641,5,1,0.469,3.7,31.57,1
KL105922,AT,Paid Search,Plus,24,7,211,33.32,0.071,0,1,0.41,3.9,88.63,0
KL105923,DE,Referral,Premium,60,9,129,74.63,0.259,1,1,0.095,4.5,255.23,0
KL105924,DE,Social,Plus,8,4,183,37.2,0.065,2,0,0.496,4.4,56.54,0
KL105925,DE,Paid Search,Basic,7,5,198,39.46,0.453,2,0,0.345,5.0,74.97,0
KL105926,CH,Paid Search,Basic,4,3,174,14.24,0.74,2,2,0.639,3.0,16.23,0
KL105927,CH,Organic,Basic,17,5,152,34.9,0.358,1,1,0.092,5.0,66.31,0
KL105928,CH,Social,Plus,14,5,246,45.98,0.529,2,1,0.464,4.2,87.36,0
KL105929,DE,Paid Search,Plus,38,10,160,39.58,0.218,1,1,0.234,3.8,150.4,0
KL105930,Other,Social,Basic,23,2,247,14.66,0.558,3,0,0.089,,11.14,0
KL105931,DE,Paid Search,Plus,27,8,181,42.42,0.174,1,0,0.326,3.9,128.96,0
KL105932,DE,Paid Search,Plus,9,4,184,27.15,0.868,4,1,0.238,3.7,41.27,0
KL105933,DE,Paid Search,Basic,43,2,183,24.3,0.426,2,3,0.401,3.5,18.47,1
KL105934,DE,Social,Basic,32,3,176,34.25,0.261,2,2,0.684,4.1,39.04,1
KL105935,DE,Paid Search,Plus,35,3,170,40.36,0.168,1,0,0.226,4.5,46.01,1
KL105936,DE,Social,Basic,57,9,122,26.35,0.627,1,0,0.302,5.0,90.12,0
KL105937,DE,Organic,Basic,29,2,177,38.97,0.243,3,1,0.088,3.4,29.62,0
KL105938,AT,Social,Basic,32,4,215,29.0,0.449,3,0,0.252,4.6,44.08,0
KL105939,CH,Referral,Plus,44,8,122,55.65,0.433,1,0,0.249,4.7,169.18,0
KL105940,AT,Social,Plus,33,5,229,39.29,0.463,1,2,0.452,4.2,74.65,1
KL105941,DE,Paid Search,Plus,28,8,182,50.08,0.574,2,2,0.427,2.9,152.24,0
KL105942,DE,Social,Basic,15,3,220,26.73,0.47,7,1,0.128,3.9,30.47,0
KL105943,CH,Organic,Plus,4,6,180,44.7,0.155,0,0,0.105,4.1,101.92,1
KL105944,DE,Organic,Basic,5,0,235,21.33,0.108,0,0,0.284,4.5,8.11,1
KL105945,DE,Social,Plus,3,7,149,43.93,0.361,3,0,0.493,4.1,116.85,0
KL105946,DE,Social,Premium,29,7,134,67.46,0.32,1,0,0.437,,179.44,0
KL105947,AT,Organic,Plus,8,4,172,42.94,0.667,2,0,0.501,,65.27,0
KL105948,DE,Referral,Basic,39,6,126,14.06,0.31,0,1,0.306,3.5,32.06,0
KL105949,AT,Paid Search,Plus,6,6,188,50.16,0.332,1,0,0.285,4.3,114.36,0
KL105950,DE,Referral,Basic,2,3,161,30.41,0.492,3,1,0.675,3.9,34.67,0
KL105951,DE,Social,Basic,18,3,219,31.47,0.451,1,1,0.235,4.0,35.88,0
KL105952,DE,Referral,Premium,28,9,172,77.04,0.343,0,0,0.331,3.9,263.48,0
KL105953,DE,Social,Basic,8,3,205,27.35,0.886,3,1,0.199,4.5,31.18,0
KL105954,DE,Referral,Basic,16,0,202,33.38,0.559,3,1,0.336,4.3,12.68,1
KL105955,AT,Paid Search,Plus,1,3,166,48.12,0.522,1,2,0.43,4.5,54.86,0
KL105956,DE,Organic,Plus,3,5,155,39.74,0.55,1,2,0.521,3.0,75.51,1
KL105957,DE,Paid Search,Plus,8,7,132,42.0,0.365,2,0,0.118,4.5,111.72,0
KL105958,AT,Social,Basic,18,3,196,21.64,0.679,2,1,0.331,5.0,24.67,0
KL105959,DE,Organic,Plus,1,4,184,22.36,0.119,0,0,0.354,4.7,33.99,0
KL105960,DE,Referral,Basic,1,2,271,21.95,0.429,0,0,0.123,4.4,16.68,0
KL105961,DE,Organic,Premium,41,11,197,53.92,0.39,2,3,0.143,2.9,225.39,0
KL105962,DE,Social,Basic,27,2,257,15.95,0.363,1,1,0.183,3.5,12.12,1
KL105963,DE,Paid Search,Basic,7,1,205,22.31,0.502,3,0,0.019,3.7,8.48,1
KL105964,AT,Social,Plus,13,1,162,60.88,0.78,3,2,0.202,3.8,23.13,0
KL105965,DE,Referral,Basic,31,6,178,18.64,0.427,2,1,0.457,3.8,42.5,0
KL105966,CH,Paid Search,Plus,48,4,179,46.05,0.516,2,1,0.024,3.5,70.0,0
KL105967,DE,Social,Basic,11,2,205,12.92,0.247,1,1,0.531,3.9,9.82,1
KL105968,AT,Organic,Basic,37,3,211,30.32,0.592,3,0,0.206,4.6,34.56,0
KL105969,CH,Social,Basic,3,0,245,33.36,0.308,2,0,0.381,4.1,12.68,1
KL105970,DE,Social,Basic,8,2,142,19.04,0.499,2,0,0.33,3.4,14.47,0
KL105971,DE,Organic,Basic,25,4,233,22.75,0.649,3,0,0.554,4.0,34.58,0
KL105972,DE,Organic,Basic,26,6,206,20.49,0.484,1,0,0.225,5.0,46.72,0
KL105973,Other,Paid Search,Basic,22,0,200,31.94,0.46,0,2,0.293,4.0,12.14,0
KL105974,Other,Organic,Plus,72,10,171,44.25,0.522,2,1,0.033,3.9,168.15,0
KL105975,DE,Social,Plus,13,7,155,48.33,0.196,1,0,0.074,4.4,128.56,0
KL105976,AT,Organic,Basic,2,6,173,26.69,0.442,0,0,0.223,4.5,60.85,0
KL105977,DE,Referral,Basic,3,5,175,15.68,0.886,1,0,0.242,4.5,29.79,0
KL105978,DE,Referral,Basic,38,5,155,19.05,0.423,5,0,0.045,4.8,36.2,0
KL105979,AT,Referral,Basic,37,3,152,17.06,0.603,1,0,0.491,5.0,19.45,0
KL105980,DE,Paid Search,Basic,24,8,252,21.05,0.47,3,0,0.145,4.5,63.99,0
KL105981,DE,Organic,Basic,2,2,226,23.24,0.427,3,0,0.152,4.6,17.66,1
KL105982,CH,Social,Premium,34,9,153,61.17,0.683,3,0,0.114,4.2,209.2,0
KL105983,DE,Social,Plus,24,3,259,40.72,0.316,1,0,0.797,5.0,46.42,0
KL105984,AT,Referral,Basic,15,6,113,12.95,0.355,1,0,0.163,5.0,29.53,0
KL105985,DE,Paid Search,Basic,35,5,171,34.42,0.554,2,0,0.508,4.2,65.4,0
KL105986,DE,Organic,Basic,5,1,190,30.16,0.613,2,1,0.659,4.5,11.46,0
KL105987,DE,Referral,Basic,33,6,155,24.87,0.366,0,2,0.503,4.5,56.7,1
KL105988,Other,Social,Plus,11,3,197,37.5,0.422,2,0,0.483,4.8,42.75,0
KL105989,DE,Organic,Basic,3,1,197,23.73,0.86,2,1,0.584,4.5,9.02,0
KL105990,DE,Social,Basic,43,2,142,24.96,0.384,2,0,0.449,3.7,18.97,0
KL105991,AT,Organic,Basic,15,5,144,31.46,0.371,2,0,0.229,4.7,59.77,0
KL105992,Other,Paid Search,Plus,15,4,156,40.64,0.061,0,2,0.127,3.7,61.77,1
KL105993,CH,Paid Search,Basic,5,6,156,30.16,0.708,3,0,0.216,4.7,68.76,0
KL105994,DE,Paid Search,Premium,14,5,147,65.55,0.336,2,0,0.44,3.5,124.54,0
KL105995,DE,Organic,Basic,10,2,198,23.1,0.65,2,2,0.657,2.9,17.56,1
KL105996,DE,Organic,Basic,19,4,183,15.03,0.27,0,0,0.106,3.1,22.85,1
KL105997,CH,Paid Search,Basic,49,5,105,38.91,0.404,1,0,0.178,4.5,73.93,0
KL105998,CH,Organic,Plus,11,6,134,46.85,0.216,2,1,0.31,3.7,106.82,0
KL105999,CH,Paid Search,Basic,21,2,212,38.2,0.672,1,0,0.486,4.0,29.03,1
KL106000,DE,Paid Search,Basic,33,10,136,23.93,0.687,0,0,0.485,4.4,90.93,0
KL106001,DE,Social,Basic,5,2,142,30.63,0.473,1,2,0.102,3.5,23.28,0
KL106002,DE,Social,Basic,5,3,224,23.05,0.341,1,3,0.394,3.5,26.28,0
KL106003,DE,Organic,Basic,44,2,225,33.22,0.496,0,0,0.599,4.4,25.25,0
KL106004,DE,Organic,Plus,72,5,262,54.53,0.266,1,2,0.431,3.4,103.61,1
KL106005,DE,Social,Plus,39,6,234,54.11,0.616,1,0,0.28,4.2,123.37,0
KL106006,AT,Social,Plus,23,6,142,42.27,0.312,1,2,0.185,4.7,96.38,0
KL106007,CH,Referral,Premium,1,5,176,70.88,0.535,3,0,0.276,5.0,134.67,0
KL106008,CH,Referral,Basic,10,5,181,32.12,0.315,2,1,0.055,4.2,61.03,0
KL106009,CH,Paid Search,Premium,4,7,209,66.1,0.541,0,1,0.759,4.1,175.83,0
KL106010,CH,Referral,Basic,45,6,162,31.43,0.46,1,0,0.414,4.2,71.66,0
KL106011,AT,Paid Search,Basic,24,0,267,21.82,0.775,3,0,0.063,4.4,8.29,1
KL106012,DE,Social,Plus,50,6,182,29.69,0.33,0,1,0.801,4.5,67.69,0
KL106013,AT,Referral,Basic,6,0,192,31.45,0.811,3,0,0.133,4.9,11.95,0
KL106014,DE,Social,Basic,18,2,163,19.22,0.369,2,3,0.309,4.0,14.61,1
KL106015,DE,Paid Search,Plus,12,4,224,35.21,0.547,2,0,0.605,4.0,53.52,0
KL106016,DE,Paid Search,Basic,3,6,206,24.47,0.239,0,0,0.632,4.4,55.79,1
KL106017,CH,Organic,Basic,17,3,234,40.03,0.473,1,1,0.251,,45.63,1
KL106018,AT,Paid Search,Plus,33,3,106,41.46,0.178,0,0,0.425,5.0,47.26,0
KL106019,Other,Social,Basic,21,4,183,20.94,0.539,3,1,0.161,3.7,31.83,0
KL106020,Other,Social,Basic,50,3,240,18.13,0.746,2,0,0.52,4.9,20.67,1
KL106021,CH,Organic,Basic,17,2,154,26.57,0.305,2,1,0.107,3.6,20.19,0
KL106022,DE,Social,Premium,6,6,192,63.27,0.273,2,0,0.638,,144.26,0
KL106023,CH,Paid Search,Premium,3,8,137,55.65,0.301,2,0,0.292,4.0,169.18,0
KL106024,CH,Paid Search,Plus,20,4,155,43.07,0.651,0,1,0.136,3.8,65.47,0
KL106025,CH,Paid Search,Basic,6,4,163,14.85,,1,1,0.149,4.2,22.57,0
KL106026,DE,Paid Search,Basic,46,4,243,19.38,0.338,0,0,0.429,3.9,29.46,1
KL106027,DE,Social,Basic,55,10,171,38.9,0.637,2,2,0.367,3.5,147.82,0
KL106028,Other,Social,Plus,25,7,160,32.64,0.512,3,2,0.258,3.9,86.82,0
KL106029,DE,Social,Plus,16,7,241,40.91,0.664,0,0,0.255,5.0,108.82,0
KL106030,DE,Paid Search,Plus,1,11,69,45.06,0.228,0,0,0.217,5.0,188.35,0
KL106031,DE,Social,Basic,1,3,174,42.54,0.589,2,0,0.295,3.5,48.5,0
KL106032,DE,Organic,Premium,32,10,196,77.16,0.587,1,1,0.352,4.1,293.21,0
KL106033,DE,Paid Search,Basic,17,3,190,33.18,0.248,1,0,0.126,4.0,37.83,0
KL106034,Other,Paid Search,Basic,30,2,197,19.36,0.334,2,2,0.201,3.0,14.71,1
KL106035,CH,Social,Basic,2,1,208,20.32,0.332,1,0,0.024,4.7,7.72,0
KL106036,CH,Referral,Plus,4,3,180,38.15,0.498,1,0,0.128,3.7,43.49,0
KL106037,DE,Organic,Premium,36,6,204,84.47,0.323,0,1,0.268,4.8,192.59,1
KL106038,DE,Social,Basic,16,2,175,31.95,0.063,0,2,0.283,3.9,24.28,1
KL106039,DE,Organic,Premium,21,5,274,64.52,0.072,0,1,0.161,4.6,122.59,1
KL106040,DE,Paid Search,Basic,32,6,122,29.47,0.717,1,0,0.418,4.3,67.19,0
KL106041,DE,Social,Basic,7,4,247,38.87,0.51,1,0,0.151,5.0,59.08,1
KL106042,CH,Social,Basic,6,5,209,23.1,0.219,0,0,0.501,5.0,43.89,0
KL106043,Other,Social,Basic,14,4,164,28.56,0.688,4,0,0.22,4.4,43.41,0
KL106044,DE,Social,Plus,2,7,173,40.13,0.464,4,0,0.314,4.3,106.75,0
KL106045,DE,Organic,Basic,67,9,178,22.17,0.365,1,1,0.44,4.5,75.82,0
KL106046,DE,Referral,Basic,17,3,218,25.96,,4,0,0.159,4.0,29.59,0
KL106047,DE,Referral,Basic,2,1,145,30.76,0.237,1,2,0.191,4.3,11.69,1
KL106048,DE,Paid Search,Plus,7,6,186,44.3,0.177,3,2,0.317,3.8,101.0,1
KL106049,DE,Organic,Premium,25,7,115,76.12,0.6,5,0,0.445,4.3,202.48,0
KL106050,DE,Organic,Plus,21,6,209,36.96,0.451,4,1,0.17,3.4,84.27,0
KL106051,DE,Social,Basic,17,2,241,29.84,0.445,2,0,0.16,4.5,22.68,0
KL106052,CH,Referral,Basic,72,8,108,18.4,0.567,5,2,0.152,3.0,55.94,0
KL106053,DE,Social,Basic,2,5,111,27.35,0.398,3,0,0.326,5.0,51.96,0
KL106054,DE,Paid Search,Premium,32,7,153,52.64,0.755,1,1,0.17,3.7,140.02,0
KL106055,DE,Organic,Basic,2,1,204,31.75,0.146,0,1,0.561,4.1,12.06,1
KL106056,DE,Paid Search,Premium,7,6,172,79.46,0.399,1,3,0.299,3.5,181.17,1
KL106057,DE,Paid Search,Plus,14,7,179,50.21,0.275,1,1,0.258,3.8,133.56,0
KL106058,CH,Organic,Plus,15,7,159,38.83,0.41,1,0,0.244,5.0,103.29,0
KL106059,CH,Organic,Plus,23,8,160,49.75,0.359,1,1,0.1,4.4,151.24,0
KL106060,AT,Organic,Basic,11,1,183,16.07,0.407,2,0,0.143,4.3,6.11,1
KL106061,DE,Organic,Basic,3,4,152,31.46,0.536,3,0,0.368,4.1,47.82,0
KL106062,DE,Social,Basic,22,3,217,48.28,0.099,1,2,0.24,3.4,55.04,1
KL106063,DE,Paid Search,Basic,12,2,222,31.38,0.326,0,1,0.417,4.7,23.85,1
KL106064,DE,Paid Search,Plus,24,5,167,39.81,0.451,2,0,0.482,5.0,75.64,0
KL106065,CH,Paid Search,Basic,24,3,159,25.27,0.327,1,1,0.267,3.9,28.81,0
KL106066,DE,Referral,Premium,8,6,226,67.15,0.716,4,0,0.378,4.6,153.1,0
KL106067,DE,Social,Premium,23,7,224,64.56,0.788,3,1,0.608,4.3,171.73,0
KL106068,DE,Social,Basic,12,1,252,24.09,0.339,1,1,0.5,4.8,9.15,1
KL106069,DE,Social,Basic,50,8,178,26.67,0.117,1,2,0.339,4.4,81.08,0
KL106070,CH,Social,Basic,18,5,142,14.57,0.66,5,0,0.335,4.3,27.68,0
KL106071,DE,Social,Basic,9,1,257,33.76,0.765,3,3,0.197,3.9,12.83,1
KL106072,DE,Paid Search,Plus,6,6,192,50.48,0.365,1,1,0.221,4.6,115.09,0
KL106073,DE,Paid Search,Plus,2,5,144,47.43,0.251,0,2,0.414,3.7,90.12,0
KL106074,CH,Paid Search,Plus,6,1,237,39.06,0.449,1,2,0.525,3.4,14.84,1
KL106075,DE,Paid Search,Basic,5,4,170,30.75,0.356,1,3,0.427,2.7,46.74,0
KL106076,AT,Organic,Plus,13,3,225,45.14,0.32,4,0,0.347,5.0,51.46,0
KL106077,DE,Paid Search,Plus,2,2,244,39.47,0.347,4,1,0.199,4.4,30.0,1
KL106078,DE,Paid Search,Premium,1,7,182,74.07,0.402,1,2,0.247,4.3,197.03,1
KL106079,CH,Paid Search,Plus,5,4,159,48.58,0.515,5,0,0.17,3.7,73.84,0
KL106080,DE,Paid Search,Plus,21,1,234,49.89,0.549,4,2,0.479,3.7,18.96,0
KL106081,DE,Organic,Basic,38,5,200,30.5,0.465,4,0,0.454,4.6,57.95,0
KL106082,DE,Organic,Plus,7,4,163,29.84,0.539,5,2,0.102,3.7,45.36,0
KL106083,DE,Paid Search,Basic,6,2,192,10.08,0.173,0,1,0.094,3.9,7.66,1
KL106084,DE,Social,Basic,18,4,255,23.94,0.559,3,1,0.714,4.3,36.39,1
KL106085,CH,Organic,Basic,14,6,230,21.11,0.415,4,1,0.234,3.6,48.13,0
KL106086,DE,Organic,Basic,50,1,193,27.34,0.388,0,0,0.248,4.5,10.39,0
KL106087,DE,Organic,Basic,18,4,117,18.62,0.469,2,2,0.734,3.6,28.3,0
KL106088,DE,Paid Search,Basic,13,3,248,18.68,0.398,0,0,0.381,5.0,21.3,1
KL106089,AT,Organic,Plus,21,7,238,25.54,0.309,2,0,0.237,4.1,67.94,0
KL106090,DE,Paid Search,Plus,8,7,219,30.78,0.622,7,0,0.465,4.9,81.87,0
KL106091,DE,Paid Search,Premium,28,4,176,61.27,0.65,3,1,0.211,3.9,93.13,0
KL106092,DE,Referral,Plus,35,7,187,37.1,0.756,3,0,0.132,4.4,98.69,0
KL106093,DE,Social,Basic,2,4,156,36.16,0.631,3,0,0.752,4.0,54.96,0
KL106094,Other,Organic,Plus,21,10,178,39.25,0.209,0,0,0.432,4.7,149.15,0
KL106095,DE,Paid Search,Plus,31,5,160,29.01,0.614,4,0,0.159,4.0,55.12,0
KL106096,DE,Social,Basic,3,0,198,25.56,0.669,2,0,0.163,3.4,9.71,1
KL106097,DE,Organic,Premium,4,3,193,68.64,0.44,0,0,0.154,4.9,78.25,0
KL106098,AT,Referral,Premium,21,7,144,45.92,0.367,0,1,0.163,3.8,122.15,0
KL106099,DE,Paid Search,Basic,23,6,198,37.57,0.158,0,0,0.092,5.0,85.66,0
KL106100,DE,Organic,Plus,17,7,134,45.23,0.583,0,0,0.218,4.2,120.31,0
KL106101,DE,Organic,Basic,44,4,279,39.04,0.33,2,0,0.588,4.2,59.34,1
KL106102,CH,Referral,Premium,1,9,167,68.66,0.746,3,0,0.167,4.0,234.82,0
KL106103,CH,Referral,Plus,11,6,160,38.42,0.171,3,0,0.473,4.6,87.6,0
KL106104,DE,Social,Basic,8,2,170,27.36,0.451,0,1,0.702,3.6,20.79,1
KL106105,Other,Organic,Plus,10,4,177,37.99,0.172,1,1,0.441,4.3,57.74,1
KL106106,Other,Social,Plus,20,3,189,48.49,0.232,2,0,0.058,4.6,55.28,0
KL106107,DE,Organic,Basic,11,4,179,21.62,0.187,0,1,0.151,3.8,32.86,0
KL106108,DE,Paid Search,Plus,30,2,187,44.57,,5,0,0.556,4.4,33.87,0
KL106109,DE,Social,Plus,20,5,151,51.04,0.921,5,0,0.259,4.1,96.98,0
KL106110,DE,Referral,Basic,5,1,244,29.69,0.207,3,1,0.541,4.2,11.28,1
KL106111,DE,Paid Search,Plus,3,5,229,42.5,0.601,1,0,0.194,4.9,80.75,0
KL106112,DE,Paid Search,Basic,6,5,150,31.24,0.561,2,0,0.367,4.7,59.36,0
KL106113,Other,Organic,Basic,4,2,202,22.41,0.265,1,1,0.263,3.6,17.03,0
KL106114,DE,Paid Search,Plus,10,8,93,24.52,0.328,3,1,0.253,,74.54,0
KL106115,CH,Organic,Basic,7,4,169,19.98,0.692,2,1,0.075,4.1,30.37,0
KL106116,DE,Social,Basic,9,5,249,21.65,0.373,3,0,0.474,5.0,41.14,1
KL106117,DE,Organic,Premium,17,3,238,67.61,0.43,2,0,0.688,,77.08,0
KL106118,CH,Social,Plus,3,8,178,34.7,0.201,0,0,0.423,,105.49,0
KL106119,DE,Organic,Plus,4,5,140,35.74,0.426,0,0,0.444,3.8,67.91,0
KL106120,DE,Paid Search,Plus,6,6,148,47.97,0.351,2,1,0.247,3.6,109.37,0
KL106121,DE,Organic,Premium,43,14,90,68.07,0.383,2,1,0.589,4.0,362.13,0
KL106122,AT,Paid Search,Premium,9,4,224,74.57,0.537,3,0,0.319,4.1,113.35,0
KL106123,DE,Paid Search,Basic,11,3,242,27.11,0.48,0,0,0.731,3.9,30.91,0
KL106124,DE,Social,Basic,57,5,180,15.71,0.315,2,1,0.542,,29.85,0
KL106125,DE,Referral,Basic,8,2,236,45.03,0.729,2,1,0.455,4.3,34.22,1
KL106126,DE,Organic,Basic,13,3,171,32.83,0.211,0,0,0.51,4.6,37.43,1
KL106127,DE,Paid Search,Basic,40,7,176,23.25,0.391,0,0,0.168,4.7,61.84,0
KL106128,DE,Referral,Plus,37,7,201,48.88,0.475,2,2,0.805,3.5,130.02,1
KL106129,DE,Organic,Plus,51,11,188,43.54,0.211,2,1,0.66,3.4,182.0,0
KL106130,DE,Social,Premium,7,5,140,74.73,0.639,2,2,0.359,3.4,141.99,0
KL106131,AT,Referral,Basic,8,7,215,29.83,0.337,0,1,0.34,4.2,79.35,0
KL106132,AT,Social,Basic,4,2,289,24.61,0.186,2,0,0.476,4.1,18.7,0
KL106133,DE,Paid Search,Basic,10,6,123,30.18,0.372,2,2,0.528,3.7,68.81,0
KL106134,DE,Social,Basic,17,4,133,35.74,0.49,3,0,0.434,4.3,54.32,0
KL106135,DE,Paid Search,Basic,32,6,230,21.65,0.644,1,0,0.318,4.3,49.36,0
KL106136,Other,Paid Search,Premium,56,10,128,65.41,0.558,3,0,0.388,5.0,248.56,0
KL106137,DE,Referral,Basic,18,3,191,18.35,0.25,1,1,0.279,3.6,20.92,1
KL106138,DE,Organic,Plus,5,6,216,45.84,0.48,1,2,0.07,3.4,104.52,1
KL106139,DE,Social,Basic,42,6,144,28.41,0.47,4,1,0.418,3.8,64.77,0
KL106140,DE,Paid Search,Plus,16,2,216,47.05,0.417,2,0,0.303,5.0,35.76,0
KL106141,DE,Organic,Premium,2,7,119,73.04,0.779,5,0,0.437,4.0,194.29,0
KL106142,DE,Social,Premium,30,9,181,59.67,0.097,0,0,0.18,3.9,204.07,0
KL106143,AT,Social,Basic,20,2,237,29.49,0.286,1,0,0.16,5.0,22.41,1
KL106144,DE,Paid Search,Premium,27,5,189,66.82,0.315,2,0,0.244,4.4,126.96,0
KL106145,AT,Social,Basic,2,3,200,22.82,0.617,0,2,0.392,4.4,26.01,0
KL106146,CH,Paid Search,Plus,15,3,199,34.02,0.119,0,0,0.36,4.7,38.78,0
KL106147,DE,Referral,Basic,20,4,185,40.22,0.481,5,0,0.515,3.6,61.13,0
KL106148,CH,Social,Plus,11,4,189,38.64,0.492,2,2,0.269,3.6,58.73,0
KL106149,AT,Social,Plus,1,3,230,38.61,0.27,0,0,0.554,4.6,44.02,1
KL106150,CH,Organic,Plus,28,8,97,39.96,0.541,2,1,0.275,4.5,121.48,0
KL106151,AT,Paid Search,Plus,8,6,239,46.04,0.572,2,2,0.178,4.3,104.97,0
KL106152,DE,Referral,Basic,32,5,190,24.19,,1,1,0.114,4.1,45.96,0
KL106153,DE,Organic,Premium,32,10,222,58.74,0.492,2,0,0.446,4.1,223.21,0
KL106154,DE,Paid Search,Basic,7,5,192,29.22,0.595,4,0,0.465,4.5,55.52,0
KL106155,DE,Social,Basic,12,3,200,33.64,0.552,3,0,0.093,3.7,38.35,0
KL106156,DE,Social,Basic,45,6,197,31.65,0.169,0,0,0.286,4.0,72.16,0
KL106157,DE,Social,Basic,21,2,163,23.02,0.191,0,0,0.587,4.5,17.5,0
KL106158,DE,Social,Basic,19,2,170,19.26,0.258,2,2,0.156,3.3,14.64,0
KL106159,Other,Referral,Plus,4,4,184,34.26,0.212,0,0,0.331,4.3,52.08,0
KL106160,AT,Paid Search,Basic,14,2,210,30.63,0.365,0,1,0.399,5.0,23.28,1
KL106161,DE,Paid Search,Plus,35,7,203,46.23,0.661,1,2,0.271,,122.97,1
KL106162,DE,Social,Basic,4,5,186,24.13,,1,1,0.263,4.4,45.85,0
KL106163,DE,Social,Plus,6,3,250,37.63,0.131,0,1,0.121,3.7,42.9,1
KL106164,CH,Organic,Basic,13,6,81,18.34,0.832,2,0,0.334,4.7,41.82,0
KL106165,AT,Paid Search,Basic,11,6,238,27.45,0.44,2,0,0.243,5.0,62.59,0
KL106166,DE,Paid Search,Plus,2,4,177,47.48,0.442,1,0,0.473,4.7,72.17,1
KL106167,DE,Social,Premium,62,11,159,59.59,0.27,2,0,0.602,4.7,249.09,0
KL106168,DE,Paid Search,Premium,5,7,209,73.38,,3,1,0.467,3.9,195.19,0
KL106169,AT,Social,Basic,19,1,169,19.6,0.242,1,1,0.51,4.2,7.45,1
KL106170,Other,Social,Premium,17,6,226,58.65,0.411,1,1,0.027,3.8,133.72,0
KL106171,DE,Organic,Plus,18,2,233,40.74,,1,0,0.213,4.2,30.96,1
KL106172,DE,Paid Search,Premium,56,5,245,66.24,0.764,1,1,0.245,4.1,125.86,0
KL106173,DE,Paid Search,Basic,72,5,186,26.0,0.674,1,1,0.398,4.0,49.4,0
KL106174,DE,Organic,Basic,24,3,199,30.1,0.534,3,0,0.219,4.7,34.31,0
KL106175,Other,Paid Search,Basic,5,2,181,29.78,0.558,2,0,0.297,4.4,22.63,1
KL106176,AT,Paid Search,Plus,30,3,174,51.49,0.239,1,0,0.391,4.3,58.7,0
KL106177,DE,Social,Basic,5,0,221,28.57,0.366,0,2,0.441,3.4,10.86,1
KL106178,DE,Paid Search,Basic,14,3,220,25.34,0.198,1,0,0.303,5.0,28.89,1
KL106179,DE,Organic,Plus,9,6,201,45.2,0.248,1,1,0.123,,103.06,0
KL106180,DE,Paid Search,Premium,3,3,164,50.77,0.717,4,0,0.365,3.9,57.88,0
KL106181,DE,Social,Plus,10,3,196,30.99,0.661,3,1,0.35,4.1,35.33,0
KL106182,CH,Paid Search,Plus,3,7,175,49.17,0.173,0,1,0.28,4.1,130.79,0
KL106183,AT,Organic,Basic,1,1,140,23.68,,3,0,0.321,4.7,9.0,0
KL106184,DE,Referral,Premium,2,8,189,58.6,0.181,0,0,0.081,5.0,178.14,0
KL106185,AT,Organic,Basic,15,6,166,31.5,0.387,4,0,0.187,3.9,71.82,0
KL106186,AT,Organic,Basic,10,1,215,26.95,0.226,0,0,0.317,4.4,10.24,1
KL106187,DE,Paid Search,Basic,5,5,234,35.62,0.334,2,1,0.217,4.2,67.68,1
KL106188,AT,Social,Basic,44,3,164,24.65,0.56,5,0,0.414,3.5,28.1,0
KL106189,DE,Social,Plus,2,1,184,52.16,0.268,0,1,0.566,4.6,19.82,1
KL106190,CH,Organic,Plus,45,10,63,39.19,0.454,3,0,0.522,5.0,148.92,0
KL106191,DE,Social,Basic,46,5,180,35.42,0.374,2,0,0.159,3.9,67.3,0
KL106192,DE,Social,Basic,12,6,213,28.69,0.299,0,0,0.031,4.9,65.41,0
KL106193,DE,Referral,Basic,2,3,125,21.45,0.301,0,0,0.753,4.2,24.45,0
KL106194,DE,Referral,Basic,48,3,162,27.41,0.424,2,0,0.412,4.2,31.25,0
KL106195,DE,Social,Premium,43,7,172,65.86,0.52,0,2,0.401,3.5,175.19,0
KL106196,CH,Organic,Plus,7,4,174,41.22,0.205,0,0,0.117,4.3,62.65,0
KL106197,DE,Organic,Basic,6,1,199,21.74,0.52,3,0,0.453,4.2,8.26,0
KL106198,DE,Referral,Basic,11,2,212,39.46,0.521,3,1,0.344,3.9,29.99,0
KL106199,Other,Paid Search,Plus,2,1,279,43.95,0.242,2,0,0.16,4.8,16.7,1
KL106200,DE,Paid Search,Plus,4,3,200,24.37,0.457,2,0,0.692,4.0,27.78,1
KL106201,DE,Referral,Premium,55,8,167,66.63,0.517,2,0,0.478,4.4,202.56,0
KL106202,DE,Social,Basic,11,3,215,32.06,0.67,1,2,0.556,4.1,36.55,1
KL106203,DE,Social,Plus,18,5,114,25.98,0.13,0,3,0.191,3.0,49.36,0
KL106204,DE,Referral,Basic,11,0,234,22.31,0.142,0,2,0.543,3.2,8.48,1
KL106205,AT,Organic,Plus,2,4,136,49.4,0.809,1,1,0.569,4.2,75.09,0
KL106206,DE,Social,Basic,12,2,207,29.28,0.287,1,0,0.25,4.4,22.25,0
KL106207,DE,Referral,Plus,3,5,221,43.3,0.478,3,1,0.177,3.5,82.27,0
KL106208,DE,Organic,Basic,21,5,168,18.41,0.368,0,1,0.358,3.7,34.98,0
KL106209,CH,Organic,Plus,72,10,180,35.16,0.707,5,0,0.378,5.0,133.61,0
KL106210,DE,Social,Basic,8,3,138,17.13,0.585,1,0,0.373,4.7,19.53,0
KL106211,AT,Paid Search,Plus,4,4,200,26.9,0.327,1,1,0.33,4.6,40.89,0
KL106212,DE,Organic,Basic,17,2,217,8.0,0.583,1,1,0.468,4.1,6.08,0
KL106213,DE,Organic,Plus,46,5,88,58.67,0.313,0,1,0.293,,111.47,0
KL106214,DE,Organic,Basic,9,5,200,22.17,0.772,0,0,0.206,4.4,42.12,0
KL106215,DE,Organic,Plus,45,2,102,44.27,0.429,3,1,0.099,3.8,33.65,0
KL106216,DE,Social,Plus,2,1,220,51.01,0.12,0,0,0.49,4.1,19.38,1
KL106217,AT,Social,Basic,72,2,222,29.2,0.456,3,0,0.31,4.2,22.19,0
KL106218,DE,Social,Basic,12,6,159,27.23,0.604,1,0,0.7,,62.08,1
KL106219,DE,Organic,Basic,21,4,196,30.87,0.436,3,0,0.407,4.5,46.92,1
KL106220,DE,Paid Search,Basic,28,1,293,44.38,0.393,3,0,0.143,3.7,16.86,1
KL106221,DE,Organic,Plus,8,11,115,42.44,0.295,1,0,0.364,4.9,177.4,0
KL106222,DE,Social,Basic,17,4,149,16.33,,2,2,0.523,3.6,24.82,0
KL106223,DE,Referral,Basic,26,7,238,19.21,0.772,1,2,0.171,3.2,51.1,0
KL106224,DE,Paid Search,Basic,16,2,213,20.41,0.247,1,0,0.327,3.9,15.51,0
KL106225,DE,Referral,Basic,22,1,255,26.39,,0,2,0.15,3.6,10.03,1
KL106226,DE,Organic,Basic,10,4,132,18.33,0.783,4,1,0.107,3.7,27.86,0
KL106227,DE,Organic,Plus,15,1,127,37.2,0.372,0,1,0.412,2.9,14.14,1
KL106228,DE,Social,Basic,6,4,159,26.63,0.167,2,0,0.054,3.9,40.48,0
KL106229,DE,Paid Search,Premium,4,3,191,72.84,0.432,1,0,0.443,4.9,83.04,0
KL106230,CH,Referral,Plus,59,8,139,34.77,0.073,0,1,0.5,3.9,105.7,0
KL106231,DE,Organic,Basic,37,3,179,32.67,0.478,2,2,0.484,3.5,37.24,0
KL106232,CH,Social,Premium,60,8,92,66.86,0.172,0,0,0.236,3.6,203.25,0
KL106233,DE,Organic,Plus,2,4,197,47.45,0.523,1,0,0.071,,72.12,0
KL106234,DE,Organic,Plus,72,7,156,22.84,0.813,2,1,0.658,4.6,60.75,0
KL106235,DE,Paid Search,Basic,11,0,144,13.59,0.06,1,0,0.314,5.0,5.16,0
KL106236,DE,Referral,Plus,69,8,146,29.68,0.375,1,1,0.299,4.4,90.23,0
KL106237,AT,Paid Search,Basic,7,3,192,38.71,0.318,1,1,0.447,4.4,44.13,0
KL106238,CH,Paid Search,Plus,1,5,218,35.68,0.223,1,0,0.464,4.3,67.79,0
KL106239,DE,Organic,Basic,16,4,170,18.53,0.291,1,0,0.429,4.6,28.17,0
KL106240,AT,Organic,Basic,39,4,223,26.96,0.327,3,1,0.038,3.6,40.98,0
KL106241,DE,Organic,Plus,18,6,203,58.41,0.308,1,0,0.364,3.9,133.17,0
KL106242,DE,Social,Basic,4,2,176,22.47,0.718,3,1,0.249,4.0,17.08,0
KL106243,CH,Organic,Basic,6,3,220,22.6,0.371,4,0,0.313,4.8,25.76,1
KL106244,DE,Organic,Plus,4,6,213,49.59,0.373,1,0,0.654,4.2,113.07,1
KL106245,DE,Paid Search,Basic,35,3,235,29.85,0.135,1,2,0.474,3.0,34.03,1
KL106246,Other,Paid Search,Basic,17,2,217,27.89,0.553,3,0,0.517,5.0,21.2,0
KL106247,Other,Paid Search,Basic,1,2,201,24.15,0.1,0,2,0.261,3.8,18.35,1
KL106248,DE,Organic,Premium,9,5,133,67.24,0.465,3,0,0.793,,127.76,0
KL106249,DE,Paid Search,Plus,23,4,230,20.33,0.675,1,1,0.279,4.0,30.9,0
KL106250,CH,Social,Plus,11,6,121,44.08,0.56,0,0,0.011,4.3,100.5,0
KL106251,DE,Organic,Plus,23,4,183,31.85,0.311,0,0,0.194,3.9,48.41,0
KL106252,DE,Social,Plus,18,4,226,53.56,0.247,0,1,0.46,,81.41,1
KL106253,DE,Organic,Plus,8,0,185,50.25,0.372,1,1,0.311,4.5,19.1,1
KL106254,CH,Referral,Plus,5,6,172,48.0,0.718,3,2,0.607,4.1,109.44,0
KL106255,CH,Referral,Premium,24,1,157,80.75,0.293,1,0,0.218,4.4,30.68,1
KL106256,AT,Organic,Plus,25,9,136,63.15,0.368,2,0,0.279,5.0,215.97,0
KL106257,DE,Paid Search,Basic,72,7,129,27.84,0.374,1,0,0.13,3.4,74.05,0
KL106258,DE,Paid Search,Basic,8,5,153,28.2,0.041,1,0,0.374,4.5,53.58,0
KL106259,DE,Social,Basic,72,4,208,33.64,0.721,3,0,0.792,4.6,51.13,0
KL106260,CH,Paid Search,Plus,9,4,211,46.82,0.396,0,2,0.181,4.0,71.17,1
KL106261,DE,Paid Search,Premium,19,4,168,45.81,0.472,2,0,0.222,3.7,69.63,0
KL106262,DE,Organic,Plus,1,3,206,39.63,0.362,0,1,0.374,4.2,45.18,1
KL106263,AT,Organic,Plus,59,5,164,34.62,0.352,1,0,0.227,4.2,65.78,0
KL106264,DE,Social,Plus,2,3,184,45.11,0.428,1,0,0.196,4.5,51.43,0
KL106265,CH,Paid Search,Premium,4,3,156,68.42,0.406,2,0,0.3,4.2,78.0,0
KL106266,DE,Social,Plus,20,3,178,41.93,0.223,0,0,0.432,4.2,47.8,0
KL106267,CH,Social,Basic,20,6,103,22.21,0.158,0,1,0.721,4.4,50.64,0
KL106268,DE,Paid Search,Basic,35,6,246,23.46,0.536,1,0,0.296,3.9,53.49,0
KL106269,DE,Paid Search,Basic,13,1,254,42.54,0.216,2,0,0.22,4.4,16.17,1
KL106270,DE,Referral,Basic,15,5,266,8.5,0.361,1,1,0.183,4.5,16.15,0
KL106271,DE,Social,Basic,72,11,172,52.16,0.352,1,2,0.761,3.8,218.03,0
KL106272,DE,Referral,Basic,13,1,223,42.8,0.68,2,0,0.155,3.5,16.26,1
KL106273,DE,Referral,Basic,21,5,104,26.53,0.342,3,1,0.462,4.6,50.41,0
KL106274,DE,Paid Search,Basic,44,5,217,33.02,0.219,0,0,0.328,4.7,62.74,0
KL106275,AT,Social,Premium,44,11,180,63.96,0.497,0,2,0.076,3.5,267.35,0
KL106276,DE,Social,Basic,14,4,149,26.51,0.747,2,0,0.141,4.0,40.3,0
KL106277,AT,Organic,Plus,17,10,160,38.23,0.264,1,1,0.225,4.3,145.27,0
KL106278,AT,Paid Search,Basic,10,6,178,22.5,0.153,1,0,0.424,4.1,51.3,0
KL106279,DE,Paid Search,Premium,11,3,194,70.54,0.388,0,0,0.541,4.9,80.42,1
KL106280,CH,Paid Search,Plus,59,10,160,34.93,0.203,1,1,0.599,4.1,132.73,0
KL106281,DE,Organic,Premium,18,9,165,65.36,0.134,0,1,0.395,4.3,223.53,0
KL106282,DE,Social,Plus,33,4,154,38.64,0.096,0,0,0.031,4.2,58.73,0
KL106283,DE,Social,Plus,2,2,238,57.52,0.395,0,0,0.278,4.4,43.72,1
KL106284,CH,Paid Search,Basic,4,7,113,36.56,0.332,0,1,0.378,4.4,97.25,1
KL106285,DE,Organic,Basic,6,1,230,21.95,0.479,2,0,0.097,4.2,8.34,0
KL106286,DE,Paid Search,Plus,12,5,191,52.3,0.416,4,0,0.307,3.3,99.37,0
KL106287,Other,Organic,Basic,3,2,178,31.03,0.266,0,1,0.382,3.9,23.58,1
KL106288,DE,Organic,Basic,3,2,248,36.8,0.726,1,2,0.248,3.4,27.97,1
KL106289,CH,Paid Search,Premium,16,5,114,72.5,0.459,3,0,0.481,4.3,137.75,0
KL106290,AT,Referral,Basic,19,4,198,16.4,,1,0,0.234,3.9,24.93,0
KL106291,Other,Paid Search,Plus,29,7,171,46.46,0.527,5,0,0.306,4.2,123.58,0
KL106292,CH,Paid Search,Basic,54,7,220,27.43,0.205,1,2,0.476,4.2,72.96,0
KL106293,Other,Social,Basic,18,0,243,43.46,0.354,0,2,0.241,3.8,16.51,1
KL106294,DE,Paid Search,Basic,26,4,111,20.47,0.307,0,0,0.147,3.9,31.11,0
KL106295,CH,Referral,Basic,52,6,156,33.66,0.474,4,1,0.351,4.3,76.74,0
KL106296,CH,Organic,Plus,8,6,229,32.2,0.452,6,3,0.767,2.8,73.42,1
KL106297,AT,Paid Search,Premium,21,5,175,82.3,0.51,2,2,0.288,2.8,156.37,0
KL106298,DE,Organic,Basic,14,2,165,32.55,0.33,0,0,0.144,3.9,24.74,1
KL106299,Other,Paid Search,Basic,3,1,210,23.75,,3,0,0.268,4.7,9.02,0
KL106300,DE,Referral,Plus,5,4,247,53.51,0.417,3,1,0.609,4.0,81.34,1
KL106301,DE,Social,Basic,6,5,150,42.1,0.205,0,0,0.444,4.4,79.99,0
KL106302,DE,Paid Search,Basic,5,1,175,31.22,0.29,0,2,0.525,4.1,11.86,1
KL106303,DE,Organic,Basic,62,1,204,26.36,0.527,3,1,0.53,4.1,10.02,0
KL106304,AT,Referral,Plus,5,2,181,32.63,0.199,0,0,0.081,4.3,24.8,0
KL106305,DE,Paid Search,Basic,25,2,230,19.86,0.354,0,0,0.37,4.4,15.09,1
KL106306,AT,Organic,Basic,3,2,192,17.62,0.485,1,2,0.271,3.5,13.39,1
KL106307,CH,Referral,Premium,46,11,144,74.03,0.058,0,1,0.25,4.2,309.45,0
KL106308,DE,Paid Search,Premium,48,12,181,74.42,0.481,4,2,0.433,3.7,339.36,0
KL106309,AT,Paid Search,Plus,66,7,131,33.08,0.234,0,0,0.185,,87.99,0
KL106310,DE,Organic,Plus,26,4,224,51.74,0.812,2,0,0.271,4.9,78.64,0
KL106311,CH,Organic,Premium,15,3,228,62.38,0.18,2,0,0.489,3.8,71.11,0
KL106312,Other,Social,Plus,45,6,129,37.13,0.642,0,0,0.649,4.0,84.66,0
KL106313,DE,Paid Search,Plus,39,11,180,45.58,0.212,1,0,0.104,5.0,190.52,0
KL106314,AT,Referral,Basic,15,3,153,27.19,0.358,1,1,0.36,4.1,31.0,0
KL106315,DE,Organic,Basic,16,4,137,13.27,0.626,4,0,0.373,5.0,20.17,0
KL106316,DE,Paid Search,Plus,23,5,151,38.9,0.662,2,1,0.365,4.1,73.91,0
KL106317,AT,Social,Plus,4,3,168,30.68,0.487,2,1,0.172,4.0,34.98,1
KL106318,DE,Paid Search,Basic,4,0,208,13.76,0.148,0,1,0.384,3.6,5.23,1
KL106319,DE,Paid Search,Plus,6,4,149,36.68,0.28,1,2,0.058,3.4,55.75,1
KL106320,DE,Paid Search,Plus,3,1,232,41.02,0.204,0,2,0.149,3.4,15.59,1
KL106321,DE,Social,Basic,32,9,143,16.87,0.226,0,0,0.485,5.0,57.7,0
KL106322,CH,Social,Plus,29,6,178,42.3,0.193,0,1,0.374,,96.44,1
KL106323,DE,Organic,Basic,5,6,196,28.48,0.809,3,1,0.327,4.3,64.93,0
KL106324,DE,Paid Search,Plus,6,4,241,47.44,0.528,2,0,0.098,4.2,72.11,0
KL106325,DE,Paid Search,Premium,51,5,165,63.23,0.425,3,1,0.076,4.1,120.14,0
KL106326,CH,Organic,Premium,24,12,102,70.61,0.551,4,0,0.479,4.5,321.98,0
KL106327,DE,Organic,Premium,3,4,216,71.3,0.044,0,0,0.027,3.2,108.38,0
KL106328,DE,Referral,Plus,9,3,240,29.39,0.322,2,0,0.344,4.0,33.5,1
KL106329,DE,Organic,Basic,21,5,183,41.92,0.437,1,1,0.41,4.1,79.65,0
KL106330,DE,Organic,Plus,29,9,150,51.76,0.049,1,0,0.158,3.8,177.02,0
KL106331,Other,Paid Search,Basic,15,5,173,25.51,0.669,1,0,0.107,4.1,48.47,0
KL106332,DE,Organic,Plus,6,10,118,34.13,0.415,2,1,0.254,4.3,129.69,0
KL106333,DE,Organic,Plus,5,5,166,48.73,0.513,0,1,0.608,4.7,92.59,0
KL106334,AT,Organic,Plus,18,3,193,36.33,0.24,0,1,0.434,,41.42,0
KL106335,DE,Organic,Basic,54,5,203,19.33,0.469,2,0,0.207,4.1,36.73,0
KL106336,DE,Paid Search,Basic,15,4,217,25.11,0.674,4,3,0.227,3.5,38.17,1
KL106337,DE,Social,Basic,22,3,164,37.57,0.149,1,0,0.138,4.6,42.83,0
KL106338,DE,Paid Search,Basic,2,5,182,39.69,0.685,2,0,0.621,4.3,75.41,0
KL106339,AT,Paid Search,Basic,18,3,171,42.88,0.266,0,0,0.37,4.8,48.88,0
KL106340,CH,Paid Search,Basic,12,1,203,25.99,0.484,2,0,0.245,4.5,9.88,0
KL106341,CH,Organic,Premium,3,3,201,63.67,0.5,1,1,0.251,3.6,72.58,0
KL106342,CH,Paid Search,Basic,8,6,206,26.72,0.281,0,1,0.628,3.8,60.92,0
KL106343,DE,Paid Search,Plus,18,7,159,36.83,0.724,3,0,0.678,4.4,97.97,0
KL106344,DE,Paid Search,Basic,60,4,204,22.57,0.204,1,0,0.33,4.8,34.31,0
KL106345,AT,Paid Search,Premium,5,4,151,61.5,0.167,2,0,0.432,4.2,93.48,0
KL106346,Other,Organic,Plus,13,7,124,57.0,0.389,1,0,0.335,4.7,151.62,0
KL106347,AT,Referral,Premium,9,11,123,58.12,0.444,2,0,0.751,5.0,242.94,1
KL106348,DE,Referral,Premium,9,6,289,66.75,0.196,1,2,0.269,3.3,152.19,1
KL106349,AT,Social,Plus,21,3,168,46.83,0.561,3,0,0.083,5.0,53.39,0
KL106350,CH,Organic,Basic,72,6,177,44.95,0.493,2,0,0.284,4.0,102.49,0
KL106351,CH,Social,Plus,17,6,186,44.4,0.674,0,1,0.116,,101.23,0
KL106352,CH,Paid Search,Basic,30,5,181,25.77,0.419,4,0,0.153,4.7,48.96,0
KL106353,DE,Organic,Premium,7,3,175,57.14,0.068,1,0,0.506,5.0,65.14,0
KL106354,DE,Referral,Premium,7,3,215,57.85,0.372,0,1,0.604,3.3,65.95,1
KL106355,DE,Social,Basic,2,2,172,27.91,0.622,6,1,0.582,4.0,21.21,1
KL106356,DE,Organic,Plus,9,4,201,39.54,0.472,3,2,0.652,3.5,60.1,1
KL106357,Other,Referral,Basic,72,5,160,27.53,0.465,2,0,0.133,3.6,52.31,0
KL106358,DE,Organic,Plus,40,3,231,46.64,0.425,1,2,0.433,5.0,53.17,1
KL106359,DE,Paid Search,Plus,24,7,101,36.77,0.404,1,3,0.62,2.7,97.81,0
KL106360,DE,Organic,Plus,4,4,184,45.0,0.175,1,1,0.166,4.3,68.4,0
KL106361,AT,Organic,Premium,14,7,125,73.32,0.446,4,2,0.544,3.7,195.03,0
KL106362,DE,Referral,Basic,30,3,225,13.39,0.58,2,0,0.337,4.1,15.26,0
KL106363,DE,Paid Search,Plus,15,4,217,43.41,0.402,3,2,0.045,3.2,65.98,1
KL106364,CH,Organic,Plus,9,4,96,53.49,,2,2,0.144,4.1,81.3,0
KL106365,DE,Social,Basic,30,3,153,31.37,0.199,1,1,0.03,4.0,35.76,0
KL106366,DE,Social,Basic,37,1,245,22.99,0.847,4,1,0.247,4.2,8.74,0
KL106367,DE,Referral,Basic,15,4,183,32.92,0.045,0,2,0.281,3.7,50.04,1
KL106368,DE,Referral,Plus,4,5,201,37.81,0.412,2,2,0.398,4.1,71.84,1
KL106369,AT,Referral,Premium,36,5,179,72.07,0.181,0,0,0.633,3.4,136.93,1
KL106370,CH,Paid Search,Basic,11,3,202,31.77,0.694,1,2,0.034,2.8,36.22,0
KL106371,DE,Paid Search,Basic,25,3,231,43.27,0.288,0,0,0.176,4.7,49.33,1
KL106372,Other,Referral,Basic,32,5,138,27.18,0.139,0,1,0.335,3.2,51.64,0
KL106373,AT,Organic,Basic,8,1,197,31.56,0.059,0,0,0.548,,11.99,1
KL106374,DE,Organic,Basic,14,3,160,25.29,0.254,1,0,0.198,4.1,28.83,1
KL106375,DE,Paid Search,Plus,3,6,182,42.87,0.323,1,2,0.417,3.2,97.74,0
KL106376,DE,Organic,Basic,16,6,126,21.19,0.174,0,1,0.168,,48.31,0
KL106377,CH,Paid Search,Plus,11,6,204,52.59,0.179,0,2,0.41,4.2,119.91,1
KL106378,DE,Referral,Basic,47,6,153,29.9,0.048,0,1,0.283,4.2,68.17,0
KL106379,DE,Paid Search,Plus,72,9,166,42.27,0.56,0,1,0.462,3.8,144.56,0
KL106380,AT,Paid Search,Basic,6,2,178,35.29,0.42,1,1,0.162,4.0,26.82,0
KL106381,CH,Paid Search,Basic,17,2,232,40.27,0.211,2,0,0.546,4.2,30.61,0
KL106382,AT,Social,Basic,35,1,254,46.19,0.342,1,0,0.242,3.7,17.55,1
KL106383,AT,Organic,Plus,13,3,223,35.25,0.499,1,2,0.149,3.7,40.18,1
KL106384,DE,Organic,Premium,60,10,109,70.59,0.143,1,2,0.298,3.9,268.24,0
KL106385,CH,Social,Basic,31,7,215,35.66,0.454,2,0,0.444,4.3,94.86,0
KL106386,DE,Paid Search,Plus,11,7,188,41.32,0.472,2,2,0.303,4.4,109.91,0
KL106387,DE,Paid Search,Plus,14,4,166,36.9,0.136,1,0,0.546,3.9,56.09,0
KL106388,Other,Organic,Basic,6,6,182,37.41,0.747,3,0,0.377,4.3,85.29,0
KL106389,DE,Organic,Plus,1,7,218,34.72,0.447,1,1,0.548,3.8,92.36,0
KL106390,DE,Social,Basic,9,4,157,31.3,0.654,2,1,0.247,4.0,47.58,0
KL106391,AT,Paid Search,Premium,32,3,164,59.44,0.54,3,0,0.612,,67.76,0
KL106392,DE,Paid Search,Plus,10,3,191,42.4,0.516,1,1,0.5,4.6,48.34,0
KL106393,DE,Referral,Basic,14,6,123,15.63,0.234,2,0,0.408,5.0,35.64,0
KL106394,DE,Social,Plus,5,1,216,33.74,0.41,3,0,0.461,4.6,12.82,0
KL106395,AT,Organic,Basic,2,2,230,13.53,0.242,2,1,0.354,3.3,10.28,1
KL106396,CH,Social,Plus,32,5,186,63.36,0.063,0,1,0.23,4.4,120.38,0
KL106397,DE,Organic,Plus,10,9,123,30.51,0.37,2,2,0.249,3.0,104.34,0
KL106398,DE,Organic,Plus,9,4,220,49.07,0.486,3,0,0.059,3.8,74.59,0
KL106399,CH,Social,Basic,5,2,198,21.95,0.199,0,0,0.301,4.1,16.68,1
KL106400,DE,Organic,Basic,2,2,176,8.98,0.247,1,0,0.306,4.3,6.82,1
KL106401,DE,Organic,Plus,15,8,165,44.11,0.297,1,1,0.68,4.6,134.09,0
KL106402,DE,Referral,Plus,41,4,230,62.64,0.257,2,0,0.246,4.8,95.21,0
KL106403,DE,Social,Plus,17,1,192,35.76,0.623,1,0,0.055,4.9,13.59,0
KL106404,DE,Referral,Basic,28,2,260,42.75,0.088,0,2,0.716,3.0,32.49,1
KL106405,AT,Referral,Plus,33,3,199,57.76,0.15,0,1,0.434,4.4,65.85,1
KL106406,Other,Organic,Plus,7,4,192,33.4,0.663,6,0,0.114,3.4,50.77,0
KL106407,DE,Paid Search,Plus,17,5,184,28.18,0.745,3,1,0.137,3.7,53.54,0
KL106408,AT,Paid Search,Basic,11,5,161,21.72,0.751,2,1,0.211,4.3,41.27,0
KL106409,DE,Social,Basic,40,6,128,36.72,0.396,2,0,0.248,4.9,83.72,0
KL106410,DE,Paid Search,Basic,44,8,224,11.86,0.321,0,1,0.198,3.9,36.05,0
KL106411,AT,Organic,Plus,29,6,131,45.96,0.157,0,0,0.08,4.1,104.79,0
KL106412,DE,Organic,Plus,51,7,207,42.78,0.629,3,1,0.403,4.1,113.79,0
KL106413,Other,Social,Premium,10,9,209,59.74,0.383,2,0,0.168,3.7,204.31,0
KL106414,DE,Organic,Basic,16,4,163,24.05,0.405,0,0,0.202,4.3,36.56,0
KL106415,DE,Paid Search,Plus,9,3,218,40.55,0.266,0,2,0.638,3.7,46.23,1
KL106416,DE,Social,Premium,32,7,188,65.71,0.379,0,0,0.115,5.0,174.79,0
KL106417,DE,Social,Basic,2,4,212,41.13,0.611,4,1,0.088,4.6,62.52,0
KL106418,CH,Paid Search,Basic,4,3,174,24.68,,2,0,0.399,5.0,28.14,1
KL106419,AT,Organic,Basic,23,2,190,27.23,0.399,1,1,0.113,4.3,20.69,0
KL106420,DE,Referral,Plus,6,4,216,46.95,0.264,0,0,0.38,3.9,71.36,0
KL106421,DE,Paid Search,Basic,4,6,115,20.08,0.353,1,0,0.768,4.0,45.78,0
KL106422,AT,Paid Search,Basic,56,5,110,40.85,0.33,4,1,0.463,4.5,77.61,0
KL106423,CH,Referral,Plus,19,7,168,35.33,0.394,0,0,0.175,4.8,93.98,0
KL106424,DE,Organic,Plus,1,3,191,45.77,0.37,1,0,0.278,,52.18,0
KL106425,DE,Paid Search,Premium,36,8,162,62.88,0.571,1,0,0.217,4.0,191.16,0
KL106426,DE,Organic,Plus,22,4,163,42.04,0.37,0,1,0.047,4.0,63.9,0
KL106427,DE,Organic,Premium,3,3,223,81.0,0.255,0,2,0.627,3.8,92.34,1
KL106428,DE,Paid Search,Plus,24,6,202,44.09,0.284,2,0,0.067,3.8,100.53,0
KL106429,DE,Social,Plus,9,6,178,36.4,0.303,2,0,0.111,3.6,82.99,0
KL106430,DE,Organic,Basic,16,4,142,20.56,0.508,2,0,0.385,5.0,31.25,0
KL106431,DE,Social,Premium,22,7,200,75.11,0.608,1,0,0.395,3.9,199.79,0
KL106432,DE,Social,Premium,6,4,127,68.58,0.565,6,1,0.339,3.7,104.24,0
KL106433,CH,Social,Plus,26,3,152,37.94,0.748,2,0,0.1,4.2,43.25,0
KL106434,DE,Organic,Basic,7,3,223,36.81,0.183,1,1,0.036,4.3,41.96,0
KL106435,DE,Social,Basic,20,9,109,21.42,0.187,2,0,0.183,4.9,73.26,0
KL106436,DE,Organic,Basic,24,5,154,20.98,0.211,1,1,0.17,3.4,39.86,1
KL106437,DE,Social,Basic,4,3,201,26.83,0.254,1,0,0.161,5.0,30.59,1
KL106438,CH,Paid Search,Basic,11,5,212,25.58,0.698,4,1,0.555,3.4,48.6,0
KL106439,DE,Social,Basic,1,1,232,13.92,0.16,2,0,0.322,4.9,5.29,1
KL106440,DE,Organic,Basic,20,5,226,23.87,0.21,0,1,0.349,4.1,45.35,1
KL106441,CH,Social,Premium,7,11,116,69.47,0.316,3,0,0.47,5.0,290.38,0
KL106442,CH,Organic,Plus,36,7,134,38.91,,2,0,0.457,5.0,103.5,0
KL106443,CH,Organic,Plus,28,2,159,41.69,0.301,0,0,0.036,4.7,31.68,0
KL106444,DE,Paid Search,Basic,4,3,200,19.8,0.549,0,0,0.37,4.4,22.57,0
KL106445,DE,Organic,Basic,44,5,190,30.25,0.608,2,1,0.312,3.2,57.48,0
KL106446,AT,Social,Basic,12,2,290,31.91,0.606,1,0,0.412,4.8,24.25,0
KL106447,DE,Social,Premium,3,5,201,76.23,0.4,0,0,0.523,4.3,144.84,0
KL106448,AT,Paid Search,Basic,2,1,152,25.41,0.134,0,1,0.309,4.1,9.66,1
KL106449,CH,Social,Plus,21,8,196,39.91,0.666,0,1,0.187,3.4,121.33,0
KL106450,DE,Social,Basic,19,3,166,33.07,0.213,0,0,0.782,3.7,37.7,1
KL106451,DE,Referral,Basic,4,2,158,26.76,0.438,1,0,0.185,4.3,20.34,1
KL106452,DE,Organic,Basic,9,4,224,33.03,0.677,3,1,0.293,3.9,50.21,0
KL106453,DE,Paid Search,Basic,3,4,217,33.84,0.239,0,0,0.62,4.1,51.44,1
KL106454,AT,Social,Basic,4,2,242,19.44,0.621,2,0,0.503,4.2,14.77,1
KL106455,AT,Organic,Premium,38,10,118,56.06,0.356,0,2,0.257,3.9,213.03,0
KL106456,DE,Organic,Basic,35,3,274,23.35,0.444,1,2,0.141,4.4,26.62,0
KL106457,AT,Organic,Basic,43,3,228,14.21,0.922,3,1,0.344,,16.2,1
KL106458,DE,Paid Search,Basic,26,3,163,42.85,0.452,3,2,0.113,3.2,48.85,0
KL106459,AT,Paid Search,Premium,8,4,266,54.8,0.394,0,1,0.044,4.2,83.3,1
KL106460,DE,Social,Plus,6,6,192,51.23,0.763,2,2,0.029,3.9,116.8,1
KL106461,AT,Paid Search,Plus,4,8,155,33.76,0.32,3,1,0.675,3.4,102.63,0
KL106462,AT,Social,Plus,38,4,168,50.62,0.681,3,1,0.238,4.2,76.94,0
KL106463,DE,Organic,Premium,4,5,67,74.47,0.659,3,1,0.195,3.1,141.49,0
KL106464,DE,Social,Basic,15,2,231,14.12,0.287,0,0,0.15,3.6,10.73,1
KL106465,CH,Social,Plus,8,3,174,41.11,0.812,4,0,0.453,4.8,46.87,0
KL106466,DE,Organic,Plus,3,3,188,55.68,0.483,1,2,0.409,3.2,63.48,0
KL106467,AT,Organic,Basic,32,2,201,28.82,0.585,3,0,0.072,4.0,21.9,1
KL106468,Other,Organic,Basic,20,4,158,35.22,0.607,5,0,0.455,4.2,53.53,0
KL106469,CH,Referral,Plus,45,7,182,44.09,0.866,3,0,0.017,4.6,117.28,0
KL106470,DE,Organic,Basic,18,3,167,35.11,0.295,1,1,0.425,4.1,40.03,0
KL106471,DE,Organic,Basic,46,2,148,38.13,0.804,6,0,0.101,4.8,28.98,0
KL106472,Other,Organic,Basic,11,2,206,26.53,0.719,1,1,0.581,3.8,20.16,1
KL106473,DE,Organic,Basic,6,2,184,28.04,0.393,1,0,0.593,4.5,21.31,1
KL106474,DE,Paid Search,Plus,8,3,127,39.5,0.247,1,0,0.404,3.8,45.03,0
KL106475,DE,Social,Basic,7,3,153,18.1,0.152,0,0,0.175,5.0,20.63,1
KL106476,CH,Paid Search,Plus,53,5,186,47.62,0.435,1,0,0.208,3.8,90.48,0
KL106477,DE,Social,Basic,18,1,217,28.65,0.465,4,1,0.265,3.7,10.89,0
KL106478,DE,Organic,Basic,17,4,237,38.08,0.624,6,0,0.518,3.7,57.88,0
KL106479,DE,Paid Search,Basic,29,5,221,43.57,0.243,0,0,0.079,3.3,82.78,0
KL106480,AT,Social,Premium,4,6,187,60.7,0.742,2,1,0.454,4.1,138.4,0
KL106481,DE,Social,Basic,8,5,155,24.7,0.35,1,0,0.663,4.9,46.93,0
KL106482,CH,Social,Plus,3,6,153,37.05,0.157,0,0,0.291,5.0,84.47,0
KL106483,AT,Organic,Plus,9,3,211,53.6,0.347,3,0,0.072,4.9,61.1,0
KL106484,Other,Paid Search,Plus,2,2,239,31.01,0.72,0,2,0.394,3.5,23.57,0
KL106485,CH,Social,Basic,62,6,191,30.75,0.238,0,1,0.366,4.1,70.11,0
KL106486,DE,Organic,Basic,18,4,172,16.12,,3,1,0.59,4.1,24.5,0
KL106487,AT,Social,Plus,29,6,179,53.78,0.472,1,0,0.369,4.7,122.62,0
KL106488,DE,Organic,Plus,72,6,163,47.83,0.451,1,4,0.246,3.2,109.05,0
KL106489,Other,Organic,Plus,7,1,138,36.95,0.651,4,0,0.043,4.3,14.04,0
KL106490,DE,Social,Plus,7,5,173,56.41,0.774,3,0,0.301,5.0,107.18,0
KL106491,AT,Social,Basic,13,1,198,21.62,0.413,3,0,0.301,4.2,8.22,1
KL106492,CH,Referral,Plus,16,5,208,42.98,0.937,2,1,0.193,4.4,81.66,0
KL106493,DE,Referral,Plus,9,2,165,24.38,0.216,2,0,0.746,4.8,18.53,1
KL106494,CH,Organic,Premium,7,6,137,70.02,0.392,1,1,0.454,3.2,159.65,1
KL106495,DE,Social,Plus,2,4,225,39.16,0.413,3,1,0.483,4.1,59.52,1
KL106496,DE,Referral,Basic,16,5,148,26.21,0.565,2,0,0.29,3.6,49.8,0
KL106497,DE,Organic,Plus,43,5,156,34.29,0.688,4,0,0.162,,65.15,0
KL106498,DE,Paid Search,Plus,4,2,221,33.18,0.045,0,4,0.135,3.2,25.22,1
KL106499,DE,Referral,Basic,32,4,213,23.62,0.25,2,0,0.128,4.2,35.9,0
KL106500,CH,Organic,Plus,21,3,245,52.31,0.535,2,1,0.442,4.5,59.63,1
KL106501,DE,Referral,Basic,1,6,160,31.27,0.474,3,0,0.457,4.2,71.3,0
KL106502,DE,Paid Search,Basic,20,5,170,21.05,0.149,0,2,0.52,4.2,39.99,1
KL106503,CH,Referral,Plus,72,4,182,24.21,0.344,2,3,0.463,3.9,36.8,0
KL106504,CH,Paid Search,Basic,36,8,135,43.69,0.474,1,2,0.199,3.3,132.82,0
KL106505,DE,Social,Plus,5,3,211,22.21,0.167,1,2,0.376,3.2,25.32,1
KL106506,Other,Social,Basic,18,4,176,37.05,0.563,2,0,0.295,3.6,56.32,1
KL106507,DE,Organic,Plus,11,7,121,45.96,0.146,1,0,0.119,4.0,122.25,0
KL106508,DE,Paid Search,Plus,2,1,150,40.41,0.451,1,0,0.692,4.7,15.36,0
KL106509,DE,Referral,Plus,13,4,184,37.41,0.762,4,2,0.228,3.7,56.86,0
KL106510,CH,Referral,Basic,28,2,226,34.13,0.367,2,0,0.303,4.7,25.94,1
KL106511,DE,Referral,Premium,33,2,180,73.75,0.863,4,0,0.255,5.0,56.05,0
KL106512,DE,Social,Basic,8,2,158,36.82,0.722,3,0,0.335,4.8,27.98,0
KL106513,AT,Paid Search,Plus,5,5,234,50.92,0.073,0,2,0.187,3.5,96.75,0
KL106514,DE,Paid Search,Basic,5,2,192,15.92,0.773,2,0,0.342,4.4,12.1,0
KL106515,DE,Paid Search,Basic,57,6,203,22.55,0.165,1,1,0.211,4.2,51.41,0
KL106516,AT,Paid Search,Plus,26,4,225,36.94,0.676,1,0,0.444,3.5,56.15,0
KL106517,AT,Organic,Basic,45,4,241,28.47,0.609,4,1,0.4,4.6,43.27,0
KL106518,DE,Organic,Basic,6,3,194,30.28,0.481,1,2,0.07,3.2,34.52,1
KL106519,DE,Paid Search,Basic,11,0,170,36.57,0.185,3,0,0.707,4.9,13.9,1
KL106520,Other,Organic,Basic,3,3,129,27.79,0.623,2,0,0.438,,31.68,0
KL106521,DE,Organic,Premium,2,2,195,71.26,0.529,2,0,0.299,4.3,54.16,1
KL106522,DE,Organic,Plus,29,1,271,39.18,,2,2,0.447,,14.89,1
KL106523,DE,Social,Basic,1,2,207,44.47,0.149,0,3,0.579,2.5,33.8,1
KL106524,DE,Referral,Plus,5,3,244,36.92,0.24,1,0,0.403,5.0,42.09,0
KL106525,Other,Paid Search,Plus,3,2,170,36.78,0.162,0,1,0.177,4.2,27.95,0
KL106526,DE,Referral,Plus,11,9,199,44.15,0.485,3,1,0.614,4.9,150.99,0
KL106527,DE,Referral,Plus,20,4,212,51.28,0.5,1,1,0.06,3.4,77.95,0
KL106528,DE,Organic,Basic,58,6,177,21.83,0.308,1,1,0.435,3.9,49.77,1
KL106529,DE,Organic,Basic,5,1,245,25.67,0.42,1,0,0.283,4.1,9.75,1
KL106530,DE,Organic,Plus,16,4,168,39.13,0.309,0,0,0.547,3.9,59.48,0
KL106531,Other,Organic,Plus,6,7,180,33.79,0.077,1,1,0.585,4.8,89.88,0
KL106532,AT,Paid Search,Plus,26,5,150,37.62,0.554,3,2,0.103,3.4,71.48,0
KL106533,DE,Organic,Basic,5,1,191,22.55,0.297,2,2,0.414,3.7,8.57,1
KL106534,DE,Referral,Plus,1,1,180,52.67,0.199,1,0,0.206,4.4,20.01,1
KL106535,DE,Paid Search,Basic,5,2,173,29.35,,1,1,0.354,4.0,22.31,0
KL106536,DE,Paid Search,Plus,8,1,151,38.01,0.47,1,0,0.15,3.9,14.44,0
KL106537,DE,Referral,Basic,3,0,300,42.99,0.168,0,0,0.439,3.9,16.34,1
KL106538,DE,Referral,Plus,7,1,170,56.56,0.238,1,0,0.566,4.5,21.49,0
KL106539,AT,Social,Premium,46,5,216,78.82,0.504,2,1,0.173,,149.76,0
KL106540,CH,Social,Basic,9,2,145,24.45,0.117,1,1,0.338,3.9,18.58,0
KL106541,DE,Referral,Plus,15,6,152,50.3,0.456,3,0,0.178,2.8,114.68,0
KL106542,Other,Paid Search,Plus,9,3,183,59.19,0.443,2,0,0.182,5.0,67.48,0
KL106543,DE,Referral,Basic,2,4,238,24.89,0.421,0,0,0.599,4.6,37.83,0
KL106544,DE,Organic,Basic,12,0,232,26.31,0.336,3,1,0.576,4.1,10.0,1
KL106545,CH,Paid Search,Plus,9,2,166,38.54,0.466,1,0,0.495,4.3,29.29,0
KL106546,DE,Paid Search,Basic,72,8,147,29.78,0.862,2,1,0.013,4.2,90.53,0
KL106547,DE,Organic,Basic,25,3,238,42.62,0.15,1,0,0.091,4.4,48.59,0
KL106548,AT,Organic,Premium,4,6,209,65.55,0.211,0,0,0.582,4.9,149.45,0
KL106549,DE,Organic,Plus,3,1,189,37.53,0.367,1,1,0.358,4.2,14.26,0
KL106550,CH,Organic,Plus,6,4,137,41.24,0.467,2,1,0.322,4.0,62.68,1
KL106551,DE,Organic,Plus,19,4,166,51.48,0.646,2,1,0.572,4.5,78.25,0
KL106552,CH,Paid Search,Plus,3,2,228,19.38,0.221,1,1,0.328,3.7,14.73,1
KL106553,DE,Social,Plus,9,4,127,45.11,0.233,0,1,0.459,4.4,68.57,0
KL106554,DE,Paid Search,Basic,8,2,198,26.2,0.745,1,0,0.438,4.4,19.91,1
KL106555,DE,Social,Basic,9,5,137,22.81,0.535,0,0,0.094,4.2,43.34,1
KL106556,CH,Organic,Plus,5,3,179,27.95,0.284,1,0,0.119,3.9,31.86,0
KL106557,DE,Social,Premium,5,4,206,69.94,0.293,0,0,0.382,4.3,106.31,1
KL106558,CH,Organic,Basic,11,5,178,25.65,0.737,6,1,0.093,4.2,48.74,0
KL106559,DE,Organic,Premium,1,4,212,68.66,0.207,0,0,0.738,3.9,104.36,1
KL106560,DE,Paid Search,Plus,23,7,207,32.97,0.603,3,1,0.308,4.1,87.7,0
KL106561,DE,Referral,Basic,5,3,327,12.8,0.628,1,1,0.539,4.4,14.59,1
KL106562,DE,Referral,Basic,8,2,236,18.22,0.273,0,1,0.118,3.2,13.85,1
KL106563,Other,Social,Basic,17,1,233,26.21,0.775,2,0,0.067,4.9,9.96,0
KL106564,DE,Social,Plus,4,1,189,27.47,0.248,0,1,0.477,3.4,10.44,1
KL106565,AT,Paid Search,Basic,18,3,227,29.16,0.683,2,1,0.584,4.1,33.24,1
KL106566,DE,Social,Basic,4,0,275,41.33,0.54,1,2,0.278,3.8,15.71,1
KL106567,DE,Organic,Basic,59,9,124,8.05,0.065,1,0,0.361,4.5,27.53,0
KL106568,DE,Organic,Premium,16,7,144,59.31,0.242,2,1,0.429,4.5,157.76,0
KL106569,CH,Referral,Basic,23,1,189,26.61,0.675,2,0,0.287,4.2,10.11,1
KL106570,AT,Referral,Basic,21,2,158,26.45,0.549,7,1,0.293,4.1,20.1,0
KL106571,DE,Organic,Basic,15,8,155,38.48,0.149,0,0,0.385,4.8,116.98,0
KL106572,AT,Organic,Basic,31,7,117,24.58,0.4,2,1,0.091,3.2,65.38,0
KL106573,DE,Organic,Basic,1,5,177,25.65,,3,0,0.172,4.7,48.74,0
KL106574,DE,Paid Search,Plus,19,8,167,39.06,0.233,2,0,0.193,4.3,118.74,0
KL106575,AT,Organic,Plus,39,6,182,45.85,0.631,3,0,0.201,4.5,104.54,0
KL106576,DE,Social,Basic,41,3,179,41.16,0.563,8,0,0.35,4.4,46.92,1
KL106577,AT,Organic,Plus,19,7,110,42.02,0.665,3,0,0.132,3.4,111.77,0
KL106578,Other,Organic,Basic,8,2,247,40.25,0.37,0,2,0.263,3.8,30.59,1
KL106579,Other,Organic,Plus,10,5,118,42.76,0.705,1,1,0.372,4.2,81.24,0
KL106580,CH,Social,Basic,9,3,200,17.89,0.69,4,3,0.471,,20.39,0
KL106581,DE,Organic,Premium,30,1,264,73.91,0.372,1,1,0.394,4.4,28.09,1
KL106582,AT,Paid Search,Premium,3,4,191,64.82,0.037,0,1,0.235,4.2,98.53,1
KL106583,DE,Social,Plus,28,4,233,53.44,0.611,3,1,0.246,4.8,81.23,0
KL106584,DE,Social,Basic,8,2,222,34.6,0.37,2,0,0.378,,26.3,0
KL106585,DE,Organic,Plus,15,3,147,49.46,0.573,2,0,0.253,4.9,56.38,0
KL106586,DE,Social,Plus,8,2,250,35.9,0.592,2,4,0.38,3.0,27.28,1
KL106587,Other,Organic,Plus,24,7,143,34.31,0.498,3,1,0.299,4.6,91.26,0
KL106588,CH,Social,Basic,40,4,173,27.68,0.42,3,2,0.133,3.3,42.07,0
KL106589,DE,Paid Search,Basic,14,6,196,17.14,0.712,2,0,0.078,4.3,39.08,0
KL106590,DE,Referral,Basic,32,0,187,19.35,0.219,1,0,0.076,4.9,7.35,0
KL106591,AT,Referral,Basic,8,3,229,21.99,0.775,5,0,0.56,4.5,25.07,0
KL106592,DE,Social,Basic,11,3,211,18.19,0.8,6,0,0.585,5.0,20.74,0
KL106593,CH,Referral,Plus,12,9,206,41.13,0.386,3,2,0.072,4.1,140.66,0
KL106594,Other,Organic,Basic,10,3,236,28.17,0.357,1,3,0.403,4.1,32.11,1
KL106595,DE,Social,Basic,23,4,181,23.79,0.221,1,0,0.21,4.4,36.16,0
KL106596,DE,Organic,Basic,24,5,165,18.01,0.235,0,0,0.29,4.3,34.22,0
KL106597,DE,Organic,Premium,16,6,146,58.35,0.127,1,2,0.18,4.2,133.04,0
KL106598,DE,Paid Search,Plus,44,4,179,43.82,0.515,2,0,0.076,5.0,66.61,0
KL106599,DE,Social,Plus,32,6,140,40.01,0.252,0,0,0.347,4.2,91.22,0
KL106600,DE,Social,Plus,3,4,177,42.8,0.166,1,1,0.31,3.4,65.06,0
KL106601,DE,Social,Plus,28,5,136,34.83,0.237,0,1,0.392,4.3,66.18,0
KL106602,DE,Paid Search,Basic,11,4,154,31.33,0.609,2,0,0.143,5.0,47.62,0
KL106603,DE,Referral,Plus,37,5,228,48.23,0.106,1,0,0.259,3.8,91.64,1
KL106604,AT,Referral,Basic,1,4,141,17.53,0.137,1,0,0.224,4.1,26.65,0
KL106605,DE,Social,Plus,5,2,154,38.33,0.747,2,0,0.595,4.5,29.13,0
KL106606,CH,Organic,Basic,20,0,195,14.73,0.657,2,1,0.537,3.4,5.6,0
KL106607,DE,Paid Search,Premium,16,5,228,71.56,0.738,3,0,0.116,4.5,135.96,0
KL106608,DE,Social,Plus,22,4,155,59.78,0.163,0,1,0.261,4.2,90.87,0
KL106609,DE,Referral,Basic,13,0,209,35.21,0.285,2,3,0.395,4.2,13.38,1
KL106610,AT,Organic,Plus,35,7,174,40.81,0.161,1,0,0.512,4.2,108.55,0
KL106611,DE,Organic,Basic,3,4,206,29.25,0.488,1,1,0.447,2.9,44.46,0
KL106612,DE,Paid Search,Basic,45,3,192,32.56,0.602,3,0,0.181,5.0,37.12,0
KL106613,DE,Organic,Premium,49,4,202,54.88,0.267,0,1,0.36,,83.42,0
KL106614,Other,Social,Plus,11,9,182,42.43,0.313,1,1,0.681,,145.11,0
KL106615,DE,Organic,Plus,6,1,167,41.8,0.272,1,2,0.169,3.7,15.88,0
KL106616,DE,Paid Search,Basic,72,11,108,26.19,0.218,1,1,0.252,4.6,109.47,0
KL106617,CH,Social,Basic,16,2,175,24.58,0.562,3,3,0.497,3.8,18.68,1
KL106618,DE,Paid Search,Basic,40,5,167,28.69,0.119,0,0,0.136,4.2,54.51,0
KL106619,DE,Organic,Plus,3,4,231,33.93,0.107,1,0,0.274,4.8,51.57,1
KL106620,CH,Paid Search,Plus,2,4,222,35.95,0.849,3,2,0.263,3.2,54.64,0
KL106621,DE,Paid Search,Basic,3,2,201,30.19,0.608,2,3,0.077,1.5,22.94,1
KL106622,DE,Referral,Basic,60,4,216,27.63,0.47,1,1,0.607,4.3,42.0,1
KL106623,DE,Social,Basic,41,5,254,28.1,0.49,5,0,0.154,3.9,53.39,0
KL106624,DE,Referral,Basic,37,3,152,35.74,0.444,1,3,0.271,2.2,40.74,0
KL106625,CH,Organic,Basic,21,8,133,27.15,0.368,1,1,0.445,4.6,82.54,1
KL106626,AT,Social,Basic,9,4,179,26.29,0.114,0,1,0.203,3.7,39.96,0
KL106627,DE,Paid Search,Basic,19,4,201,33.2,0.548,1,2,0.024,4.3,50.46,0
KL106628,DE,Social,Basic,14,5,198,42.12,0.745,2,3,0.161,3.1,80.03,1
KL106629,AT,Paid Search,Basic,37,3,159,24.23,0.351,6,0,0.703,4.5,27.62,0
KL106630,AT,Organic,Plus,6,4,194,45.62,0.75,1,0,0.248,3.7,69.34,0
KL106631,DE,Organic,Plus,9,8,186,39.92,0.459,2,0,0.091,4.0,121.36,0
KL106632,CH,Social,Basic,7,3,153,20.4,0.559,2,1,0.278,3.9,23.26,0
KL106633,DE,Social,Basic,8,2,209,27.79,0.147,0,1,0.466,3.0,21.12,1
KL106634,CH,Organic,Plus,1,3,175,46.86,0.486,2,1,0.208,4.9,53.42,0
KL106635,DE,Social,Basic,7,1,161,21.31,0.576,3,3,0.192,2.7,8.1,0
KL106636,DE,Social,Basic,11,6,206,36.92,0.197,2,2,0.623,3.3,84.18,1
KL106637,AT,Paid Search,Basic,36,2,220,24.86,0.5,3,0,0.298,5.0,18.89,0
KL106638,CH,Organic,Basic,18,1,181,24.44,0.676,4,0,0.765,4.6,9.29,0
KL106639,DE,Referral,Plus,9,10,172,47.99,0.526,2,0,0.311,4.9,182.36,0
KL106640,DE,Social,Plus,33,6,246,44.14,0.368,0,2,0.596,4.3,100.64,0
KL106641,CH,Social,Basic,14,4,192,22.13,0.239,3,1,0.125,4.5,33.64,0
KL106642,DE,Social,Basic,15,7,116,17.53,0.584,2,2,0.283,3.9,46.63,0
KL106643,DE,Social,Premium,25,5,169,78.71,0.074,0,0,0.081,4.2,149.55,0
KL106644,AT,Organic,Plus,13,2,136,43.4,0.743,3,2,0.39,3.4,32.98,0
KL106645,DE,Referral,Premium,15,9,144,79.98,0.847,2,1,0.493,5.0,273.53,0
KL106646,DE,Organic,Plus,10,6,159,38.07,0.297,3,2,0.668,4.0,86.8,1
KL106647,DE,Social,Basic,11,5,207,30.66,0.116,1,0,0.079,4.7,58.25,0
KL106648,CH,Referral,Basic,8,2,183,18.14,0.753,8,0,0.252,4.4,13.79,0
KL106649,DE,Social,Basic,9,1,243,19.95,0.51,4,1,0.307,4.6,7.58,1
KL106650,AT,Paid Search,Plus,9,1,184,38.55,0.236,1,1,0.312,4.7,14.65,1
KL106651,Other,Organic,Basic,18,2,200,41.31,0.296,1,1,0.205,3.7,31.4,0
KL106652,AT,Paid Search,Plus,17,4,139,43.86,0.31,0,0,0.539,5.0,66.67,0
KL106653,DE,Paid Search,Plus,8,7,127,50.7,,4,2,0.051,4.4,134.86,0
KL106654,DE,Organic,Plus,26,1,239,58.23,0.556,1,1,0.316,2.9,22.13,1
KL106655,DE,Organic,Plus,26,0,257,49.61,0.046,1,0,0.167,4.9,18.85,1
KL106656,DE,Referral,Basic,10,1,189,35.27,0.614,2,2,0.307,4.4,13.4,1
KL106657,Other,Organic,Basic,10,1,230,29.06,0.606,2,0,0.378,4.0,11.04,1
KL106658,CH,Paid Search,Plus,16,6,199,53.59,0.478,2,1,0.341,4.8,122.19,0
KL106659,DE,Organic,Plus,43,7,127,44.92,0.663,0,0,0.509,4.0,119.49,0
KL106660,DE,Social,Plus,18,5,196,51.11,0.415,4,1,0.398,3.8,97.11,1
KL106661,CH,Paid Search,Plus,1,5,180,39.43,0.477,5,2,0.438,,74.92,0
KL106662,DE,Social,Plus,10,4,200,47.56,0.316,2,2,0.184,3.7,72.29,1
KL106663,CH,Paid Search,Basic,36,3,192,31.43,0.917,4,2,0.459,3.8,35.83,0
KL106664,DE,Organic,Basic,16,3,121,25.43,0.363,1,0,0.356,4.2,28.99,0
KL106665,AT,Paid Search,Premium,10,7,170,53.75,0.162,2,2,0.343,3.0,142.98,0
KL106666,CH,Organic,Plus,2,4,182,44.59,,0,0,0.163,4.4,67.78,0
KL106667,DE,Social,Plus,1,4,176,45.63,0.472,2,1,0.468,4.5,69.36,0
KL106668,DE,Organic,Basic,20,1,155,20.01,0.507,1,0,0.355,3.8,7.6,0
KL106669,CH,Organic,Plus,14,3,231,43.19,0.791,1,1,0.491,4.0,49.24,0
KL106670,DE,Paid Search,Basic,9,3,197,30.39,0.229,1,0,0.168,4.4,34.64,0
KL106671,DE,Organic,Basic,14,5,109,36.9,0.855,2,1,0.449,3.7,70.11,0
KL106672,DE,Paid Search,Basic,7,1,260,30.49,0.288,1,1,0.361,4.2,11.59,1
KL106673,DE,Paid Search,Plus,9,5,195,47.63,0.514,2,1,0.64,4.3,90.5,1
KL106674,AT,Referral,Basic,26,4,220,26.84,0.561,3,1,0.484,3.6,40.8,0
KL106675,DE,Organic,Basic,44,4,178,25.53,0.66,1,1,0.412,4.1,38.81,0
KL106676,DE,Paid Search,Basic,16,6,172,26.92,0.589,3,0,0.172,4.7,61.38,0
KL106677,CH,Social,Basic,72,6,209,24.41,0.264,2,3,0.776,4.0,55.65,1
KL106678,DE,Organic,Plus,43,4,203,40.1,0.569,3,1,0.092,3.1,60.95,1
KL106679,DE,Paid Search,Plus,1,2,199,46.16,0.593,1,1,0.286,4.5,35.08,0
KL106680,AT,Social,Plus,4,2,182,46.37,0.469,2,2,0.139,4.3,35.24,0
KL106681,CH,Social,Basic,12,2,114,31.57,0.429,0,1,0.193,3.9,23.99,0
KL106682,DE,Referral,Basic,18,0,252,30.49,0.278,0,1,0.348,4.3,11.59,1
KL106683,CH,Social,Basic,23,2,237,38.59,,0,0,0.318,4.0,29.33,1
KL106684,DE,Paid Search,Plus,15,5,206,52.52,0.702,4,1,0.437,4.2,99.79,0
KL106685,DE,Referral,Premium,13,4,228,66.24,0.749,4,0,0.313,4.9,100.68,0
KL106686,Other,Organic,Basic,4,2,172,40.46,0.463,1,0,0.673,5.0,30.75,1
KL106687,CH,Paid Search,Premium,2,1,200,76.38,0.086,0,0,0.365,5.0,29.02,1
KL106688,DE,Social,Basic,7,3,179,29.23,0.503,2,0,0.281,4.5,33.32,0
KL106689,DE,Social,Plus,18,6,104,37.11,0.503,1,2,0.158,4.1,84.61,0
KL106690,DE,Referral,Plus,4,4,167,39.14,0.211,0,0,0.162,3.5,59.49,0
KL106691,DE,Organic,Plus,8,3,202,42.7,0.185,3,0,0.241,4.4,48.68,1
KL106692,CH,Social,Plus,44,6,209,39.53,0.364,3,2,0.344,4.2,90.13,0
KL106693,CH,Organic,Basic,12,0,238,20.18,0.235,2,1,0.443,,7.67,1
KL106694,DE,Social,Plus,5,6,150,33.74,0.052,0,0,0.333,,76.93,0
KL106695,DE,Social,Basic,8,3,229,24.62,0.094,0,0,0.09,3.8,28.07,1
KL106696,DE,Organic,Plus,29,3,207,37.34,0.561,3,1,0.254,3.9,42.57,0
KL106697,DE,Social,Basic,31,4,131,12.85,0.079,1,0,0.388,3.8,19.53,0
KL106698,AT,Paid Search,Basic,10,1,219,34.73,0.622,2,0,0.376,5.0,13.2,0
KL106699,DE,Paid Search,Premium,8,6,201,73.3,0.191,0,1,0.592,3.0,167.12,0
KL106700,DE,Referral,Basic,24,4,208,32.76,0.632,1,0,0.402,4.0,49.8,0
KL106701,AT,Social,Basic,16,5,140,11.17,0.269,0,0,0.508,4.7,21.22,0
KL106702,Other,Paid Search,Basic,31,5,148,26.48,0.461,0,1,0.032,3.5,50.31,0
KL106703,DE,Organic,Plus,20,3,270,45.63,0.528,0,0,0.429,5.0,52.02,0
KL106704,DE,Organic,Plus,10,1,182,51.97,0.141,0,2,0.291,3.7,19.75,1
KL106705,DE,Organic,Premium,50,7,167,82.39,0.399,1,0,0.061,4.8,219.16,0
KL106706,DE,Organic,Plus,4,5,93,42.1,0.414,1,0,0.561,3.8,79.99,0
KL106707,DE,Paid Search,Basic,4,5,227,29.25,0.452,0,0,0.172,4.8,55.58,0
KL106708,DE,Paid Search,Basic,18,1,241,31.9,,0,1,0.322,4.4,12.12,1
KL106709,DE,Social,Basic,4,4,250,23.31,0.38,2,0,0.147,4.8,35.43,0
KL106710,DE,Organic,Plus,27,7,128,35.87,0.598,3,0,0.246,4.5,95.41,0
KL106711,CH,Paid Search,Premium,42,6,216,72.08,0.488,2,0,0.288,4.4,164.34,0
KL106712,DE,Referral,Basic,8,3,161,33.44,0.378,2,1,0.357,3.9,38.12,0
KL106713,AT,Organic,Basic,9,7,220,26.39,0.308,1,0,0.106,4.1,70.2,0
KL106714,AT,Social,Plus,5,5,97,29.46,0.196,0,2,0.241,4.2,55.97,0
KL106715,CH,Organic,Plus,4,6,210,24.9,0.429,0,0,0.17,4.6,56.77,0
KL106716,AT,Paid Search,Plus,16,2,207,41.42,0.399,3,0,0.3,,31.48,0
KL106717,CH,Social,Basic,2,2,229,27.69,0.809,4,0,0.284,3.9,21.04,0
KL106718,AT,Organic,Basic,59,7,185,26.04,0.154,1,3,0.073,4.0,69.27,0
KL106719,DE,Organic,Basic,10,1,229,35.2,0.356,2,3,0.575,3.8,13.38,1
KL106720,DE,Social,Basic,25,2,290,29.73,0.314,0,0,0.146,,22.59,1
KL106721,DE,Organic,Plus,8,4,254,26.19,0.477,2,0,0.44,4.0,39.81,0
KL106722,DE,Social,Basic,34,4,210,43.99,0.147,1,0,0.117,5.0,66.86,0
KL106723,DE,Paid Search,Basic,58,5,189,8.0,0.776,2,1,0.265,4.0,15.2,0
KL106724,DE,Organic,Premium,22,5,234,60.61,,1,3,0.069,3.5,115.16,1
KL106725,DE,Social,Plus,6,5,236,34.0,0.309,0,1,0.262,4.1,64.6,1
KL106726,DE,Paid Search,Basic,42,4,194,31.89,0.338,4,1,0.331,3.6,48.47,0
KL106727,DE,Organic,Premium,15,3,200,54.72,0.151,1,0,0.56,4.6,62.38,1
KL106728,AT,Referral,Basic,8,4,156,33.29,0.549,3,0,0.431,4.1,50.6,0
KL106729,DE,Paid Search,Plus,26,2,217,39.5,0.575,5,1,0.251,3.6,30.02,0
KL106730,CH,Social,Basic,5,3,206,33.77,0.947,6,1,0.242,4.9,38.5,0
KL106731,DE,Organic,Premium,1,3,232,45.85,0.37,1,1,0.328,3.4,52.27,0
KL106732,CH,Organic,Basic,17,6,237,26.41,0.689,2,0,0.345,3.7,60.21,0
KL106733,CH,Social,Basic,58,5,225,33.59,0.695,2,1,0.294,3.3,63.82,0
KL106734,DE,Social,Premium,10,5,219,55.93,0.765,1,0,0.517,5.0,106.27,1
KL106735,Other,Organic,Plus,17,1,206,44.48,0.599,3,0,0.166,4.0,16.9,0
KL106736,DE,Social,Basic,15,4,176,30.22,0.052,0,1,0.091,4.6,45.93,1
KL106737,DE,Paid Search,Basic,2,2,232,30.0,0.744,3,1,0.413,4.2,22.8,0
KL106738,CH,Paid Search,Basic,10,2,226,25.11,0.312,3,0,0.326,4.7,19.08,1
KL106739,DE,Social,Basic,13,1,239,33.83,0.198,1,0,0.5,4.5,12.86,1
KL106740,DE,Paid Search,Plus,31,5,148,44.79,0.356,3,0,0.166,3.7,85.1,0
KL106741,DE,Paid Search,Basic,17,3,163,30.32,0.504,2,1,0.314,4.0,34.56,0
KL106742,DE,Social,Premium,18,7,148,60.37,0.379,3,0,0.126,4.4,160.58,0
KL106743,DE,Paid Search,Plus,26,5,207,34.12,0.247,1,1,0.468,4.6,64.83,1
KL106744,DE,Referral,Premium,20,6,174,68.83,0.595,4,0,0.362,4.0,156.93,0
KL106745,DE,Social,Plus,3,2,259,36.35,0.332,0,2,0.145,4.2,27.63,1
KL106746,DE,Paid Search,Basic,14,5,146,39.54,0.634,2,1,0.475,4.3,75.13,0
KL106747,DE,Paid Search,Plus,4,4,154,58.3,0.394,2,2,0.187,4.1,88.62,1
KL106748,DE,Referral,Basic,4,1,206,22.35,0.819,5,1,0.488,3.8,8.49,0
KL106749,AT,Referral,Basic,18,6,154,21.42,0.352,2,1,0.669,3.6,48.84,0
KL106750,DE,Organic,Plus,2,4,160,45.54,0.439,2,1,0.144,4.3,69.22,0
KL106751,DE,Organic,Plus,5,4,192,44.44,0.656,5,1,0.193,5.0,67.55,0
KL106752,CH,Paid Search,Basic,14,0,225,27.75,0.793,1,1,0.295,4.5,10.54,0
KL106753,CH,Social,Basic,5,5,136,32.61,0.3,1,0,0.307,4.4,61.96,0
KL106754,DE,Referral,Basic,39,5,160,33.65,0.62,1,0,0.096,5.0,63.94,0
KL106755,DE,Social,Plus,7,10,166,35.83,0.488,2,1,0.357,4.4,136.15,0
KL106756,CH,Organic,Basic,17,5,171,21.16,0.307,2,0,0.239,4.0,40.2,0
KL106757,CH,Referral,Premium,33,9,120,50.07,0.209,0,1,0.245,3.1,171.24,0
KL106758,DE,Organic,Plus,10,5,168,28.49,0.159,0,1,0.143,3.7,54.13,0
KL106759,DE,Paid Search,Basic,41,3,153,20.38,0.679,2,2,0.073,3.7,23.23,0
KL106760,DE,Paid Search,Plus,8,8,219,39.32,0.099,0,4,0.526,3.0,119.53,0
KL106761,DE,Paid Search,Premium,3,12,155,71.41,0.239,1,0,0.569,4.4,325.63,0
KL106762,CH,Paid Search,Plus,7,6,258,46.91,0.403,2,1,0.636,4.0,106.95,1
KL106763,AT,Organic,Basic,6,2,208,31.75,0.498,6,3,0.546,3.5,24.13,0
KL106764,DE,Organic,Basic,3,5,168,26.43,0.85,1,0,0.136,4.1,50.22,0
KL106765,AT,Social,Plus,27,5,150,59.87,0.519,2,2,0.173,3.3,113.75,0
KL106766,CH,Organic,Plus,10,7,180,32.49,0.209,1,2,0.194,3.5,86.42,0
KL106767,DE,Paid Search,Premium,14,6,156,63.0,0.123,0,0,0.061,4.2,143.64,0
KL106768,CH,Organic,Basic,18,5,146,30.73,0.772,3,0,0.182,4.8,58.39,0
KL106769,DE,Organic,Plus,19,1,258,33.34,0.255,2,1,0.486,4.2,12.67,1
KL106770,DE,Organic,Basic,38,2,205,25.6,0.482,5,0,0.241,4.3,19.46,0
KL106771,DE,Social,Basic,38,10,149,16.46,0.776,5,2,0.533,3.4,62.55,0
KL106772,DE,Paid Search,Basic,42,4,196,25.3,0.565,1,1,0.23,3.8,38.46,0
KL106773,Other,Organic,Basic,9,3,210,39.81,0.463,1,0,0.166,5.0,45.38,0
KL106774,DE,Social,Plus,20,4,127,43.35,0.256,0,0,0.469,3.9,65.89,0
KL106775,DE,Organic,Basic,42,4,148,43.45,0.589,4,1,0.212,4.4,66.04,0
KL106776,DE,Social,Plus,35,7,228,53.37,0.366,1,2,0.452,3.4,141.96,0
KL106777,DE,Organic,Plus,50,6,170,30.2,0.269,1,1,0.273,3.7,68.86,0
KL106778,DE,Referral,Basic,53,7,178,18.8,0.404,0,1,0.168,4.5,50.01,0
KL106779,AT,Organic,Plus,24,4,216,53.48,0.485,2,1,0.327,3.6,81.29,0
KL106780,DE,Paid Search,Basic,53,8,143,27.24,0.519,2,0,0.444,5.0,82.81,0
KL106781,DE,Paid Search,Basic,13,1,175,16.2,0.445,1,1,0.235,4.6,6.16,0
KL106782,DE,Paid Search,Premium,2,10,92,72.64,0.763,5,0,0.2,5.0,276.03,0
KL106783,DE,Social,Basic,4,6,137,40.33,0.727,3,1,0.246,3.5,91.95,0
KL106784,AT,Organic,Basic,12,3,172,39.93,0.54,3,1,0.808,4.1,45.52,0
KL106785,DE,Paid Search,Plus,2,3,169,46.01,0.451,4,0,0.144,,52.45,0
KL106786,DE,Social,Basic,5,3,151,37.53,0.17,0,2,0.217,3.8,42.78,1
KL106787,AT,Referral,Basic,9,1,244,32.18,0.384,4,1,0.079,3.2,12.23,1
KL106788,AT,Paid Search,Plus,27,5,232,34.29,0.2,0,0,0.194,4.7,65.15,1
KL106789,CH,Paid Search,Plus,10,3,163,50.92,0.155,0,1,0.343,4.4,58.05,0
KL106790,DE,Social,Plus,13,8,96,40.29,0.357,1,0,0.637,4.8,122.48,0
KL106791,DE,Social,Premium,48,9,150,79.82,0.423,5,3,0.577,3.2,272.98,0
KL106792,AT,Referral,Basic,34,5,233,25.26,0.289,0,0,0.246,4.7,47.99,0
KL106793,DE,Social,Basic,18,4,141,26.14,0.469,0,1,0.48,3.1,39.73,0
KL106794,AT,Paid Search,Basic,40,1,166,19.35,0.691,7,0,0.371,3.4,7.35,0
KL106795,DE,Social,Basic,25,3,113,33.82,0.327,1,0,0.725,,38.55,1
KL106796,CH,Paid Search,Premium,2,9,157,80.22,0.625,2,2,0.488,3.9,274.35,0
KL106797,DE,Organic,Plus,50,7,129,48.43,0.249,0,1,0.462,4.7,128.82,0
KL106798,DE,Social,Basic,7,6,203,28.68,,3,0,0.453,4.3,65.39,0
KL106799,DE,Paid Search,Basic,16,3,221,24.42,0.476,3,0,0.019,4.4,27.84,0
KL106800,DE,Organic,Basic,28,6,224,22.78,0.681,4,1,0.366,,51.94,0
KL106801,AT,Social,Plus,9,6,210,51.82,0.516,1,0,0.257,5.0,118.15,1
KL106802,DE,Organic,Basic,12,2,149,22.98,0.134,0,1,0.041,3.9,17.46,0
KL106803,DE,Organic,Premium,2,5,170,48.35,0.416,2,1,0.164,4.0,91.86,0
KL106804,CH,Paid Search,Basic,5,4,228,52.07,0.35,0,1,0.246,4.2,79.15,1
KL106805,CH,Social,Basic,3,4,140,30.38,0.283,0,1,0.153,4.6,46.18,0
KL106806,DE,Paid Search,Premium,9,5,167,62.02,0.333,1,0,0.576,4.4,117.84,0
KL106807,Other,Organic,Premium,4,5,182,59.69,0.087,0,0,0.386,4.5,113.41,0
KL106808,DE,Paid Search,Basic,54,5,178,32.43,0.339,2,0,0.474,5.0,61.62,0
KL106809,CH,Organic,Basic,17,4,198,18.82,0.175,0,1,0.044,3.3,28.61,1
KL106810,DE,Referral,Premium,1,2,180,60.05,0.132,0,0,0.122,4.3,45.64,0
KL106811,DE,Organic,Plus,20,7,131,45.48,0.125,0,1,0.28,4.3,120.98,0
KL106812,DE,Social,Plus,21,5,196,35.01,0.24,0,3,0.18,3.9,66.52,1
KL106813,DE,Organic,Plus,10,7,158,32.64,0.321,2,0,0.171,3.7,86.82,1
KL106814,DE,Organic,Premium,3,6,246,60.81,0.276,3,1,0.32,4.9,138.65,0
KL106815,DE,Paid Search,Plus,12,8,117,39.77,0.091,1,1,0.575,3.7,120.9,0
KL106816,AT,Social,Basic,29,7,162,26.08,0.565,2,3,0.085,3.0,69.37,0
KL106817,DE,Referral,Basic,48,4,142,25.86,0.236,1,2,0.101,4.2,39.31,0
KL106818,DE,Paid Search,Plus,1,2,217,44.27,0.349,0,0,0.535,5.0,33.65,1
KL106819,Other,Paid Search,Basic,2,4,181,22.46,0.227,0,2,0.436,3.7,34.14,1
KL106820,AT,Organic,Basic,5,2,222,30.39,0.595,2,0,0.286,4.9,23.1,0
KL106821,Other,Paid Search,Plus,12,2,179,37.37,0.305,1,0,0.097,4.6,28.4,0
KL106822,DE,Paid Search,Basic,12,7,100,27.06,0.303,0,1,0.704,3.6,71.98,0
KL106823,DE,Referral,Premium,6,4,233,59.93,0.42,1,0,0.188,4.5,91.09,0
KL106824,DE,Paid Search,Basic,23,8,187,13.53,0.485,3,1,0.134,3.4,41.13,0
KL106825,DE,Social,Plus,11,7,197,44.44,0.267,2,1,0.545,4.7,118.21,1
KL106826,DE,Social,Plus,43,6,203,50.55,0.623,2,1,0.39,4.2,115.25,0
KL106827,CH,Organic,Basic,31,1,215,30.06,0.73,2,3,0.364,4.1,11.42,1
KL106828,DE,Paid Search,Basic,8,3,217,18.14,0.133,0,0,0.249,4.9,20.68,0
KL106829,AT,Referral,Basic,35,4,156,17.4,0.58,1,0,0.562,5.0,26.45,0
KL106830,DE,Paid Search,Plus,3,4,173,48.8,0.257,0,2,0.086,4.1,74.18,1
KL106831,DE,Paid Search,Plus,5,6,212,45.34,0.267,0,0,0.518,4.4,103.38,1
KL106832,DE,Social,Basic,13,3,267,29.27,0.199,0,3,0.033,2.5,33.37,1
KL106833,Other,Organic,Basic,72,7,175,34.83,0.654,3,1,0.236,4.1,92.65,0
KL106834,DE,Referral,Premium,15,4,72,70.39,0.36,1,1,0.488,5.0,106.99,0
KL106835,DE,Paid Search,Basic,39,8,168,29.02,0.551,2,0,0.6,4.1,88.22,0
KL106836,DE,Paid Search,Premium,26,5,230,76.17,0.455,1,0,0.198,4.5,144.72,0
KL106837,AT,Organic,Basic,23,6,161,41.75,0.37,0,1,0.138,3.5,95.19,0
KL106838,Other,Paid Search,Basic,13,4,153,38.27,0.238,0,0,0.286,4.6,58.17,0
KL106839,CH,Organic,Plus,3,4,222,48.14,0.15,1,1,0.098,4.0,73.17,0
KL106840,AT,Organic,Basic,20,1,200,28.93,0.369,2,0,0.096,4.3,10.99,0
KL106841,Other,Paid Search,Premium,30,13,103,65.39,0.602,1,0,0.162,4.4,323.03,0
KL106842,AT,Organic,Plus,8,10,82,48.0,0.446,3,0,0.298,5.0,182.4,0
KL106843,DE,Paid Search,Plus,5,4,130,37.52,0.711,3,0,0.359,4.1,57.03,0
KL106844,DE,Organic,Plus,65,4,217,41.52,0.596,3,0,0.257,4.1,63.11,0
KL106845,DE,Organic,Plus,7,4,145,37.19,0.398,1,1,0.27,4.1,56.53,0
KL106846,DE,Organic,Plus,12,2,266,41.43,0.505,0,1,0.595,4.5,31.49,1
KL106847,DE,Paid Search,Plus,7,5,250,35.43,0.729,0,0,0.478,5.0,67.32,1
KL106848,DE,Organic,Plus,25,5,143,40.27,0.569,5,0,0.611,4.5,76.51,0
KL106849,Other,Organic,Plus,17,4,164,38.86,0.658,0,0,0.511,3.7,59.07,0
KL106850,Other,Paid Search,Basic,4,4,213,36.58,0.704,2,1,0.263,4.1,55.6,1
KL106851,DE,Social,Basic,27,5,233,37.3,0.823,4,1,0.294,3.8,70.87,0
KL106852,AT,Social,Basic,27,3,202,32.6,0.261,1,0,0.492,4.4,37.16,1
KL106853,DE,Organic,Basic,12,2,181,16.19,0.718,0,2,0.606,3.7,12.3,1
KL106854,DE,Social,Basic,18,3,182,32.79,0.303,0,1,0.322,3.9,37.38,1
KL106855,DE,Paid Search,Basic,29,4,192,35.01,0.161,0,1,0.396,4.2,53.22,0
KL106856,DE,Paid Search,Basic,9,3,177,25.39,0.741,4,1,0.518,3.9,28.94,0
KL106857,DE,Organic,Plus,44,4,231,48.14,0.754,1,0,0.074,4.0,73.17,0
KL106858,DE,Organic,Plus,8,5,156,49.5,0.268,0,2,0.462,3.4,94.05,0
KL106859,DE,Paid Search,Basic,45,5,196,15.07,0.709,5,1,0.091,3.7,28.63,0
KL106860,DE,Organic,Premium,43,9,175,72.7,0.174,0,0,0.197,4.6,248.63,0
KL106861,CH,Social,Premium,72,5,180,63.3,0.089,0,0,0.193,4.9,120.27,0
KL106862,DE,Organic,Premium,2,10,132,54.04,0.589,2,1,0.25,4.1,205.35,0
KL106863,DE,Organic,Basic,46,6,171,29.28,0.711,3,0,0.355,4.1,66.76,0
KL106864,DE,Organic,Basic,32,5,150,24.92,0.292,1,1,0.209,3.2,47.35,0
KL106865,DE,Organic,Basic,14,4,215,34.82,0.233,1,0,0.562,4.1,52.93,0
KL106866,DE,Paid Search,Plus,17,1,207,46.91,0.298,1,0,0.122,5.0,17.83,0
KL106867,DE,Organic,Plus,4,3,187,46.36,0.353,3,0,0.16,4.5,52.85,0
KL106868,AT,Paid Search,Plus,4,7,126,35.76,0.722,3,1,0.181,4.5,95.12,0
KL106869,DE,Organic,Plus,39,6,240,38.88,0.376,0,0,0.578,3.9,88.65,0
KL106870,AT,Paid Search,Premium,13,8,186,62.56,0.666,4,0,0.194,4.4,190.18,0
KL106871,DE,Referral,Plus,65,2,153,47.19,0.449,1,0,0.152,4.2,35.86,1
KL106872,DE,Social,Premium,2,4,208,76.01,0.878,6,0,0.564,4.6,115.54,0
KL106873,DE,Paid Search,Plus,4,6,151,46.38,0.146,1,3,0.271,4.1,105.75,0
KL106874,DE,Paid Search,Basic,2,1,180,21.36,0.668,6,0,0.08,4.8,8.12,0
KL106875,DE,Social,Plus,72,7,138,38.59,0.409,1,1,0.564,4.6,102.65,0
KL106876,DE,Referral,Basic,5,6,190,31.29,0.368,2,1,0.183,3.7,71.34,0
KL106877,DE,Paid Search,Basic,17,3,191,37.29,0.157,0,0,0.04,4.2,42.51,0
KL106878,AT,Organic,Premium,20,7,162,64.14,0.403,3,2,0.63,3.2,170.61,0
KL106879,DE,Social,Basic,51,5,190,33.4,0.797,0,1,0.487,3.9,63.46,0
KL106880,DE,Organic,Basic,22,3,229,15.55,0.45,4,0,0.133,4.9,17.73,0
KL106881,AT,Social,Premium,37,6,253,60.63,0.595,3,2,0.56,2.9,138.24,1
KL106882,DE,Organic,Basic,2,3,187,33.8,0.542,6,1,0.483,4.8,38.53,0
KL106883,CH,Organic,Basic,26,0,205,8.84,0.832,5,1,0.13,4.0,3.36,1
KL106884,Other,Social,Basic,14,5,184,36.71,0.375,0,1,0.211,3.3,69.75,1
KL106885,Other,Social,Plus,13,3,221,45.09,0.609,2,0,0.447,4.5,51.4,1
KL106886,DE,Paid Search,Basic,20,0,258,28.69,0.765,4,0,0.225,4.4,10.9,0
KL106887,DE,Social,Basic,1,2,169,11.69,0.242,1,1,0.153,4.7,8.88,0
KL106888,DE,Social,Plus,3,5,265,49.57,0.687,1,0,0.359,3.8,94.18,0
KL106889,AT,Paid Search,Basic,5,1,171,43.69,0.879,3,0,0.546,3.4,16.6,0
KL106890,AT,Referral,Plus,63,5,211,40.01,0.029,2,1,0.276,3.4,76.02,1
KL106891,DE,Paid Search,Basic,5,2,230,24.1,0.5,2,1,0.723,3.8,18.32,1
KL106892,DE,Organic,Plus,55,7,115,39.67,0.372,6,0,0.047,4.4,105.52,0
KL106893,DE,Social,Plus,6,1,221,48.0,0.452,2,0,0.247,4.3,18.24,0
KL106894,DE,Paid Search,Basic,28,3,135,36.11,0.586,5,0,0.311,4.0,41.17,0
KL106895,DE,Social,Basic,3,2,175,32.6,0.565,3,0,0.26,4.0,24.78,0
KL106896,Other,Organic,Basic,3,2,202,25.92,0.22,2,1,0.556,4.5,19.7,1
KL106897,DE,Organic,Basic,9,3,201,36.77,0.244,1,2,0.669,4.3,41.92,1
KL106898,DE,Organic,Basic,30,6,216,18.87,0.45,4,0,0.187,4.5,43.02,0
KL106899,Other,Paid Search,Basic,30,7,140,37.45,0.352,0,1,0.665,4.8,99.62,0
KL106900,DE,Social,Basic,11,7,177,38.55,0.395,1,2,0.291,3.6,102.54,1
KL106901,DE,Paid Search,Basic,1,3,228,24.86,0.5,2,1,0.183,3.3,28.34,0
KL106902,AT,Organic,Basic,18,6,170,42.07,0.149,0,0,0.3,4.0,95.92,0
KL106903,DE,Paid Search,Plus,6,3,196,50.01,0.562,2,2,0.391,3.3,57.01,0
KL106904,DE,Paid Search,Basic,41,8,105,28.03,0.22,0,1,0.058,4.3,85.21,0
KL106905,CH,Social,Plus,1,1,155,39.27,0.255,1,0,0.347,4.3,14.92,0
KL106906,AT,Social,Plus,4,3,167,48.25,0.455,2,0,0.312,3.9,55.0,0
KL106907,CH,Organic,Basic,4,7,213,22.89,0.687,4,1,0.624,3.8,60.89,1
KL106908,Other,Paid Search,Basic,15,9,197,39.6,0.362,0,1,0.017,3.9,135.43,0
KL106909,DE,Social,Basic,4,7,208,23.51,0.655,2,1,0.055,4.3,62.54,0
KL106910,AT,Organic,Plus,5,6,185,61.71,0.426,1,2,0.311,4.0,140.7,0
KL106911,DE,Paid Search,Basic,72,10,158,30.39,0.371,1,0,0.319,4.9,115.48,0
KL106912,AT,Paid Search,Basic,4,3,182,17.4,0.423,2,1,0.3,4.0,19.84,0
KL106913,AT,Paid Search,Premium,31,11,119,75.47,0.468,4,0,0.144,5.0,315.46,0
KL106914,AT,Organic,Plus,15,4,117,38.92,0.131,1,3,0.321,,59.16,0
KL106915,CH,Organic,Basic,5,2,211,13.08,0.161,2,0,0.346,4.5,9.94,1
KL106916,DE,Social,Premium,8,7,180,80.15,0.245,0,2,0.1,3.6,213.2,0
KL106917,AT,Organic,Basic,2,2,182,49.91,0.213,1,1,0.164,4.8,37.93,0
KL106918,DE,Social,Basic,1,2,236,32.24,0.509,0,2,0.531,3.6,24.5,1
KL106919,DE,Paid Search,Basic,3,1,255,33.19,0.306,2,0,0.08,4.6,12.61,1
KL106920,AT,Paid Search,Premium,2,5,141,68.74,0.205,1,2,0.469,3.1,130.61,0
KL106921,CH,Social,Basic,13,2,285,32.99,0.622,2,0,0.107,4.1,25.07,1
KL106922,DE,Paid Search,Plus,16,6,191,39.58,0.282,1,0,0.052,4.8,90.24,0
KL106923,DE,Organic,Plus,9,10,194,41.98,0.453,3,0,0.518,4.4,159.52,0
KL106924,DE,Organic,Plus,4,3,172,40.49,0.133,0,2,0.194,3.9,46.16,0
KL106925,DE,Social,Basic,11,3,247,28.06,0.965,7,1,0.72,4.0,31.99,0
KL106926,DE,Paid Search,Basic,14,4,211,18.39,0.131,0,1,0.09,3.6,27.95,1
KL106927,CH,Social,Plus,69,8,146,49.77,0.484,3,1,0.268,4.0,151.3,0
KL106928,DE,Paid Search,Basic,9,3,158,28.88,0.768,3,0,0.384,5.0,32.92,0
KL106929,Other,Paid Search,Plus,14,8,156,47.76,0.535,2,1,0.084,4.1,145.19,0
KL106930,DE,Organic,Basic,13,2,231,32.03,0.519,4,0,0.764,,24.34,1
KL106931,AT,Organic,Plus,7,3,199,23.89,0.338,1,3,0.068,2.7,27.23,0
KL106932,DE,Social,Plus,29,5,183,45.67,0.417,2,1,0.189,4.4,86.77,1
KL106933,AT,Organic,Plus,54,7,147,48.66,0.433,0,3,0.28,3.5,129.44,1
KL106934,AT,Referral,Basic,52,4,142,21.23,0.651,2,0,0.598,4.0,32.27,0
KL106935,AT,Organic,Basic,1,4,194,28.06,0.545,4,0,0.408,4.3,42.65,0
KL106936,CH,Paid Search,Basic,19,6,139,25.33,0.353,4,1,0.35,4.4,57.75,0
KL106937,DE,Organic,Basic,10,2,237,31.23,0.532,0,0,0.342,3.9,23.73,1
KL106938,DE,Social,Plus,36,6,201,40.87,0.759,1,0,0.285,,93.18,0
KL106939,DE,Organic,Basic,11,2,262,14.15,0.365,3,0,0.397,4.3,10.75,1
KL106940,AT,Paid Search,Basic,11,4,175,20.21,0.595,1,0,0.157,4.2,30.72,0
KL106941,DE,Referral,Basic,15,4,187,33.01,0.396,0,0,0.584,4.3,50.18,0
KL106942,DE,Social,Basic,20,4,136,31.6,0.38,2,3,0.131,,48.03,0
KL106943,DE,Organic,Plus,37,8,137,61.16,0.272,1,2,0.207,,185.93,0
KL106944,DE,Social,Plus,34,7,164,42.26,0.318,1,0,0.196,4.2,112.41,0
KL106945,CH,Paid Search,Basic,38,9,151,14.36,0.443,4,2,0.302,4.0,49.11,0
KL106946,AT,Organic,Basic,14,2,191,39.68,,6,0,0.399,3.9,30.16,1
KL106947,AT,Paid Search,Plus,3,1,190,50.4,0.039,0,0,0.199,4.4,19.15,1
KL106948,AT,Social,Plus,16,8,165,35.92,0.511,2,1,0.188,3.6,109.2,0
KL106949,CH,Paid Search,Plus,38,7,154,48.81,0.173,0,2,0.41,3.7,129.83,0
KL106950,DE,Social,Plus,30,7,210,44.58,0.257,1,0,0.447,4.4,118.58,0
KL106951,Other,Social,Plus,14,3,205,35.23,0.406,2,1,0.369,4.2,40.16,1
KL106952,DE,Paid Search,Plus,15,2,185,44.58,0.215,2,3,0.389,3.1,33.88,0
KL106953,AT,Organic,Premium,20,7,202,60.54,,0,2,0.107,3.8,161.04,1
KL106954,AT,Social,Plus,15,4,153,30.59,0.177,0,3,0.332,3.9,46.5,1
KL106955,DE,Paid Search,Plus,24,8,142,40.82,0.131,1,0,0.247,4.5,124.09,0
KL106956,DE,Organic,Plus,17,4,151,47.48,0.132,1,0,0.785,4.4,72.17,1
KL106957,DE,Organic,Basic,8,4,179,27.83,0.143,0,1,0.271,3.8,42.3,0
KL106958,DE,Social,Basic,18,2,252,23.07,0.332,1,0,0.219,4.5,17.53,0
KL106959,CH,Organic,Premium,11,4,195,69.55,0.561,1,1,0.523,3.0,105.72,1
KL106960,DE,Organic,Plus,34,4,128,40.5,0.169,1,0,0.203,4.3,61.56,0
KL106961,DE,Organic,Basic,17,5,167,21.04,0.17,1,0,0.297,4.6,39.98,0
KL106962,DE,Organic,Basic,5,2,213,30.05,0.22,2,2,0.396,3.6,22.84,0
KL106963,DE,Referral,Basic,72,6,182,26.42,0.323,0,2,0.193,3.1,60.24,0
KL106964,DE,Paid Search,Basic,14,1,206,42.93,0.131,0,2,0.132,4.4,16.31,1
KL106965,DE,Social,Plus,11,0,247,49.35,0.253,3,0,0.324,3.6,18.75,1
KL106966,DE,Social,Plus,1,4,209,48.68,0.457,1,2,0.217,4.1,73.99,0
KL106967,DE,Paid Search,Basic,4,2,199,14.07,0.708,3,0,0.424,4.8,10.69,0
KL106968,DE,Social,Basic,6,5,188,34.11,0.436,2,0,0.239,4.8,64.81,0
KL106969,DE,Referral,Basic,3,1,207,35.37,0.453,1,0,0.408,4.7,13.44,1
KL106970,CH,Social,Basic,1,4,190,15.1,0.466,3,3,0.419,3.6,22.95,1
KL106971,DE,Social,Basic,24,4,195,21.34,0.793,8,0,0.028,5.0,32.44,0
KL106972,DE,Paid Search,Plus,15,7,200,36.04,0.446,1,1,0.567,4.1,95.87,0
KL106973,Other,Social,Basic,15,3,213,36.66,0.685,2,0,0.125,4.1,41.79,0
KL106974,DE,Organic,Premium,9,9,148,74.79,0.348,0,1,0.159,4.9,255.78,0
KL106975,DE,Social,Plus,9,6,158,36.11,0.203,0,0,0.226,4.0,82.33,0
KL106976,CH,Paid Search,Basic,44,9,171,18.78,0.693,3,2,0.58,3.1,64.23,0
KL106977,DE,Paid Search,Basic,4,1,223,10.92,0.454,1,0,0.096,4.1,4.15,1
KL106978,CH,Referral,Basic,43,11,129,14.94,0.789,1,1,0.211,4.2,62.45,0
KL106979,AT,Paid Search,Basic,22,2,193,22.31,0.21,2,2,0.19,3.8,16.96,0
KL106980,Other,Organic,Premium,16,13,118,59.91,0.323,0,0,0.445,,295.96,0
KL106981,Other,Social,Plus,6,4,165,41.96,0.084,1,1,0.309,4.5,63.78,0
KL106982,DE,Referral,Plus,15,4,138,46.78,0.437,2,0,0.277,4.3,71.11,0
KL106983,CH,Social,Plus,17,2,259,43.86,0.675,3,1,0.481,4.0,33.33,1
KL106984,DE,Social,Premium,7,10,196,59.69,0.321,2,0,0.063,4.4,226.82,0
KL106985,AT,Social,Premium,7,3,201,64.18,0.409,1,1,0.694,4.8,73.17,1
KL106986,DE,Social,Basic,2,2,223,21.4,0.455,0,0,0.359,4.8,16.26,0
KL106987,DE,Paid Search,Basic,10,2,197,24.45,0.78,1,1,0.148,4.0,18.58,1
KL106988,DE,Paid Search,Basic,3,1,230,25.97,0.719,3,1,0.332,4.3,9.87,0
KL106989,DE,Social,Basic,8,4,192,34.07,0.104,1,1,0.077,3.9,51.79,0
KL106990,DE,Referral,Plus,39,6,179,49.29,0.202,0,0,0.066,4.1,112.38,0
KL106991,DE,Organic,Basic,22,3,162,21.36,0.099,0,0,0.594,4.0,24.35,0
KL106992,CH,Organic,Plus,63,7,227,42.15,0.607,1,0,0.449,4.6,112.12,0
KL106993,DE,Paid Search,Basic,47,6,134,33.69,0.198,1,1,0.69,4.6,76.81,0
KL106994,CH,Social,Plus,59,9,178,40.9,0.245,2,2,0.58,3.0,139.88,0
KL106995,CH,Social,Basic,18,1,185,25.14,0.502,1,1,0.264,4.2,9.55,0
KL106996,AT,Paid Search,Basic,27,2,136,36.04,0.576,2,1,0.363,,27.39,0
KL106997,DE,Organic,Plus,26,6,206,47.15,0.599,3,0,0.117,4.5,107.5,0
KL106998,CH,Organic,Basic,3,5,187,27.69,0.842,5,2,0.045,4.1,52.61,1
KL106999,AT,Social,Plus,33,4,141,34.61,0.558,1,1,0.402,3.6,52.61,0
KL107000,AT,Paid Search,Premium,9,11,156,52.34,0.204,1,0,0.333,4.5,218.78,0
KL107001,CH,Organic,Basic,11,1,200,29.5,0.798,4,0,0.332,4.9,11.21,0
KL107002,DE,Organic,Basic,9,1,277,32.89,,2,0,0.184,3.7,12.5,0
KL107003,DE,Social,Basic,5,3,148,19.58,0.859,6,1,0.271,4.7,22.32,0
KL107004,CH,Paid Search,Basic,16,2,183,35.91,,0,0,0.69,4.0,27.29,1
KL107005,DE,Organic,Premium,12,0,250,62.3,0.355,3,1,0.339,4.3,23.67,1
KL107006,CH,Organic,Plus,16,5,166,28.07,0.272,0,0,0.143,4.2,53.33,0
KL107007,DE,Referral,Basic,10,3,169,31.92,0.157,2,0,0.201,4.5,36.39,0
KL107008,DE,Paid Search,Plus,14,0,229,41.24,0.113,0,1,0.584,3.9,15.67,1
KL107009,DE,Paid Search,Premium,9,7,204,63.82,0.543,1,0,0.252,4.2,169.76,0
KL107010,DE,Organic,Basic,3,2,203,34.72,0.274,0,0,0.478,4.6,26.39,1
KL107011,Other,Organic,Basic,27,2,198,40.07,0.377,1,0,0.159,4.1,30.45,1
KL107012,DE,Social,Plus,8,7,139,46.67,0.167,2,0,0.382,4.5,124.14,0
KL107013,AT,Social,Plus,14,3,181,38.72,0.269,1,0,0.345,3.7,44.14,0
KL107014,DE,Paid Search,Basic,6,2,166,14.16,0.07,1,0,0.288,4.6,10.76,0
KL107015,Other,Referral,Basic,6,7,208,32.99,0.161,0,0,0.082,,87.75,0
KL107016,DE,Paid Search,Basic,4,1,238,28.43,0.43,4,1,0.434,4.5,10.8,0
KL107017,DE,Social,Plus,20,6,128,35.76,0.78,8,0,0.332,3.6,81.53,0
KL107018,DE,Organic,Plus,44,4,169,37.85,0.669,6,1,0.519,3.7,57.53,0
KL107019,DE,Paid Search,Basic,72,7,191,39.98,0.403,1,0,0.005,4.5,106.35,0
KL107020,Other,Social,Plus,35,3,220,49.62,0.108,1,1,0.125,3.7,56.57,0
KL107021,Other,Referral,Basic,8,4,186,37.06,0.098,0,1,0.182,3.5,56.33,1
KL107022,DE,Social,Plus,12,3,188,50.45,0.472,3,0,0.224,4.0,57.51,0
KL107023,DE,Social,Plus,15,3,197,44.09,0.192,0,1,0.165,3.7,50.26,0
KL107024,DE,Social,Basic,6,3,181,19.73,0.282,1,1,0.094,3.3,22.49,0
KL107025,DE,Social,Basic,31,4,227,28.86,0.544,2,1,0.324,3.7,43.87,1
KL107026,DE,Organic,Basic,11,2,230,33.25,,1,0,0.044,5.0,25.27,1
KL107027,DE,Paid Search,Plus,32,6,183,41.09,0.502,2,0,0.432,4.4,93.69,0
KL107028,DE,Social,Plus,12,6,135,44.14,0.225,1,0,0.477,4.5,100.64,0
KL107029,CH,Paid Search,Basic,5,3,176,32.48,0.701,1,1,0.267,4.0,37.03,0
KL107030,DE,Referral,Premium,17,4,167,72.75,0.343,2,0,0.057,4.9,110.58,0
KL107031,DE,Paid Search,Plus,19,4,176,49.57,0.653,2,1,0.194,4.0,75.35,0
KL107032,DE,Organic,Basic,23,3,203,25.08,0.326,1,1,0.705,3.8,28.59,1
KL107033,DE,Organic,Basic,10,2,260,17.45,0.764,2,2,0.193,3.6,13.26,0
KL107034,DE,Social,Plus,9,4,195,54.29,0.466,5,0,0.138,4.9,82.52,0
KL107035,AT,Organic,Basic,18,3,149,30.59,0.552,4,2,0.601,4.1,34.87,0
KL107036,DE,Social,Premium,20,11,157,62.67,0.595,1,1,0.282,3.0,261.96,0
KL107037,AT,Organic,Plus,32,8,110,27.14,0.663,1,0,0.547,4.4,82.51,0
KL107038,CH,Paid Search,Basic,61,4,205,33.72,0.2,0,1,0.433,4.3,51.25,1
KL107039,Other,Social,Basic,1,1,198,31.97,0.082,0,1,0.146,4.1,12.15,0
KL107040,AT,Paid Search,Basic,33,1,233,25.79,0.42,3,0,0.639,5.0,9.8,1
KL107041,DE,Social,Basic,41,2,223,31.08,0.261,0,0,0.417,4.6,23.62,1
KL107042,DE,Organic,Basic,17,3,203,39.28,0.697,2,2,0.35,4.1,44.78,0
KL107043,DE,Paid Search,Plus,13,4,152,31.88,0.295,0,1,0.231,3.3,48.46,1
KL107044,Other,Paid Search,Plus,11,2,183,51.01,0.393,3,1,0.05,3.3,38.77,0
KL107045,Other,Referral,Premium,55,6,191,57.55,0.22,0,0,0.362,4.0,131.21,0
KL107046,DE,Organic,Basic,4,1,219,18.56,0.733,3,0,0.258,3.7,7.05,0
KL107047,DE,Organic,Basic,14,5,245,25.85,0.454,0,0,0.436,4.5,49.12,1
KL107048,DE,Social,Plus,69,10,146,52.95,0.081,0,1,0.213,3.6,201.21,0
KL107049,DE,Referral,Basic,7,2,232,21.79,0.443,1,0,0.669,3.5,16.56,0
KL107050,Other,Social,Basic,18,3,183,26.9,0.899,3,1,0.567,4.5,30.67,0
KL107051,DE,Social,Premium,49,8,127,53.18,0.129,1,1,0.036,4.1,161.67,0
KL107052,DE,Paid Search,Plus,18,5,221,46.15,0.047,0,0,0.278,4.4,87.68,0
KL107053,DE,Paid Search,Premium,10,5,155,58.17,0.668,2,0,0.473,4.0,110.52,0
KL107054,DE,Social,Basic,28,6,123,24.36,,1,1,0.489,4.2,55.54,0
KL107055,DE,Social,Plus,3,4,142,49.2,0.274,1,1,0.149,4.1,74.78,1
KL107056,CH,Social,Basic,5,2,217,22.55,,1,1,0.095,4.2,17.14,0
KL107057,DE,Social,Basic,13,1,189,31.39,0.076,0,0,0.534,4.1,11.93,0
KL107058,DE,Social,Basic,2,1,159,30.51,0.196,0,3,0.572,3.1,11.59,1
KL107059,DE,Organic,Plus,5,5,247,43.92,0.324,2,1,0.535,3.7,83.45,1
KL107060,DE,Organic,Basic,3,3,120,19.81,0.449,3,0,0.165,3.9,22.58,0
KL107061,DE,Referral,Plus,5,3,182,43.43,0.297,2,0,0.267,5.0,49.51,0
KL107062,DE,Paid Search,Premium,11,5,237,63.55,0.201,0,1,0.127,2.6,120.74,0
KL107063,DE,Organic,Plus,12,0,222,39.82,,0,0,0.292,3.7,15.13,1
KL107064,DE,Paid Search,Basic,48,6,258,33.75,0.273,3,3,0.296,3.3,76.95,0
KL107065,CH,Social,Plus,35,5,207,31.9,0.765,6,0,0.144,3.9,60.61,0
KL107066,AT,Social,Basic,6,4,147,22.76,0.722,3,3,0.401,3.3,34.6,1
KL107067,Other,Social,Basic,9,3,222,27.9,0.149,0,0,0.472,3.6,31.81,1
KL107068,DE,Organic,Basic,5,8,136,40.18,0.815,3,0,0.27,3.3,122.15,0
KL107069,AT,Paid Search,Plus,17,3,187,27.51,0.411,2,1,0.282,3.8,31.36,0
KL107070,AT,Organic,Plus,21,2,169,43.56,0.405,2,0,0.426,4.9,33.11,0
KL107071,DE,Referral,Premium,29,8,133,63.56,0.331,1,2,0.599,3.8,193.22,0
KL107072,DE,Organic,Basic,9,5,205,34.06,0.474,4,0,0.251,4.8,64.71,1
KL107073,DE,Paid Search,Basic,51,3,164,22.26,0.436,2,0,0.337,5.0,25.38,1
KL107074,CH,Paid Search,Basic,25,6,104,26.34,0.87,3,1,0.2,4.4,60.06,0
KL107075,DE,Paid Search,Premium,7,7,178,57.81,0.462,3,0,0.284,3.9,153.77,0
KL107076,DE,Paid Search,Plus,43,4,179,38.66,0.56,3,0,0.382,4.1,58.76,0
KL107077,Other,Social,Premium,12,12,156,70.05,0.241,0,2,0.498,3.1,319.43,0
KL107078,DE,Paid Search,Basic,16,2,177,31.25,0.236,0,3,0.141,3.1,23.75,1
KL107079,Other,Organic,Basic,4,3,232,25.84,0.514,1,0,0.395,4.0,29.46,1
KL107080,CH,Paid Search,Plus,10,2,229,49.15,0.201,0,1,0.108,4.1,37.35,1
KL107081,CH,Paid Search,Basic,70,7,182,47.46,0.183,1,1,0.401,3.5,126.24,0
KL107082,CH,Organic,Basic,22,4,141,21.66,0.395,1,0,0.128,4.1,32.92,0
KL107083,DE,Social,Basic,45,3,194,32.21,0.595,1,1,0.374,4.5,36.72,0
KL107084,AT,Organic,Basic,9,2,236,28.41,0.283,3,1,0.21,4.5,21.59,0
KL107085,AT,Social,Basic,56,5,161,36.68,0.583,3,1,0.312,4.3,69.69,0
KL107086,AT,Organic,Premium,34,9,75,60.6,0.524,3,0,0.284,3.7,207.25,0
KL107087,DE,Social,Plus,46,7,140,50.04,0.317,1,0,0.564,5.0,133.11,0
KL107088,DE,Organic,Plus,72,12,91,41.16,0.32,4,0,0.343,4.1,187.69,0
KL107089,DE,Paid Search,Basic,23,2,183,26.16,0.24,0,2,0.564,3.8,19.88,1
KL107090,DE,Organic,Plus,10,3,145,43.29,0.436,4,2,0.152,3.5,49.35,0
KL107091,DE,Paid Search,Basic,36,4,215,29.27,0.764,1,0,0.377,4.3,44.49,0
KL107092,CH,Organic,Basic,27,2,225,20.79,0.35,1,1,0.743,2.7,15.8,1
KL107093,CH,Social,Basic,72,9,116,28.26,0.107,0,0,0.576,4.6,96.65,0
KL107094,AT,Paid Search,Basic,16,3,181,38.72,0.614,5,2,0.385,3.1,44.14,0
KL107095,DE,Referral,Premium,12,2,173,55.69,0.607,2,0,0.433,5.0,42.32,0
KL107096,DE,Social,Plus,21,4,205,45.78,0.656,2,1,0.438,4.2,69.59,0
KL107097,DE,Paid Search,Basic,2,1,177,36.16,0.306,0,1,0.455,4.8,13.74,0
KL107098,DE,Social,Plus,8,6,142,41.77,0.055,0,0,0.58,4.1,95.24,0
KL107099,DE,Organic,Basic,12,6,175,26.14,0.349,1,0,0.113,3.9,59.6,0
KL107100,DE,Paid Search,Basic,30,3,166,28.09,0.536,1,0,0.113,4.9,32.02,0
KL107101,DE,Paid Search,Plus,24,4,247,34.56,0.462,0,1,0.444,4.3,52.53,1
KL107102,DE,Social,Plus,11,1,187,40.36,,1,0,0.375,4.7,15.34,0
KL107103,DE,Organic,Plus,5,6,198,55.65,0.354,0,2,0.678,3.6,126.88,1
KL107104,DE,Paid Search,Basic,5,0,251,26.99,0.572,4,1,0.222,3.5,10.26,0
KL107105,DE,Social,Plus,5,3,147,42.11,0.538,2,0,0.566,3.9,48.01,1
KL107106,AT,Paid Search,Basic,9,4,179,20.53,0.231,1,0,0.635,4.8,31.21,0
KL107107,DE,Organic,Basic,3,4,158,31.24,0.791,2,0,0.543,4.7,47.48,1
KL107108,DE,Paid Search,Basic,2,6,204,19.56,,4,0,0.54,4.7,44.6,0
KL107109,DE,Social,Basic,42,7,161,26.42,0.645,2,2,0.185,3.5,70.28,0
KL107110,Other,Organic,Basic,48,5,211,8.0,0.399,0,1,0.098,3.4,15.2,0
KL107111,DE,Paid Search,Basic,11,5,237,28.19,0.036,2,0,0.182,4.1,53.56,1
KL107112,AT,Referral,Plus,56,10,200,43.28,0.558,1,0,0.779,4.0,164.46,0
KL107113,DE,Referral,Basic,72,8,118,21.99,0.692,3,0,0.258,5.0,66.85,0
KL107114,CH,Organic,Basic,11,3,155,23.71,0.119,1,0,0.806,5.0,27.03,1
KL107115,CH,Paid Search,Premium,15,3,155,59.53,0.507,1,1,0.206,3.8,67.86,1
KL107116,DE,Organic,Premium,6,9,188,70.38,0.053,0,0,0.157,5.0,240.7,0
KL107117,AT,Referral,Basic,6,10,166,23.66,0.31,1,1,0.191,4.3,89.91,0
KL107118,DE,Paid Search,Basic,1,2,228,39.03,0.478,4,2,0.472,3.6,29.66,1
KL107119,AT,Paid Search,Basic,15,5,199,39.43,0.095,0,1,0.216,3.9,74.92,0
KL107120,DE,Organic,Premium,4,2,190,65.44,0.62,3,0,0.085,4.9,49.73,0
KL107121,DE,Paid Search,Basic,10,0,223,40.34,0.429,2,0,0.44,4.1,15.33,0
KL107122,Other,Organic,Basic,13,1,224,39.59,0.391,2,1,0.305,4.6,15.04,0
KL107123,CH,Social,Plus,39,8,160,45.2,0.316,1,1,0.186,3.8,137.41,0
KL107124,DE,Paid Search,Plus,2,5,157,34.9,0.679,2,1,0.279,4.3,66.31,0
KL107125,Other,Paid Search,Basic,6,4,244,30.93,0.453,1,0,0.475,4.8,47.01,1
KL107126,DE,Social,Basic,4,3,154,29.81,0.524,3,0,0.285,4.0,33.98,0
KL107127,DE,Organic,Basic,2,0,205,23.67,0.414,2,2,0.459,3.9,8.99,1
KL107128,CH,Organic,Basic,27,6,223,44.09,0.822,4,0,0.291,5.0,100.53,0
KL107129,DE,Paid Search,Basic,18,3,229,33.15,0.232,1,0,0.563,,37.79,0
KL107130,DE,Social,Plus,27,6,128,32.47,0.177,0,0,0.643,4.4,74.03,0
KL107131,AT,Organic,Plus,5,2,127,45.28,0.365,1,1,0.139,4.8,34.41,0
KL107132,DE,Social,Plus,13,6,136,42.45,0.712,3,0,0.308,4.6,96.79,0
KL107133,DE,Paid Search,Plus,26,1,216,45.55,0.728,5,1,0.077,4.1,17.31,1
KL107134,DE,Paid Search,Plus,9,5,182,40.69,0.3,1,0,0.198,4.8,77.31,0
KL107135,AT,Paid Search,Basic,6,3,195,17.95,0.072,0,0,0.276,5.0,20.46,1
KL107136,DE,Organic,Plus,24,0,240,50.52,0.439,0,1,0.099,4.4,19.2,1
KL107137,DE,Organic,Basic,11,2,205,42.42,0.323,2,0,0.244,5.0,32.24,0
KL107138,AT,Social,Basic,2,6,205,24.7,0.38,0,0,0.641,4.4,56.32,0
KL107139,DE,Paid Search,Basic,72,4,215,26.92,0.306,3,1,0.05,4.7,40.92,0
KL107140,DE,Paid Search,Plus,17,3,120,51.04,0.679,1,1,0.572,3.7,58.19,0
KL107141,AT,Referral,Plus,20,1,215,38.22,0.653,4,1,0.236,5.0,14.52,0
KL107142,CH,Organic,Basic,10,2,196,34.86,0.628,4,2,0.759,3.8,26.49,0
KL107143,DE,Paid Search,Basic,26,4,198,27.47,0.496,1,0,0.349,4.5,41.75,0
KL107144,CH,Paid Search,Plus,46,8,148,35.55,0.4,1,2,0.239,4.4,108.07,0
KL107145,AT,Organic,Basic,18,4,132,23.37,0.512,1,2,0.148,3.8,35.52,0
KL107146,DE,Referral,Basic,22,4,204,27.66,0.636,3,2,0.522,3.6,42.04,0
KL107147,CH,Referral,Plus,12,8,180,42.28,0.169,1,0,0.263,4.2,128.53,0
KL107148,AT,Organic,Plus,46,6,107,32.84,0.566,1,3,0.172,3.6,74.88,0
KL107149,DE,Referral,Basic,28,6,232,29.57,0.321,1,0,0.15,4.3,67.42,0
KL107150,DE,Organic,Basic,31,6,205,10.35,0.574,3,0,0.246,4.3,23.6,0
KL107151,AT,Referral,Premium,11,7,133,70.38,0.33,1,0,0.711,4.9,187.21,0
KL107152,Other,Social,Basic,10,4,150,34.19,0.094,0,0,0.203,,51.97,0
KL107153,DE,Organic,Premium,5,7,171,58.89,0.37,1,1,0.675,3.6,156.65,0
KL107154,CH,Paid Search,Plus,15,6,177,42.46,0.448,2,1,0.118,3.5,96.81,0
KL107155,AT,Social,Premium,4,5,202,61.48,0.267,3,0,0.275,3.4,116.81,1
KL107156,CH,Organic,Basic,11,2,221,24.81,0.217,1,1,0.281,3.3,18.86,1
KL107157,Other,Paid Search,Basic,5,3,217,25.94,0.719,3,2,0.482,4.7,29.57,0
KL107158,DE,Paid Search,Basic,3,3,157,26.88,0.416,0,2,0.212,3.6,30.64,0
KL107159,DE,Organic,Basic,19,1,207,23.85,0.587,2,0,0.56,4.8,9.06,0
KL107160,DE,Organic,Basic,2,1,224,30.05,0.29,0,0,0.411,4.4,11.42,1
KL107161,DE,Organic,Basic,42,4,180,40.08,0.605,1,0,0.514,4.8,60.92,0
KL107162,DE,Social,Basic,7,1,235,31.72,0.794,1,1,0.5,4.5,12.05,1
KL107163,CH,Paid Search,Plus,29,7,202,40.48,0.397,1,1,0.332,3.1,107.68,0
KL107164,Other,Paid Search,Basic,6,1,183,37.78,0.604,2,1,0.583,4.0,14.36,1
KL107165,DE,Organic,Basic,49,9,147,37.19,0.102,0,1,0.057,4.1,127.19,0
KL107166,AT,Organic,Basic,11,5,161,35.05,0.11,1,0,0.08,4.7,66.6,0
KL107167,DE,Social,Plus,10,2,189,45.33,0.724,5,0,0.66,4.1,34.45,0
KL107168,DE,Organic,Basic,10,4,130,31.42,0.539,0,1,0.503,4.2,47.76,0
KL107169,DE,Social,Plus,3,3,210,47.33,0.42,1,2,0.19,3.5,53.96,1
KL107170,DE,Paid Search,Basic,9,3,296,37.39,0.246,2,1,0.493,,42.62,1
KL107171,DE,Social,Plus,25,11,147,36.54,0.469,4,0,0.298,4.2,152.74,0
KL107172,AT,Paid Search,Plus,1,3,276,40.87,0.219,1,1,0.578,3.6,46.59,1
KL107173,AT,Social,Plus,32,6,217,49.26,0.665,5,1,0.393,4.5,112.31,0
KL107174,DE,Organic,Plus,47,2,178,42.88,0.417,3,1,0.492,4.0,32.59,0
KL107175,DE,Referral,Premium,6,8,171,65.75,0.588,0,1,0.7,3.6,199.88,0
KL107176,DE,Organic,Basic,14,2,231,35.0,,1,1,0.636,4.0,26.6,1
KL107177,Other,Organic,Basic,29,3,222,20.5,0.461,0,0,0.203,4.4,23.37,0
KL107178,Other,Paid Search,Premium,43,12,99,72.59,0.431,3,0,0.389,3.9,331.01,0
KL107179,DE,Organic,Plus,12,4,195,34.72,0.931,5,1,0.364,4.5,52.77,0
KL107180,DE,Paid Search,Plus,22,10,199,39.09,0.107,0,0,0.192,4.3,148.54,0
KL107181,DE,Social,Basic,17,5,126,15.46,0.644,3,1,0.61,4.3,29.37,0
KL107182,AT,Social,Basic,16,1,248,24.33,0.676,2,0,0.068,4.2,9.25,1
KL107183,DE,Paid Search,Premium,5,9,189,69.57,0.296,1,0,0.077,4.0,237.93,0
KL107184,DE,Referral,Plus,8,8,96,43.54,0.752,1,1,0.317,3.5,132.36,0
KL107185,DE,Paid Search,Basic,12,1,190,26.06,0.219,1,0,0.259,4.8,9.9,0
KL107186,DE,Organic,Basic,18,3,186,31.5,0.532,3,1,0.418,4.5,35.91,0
KL107187,DE,Social,Plus,20,7,195,45.6,0.223,2,1,0.323,3.7,121.3,0
KL107188,DE,Organic,Plus,43,7,164,33.43,0.122,1,1,0.251,3.7,88.92,0
KL107189,AT,Organic,Premium,4,14,89,73.76,0.305,0,1,0.332,3.3,392.4,0
KL107190,DE,Organic,Basic,7,3,199,32.64,0.177,1,0,0.374,4.8,37.21,0
KL107191,DE,Organic,Basic,23,4,203,16.42,0.688,2,0,0.591,4.6,24.96,1
KL107192,DE,Organic,Basic,9,2,198,40.97,0.669,5,1,0.315,3.5,31.14,1
KL107193,DE,Organic,Basic,15,4,245,25.78,0.371,1,1,0.239,5.0,39.19,0
KL107194,CH,Paid Search,Basic,59,6,173,19.52,0.285,1,2,0.261,3.9,44.51,0
KL107195,Other,Social,Basic,21,3,222,17.79,0.782,2,0,0.175,4.2,20.28,0
KL107196,DE,Referral,Basic,5,3,159,15.47,0.244,0,0,0.097,4.8,17.64,0
KL107197,CH,Organic,Basic,22,2,217,24.15,0.456,3,1,0.256,4.0,18.35,0
KL107198,AT,Organic,Plus,2,2,186,36.04,0.205,2,2,0.486,3.0,27.39,1
KL107199,AT,Paid Search,Basic,12,2,186,19.04,0.422,1,0,0.603,4.0,14.47,0
KL107200,DE,Organic,Basic,2,2,258,25.46,0.145,1,0,0.159,4.5,19.35,1
KL107201,DE,Paid Search,Plus,15,10,117,54.19,0.531,0,1,0.462,4.1,205.92,0
KL107202,DE,Paid Search,Basic,11,4,170,22.4,0.75,3,1,0.101,3.9,34.05,0
KL107203,Other,Social,Plus,6,2,143,39.37,0.215,2,1,0.548,4.5,29.92,0
KL107204,DE,Organic,Plus,23,6,141,46.55,0.476,1,1,0.57,,106.13,0
KL107205,DE,Social,Plus,17,3,137,56.43,0.083,1,1,0.731,,64.33,0
KL107206,DE,Social,Basic,22,5,221,29.49,0.474,3,0,0.183,4.2,56.03,0
KL107207,DE,Social,Plus,12,7,177,45.66,0.293,1,1,0.73,,121.46,0
KL107208,DE,Organic,Premium,26,5,208,71.75,0.536,2,1,0.35,3.8,136.32,0
KL107209,AT,Social,Plus,23,5,196,45.89,0.16,0,1,0.065,4.4,87.19,0
KL107210,DE,Social,Basic,4,1,178,14.71,0.059,0,0,0.163,5.0,5.59,0
KL107211,CH,Organic,Plus,15,5,209,35.86,0.575,1,0,0.2,4.5,68.13,0
KL107212,AT,Paid Search,Plus,33,5,173,47.64,0.554,3,2,0.194,4.1,90.52,0
KL107213,DE,Social,Basic,3,6,192,23.7,0.411,4,1,0.21,4.5,54.04,0
KL107214,CH,Organic,Basic,20,1,116,17.58,,0,0,0.058,4.8,6.68,0
KL107215,DE,Paid Search,Plus,3,7,122,39.83,0.631,2,1,0.502,3.6,105.95,0
KL107216,AT,Paid Search,Basic,13,4,163,32.4,0.452,0,0,0.484,4.5,49.25,0
KL107217,AT,Social,Premium,28,10,151,69.07,0.34,1,0,0.281,3.9,262.47,0
KL107218,DE,Organic,Premium,25,7,109,65.38,0.287,2,1,0.478,4.6,173.91,0
KL107219,DE,Paid Search,Basic,27,4,268,13.23,0.311,2,1,0.826,3.2,20.11,1
KL107220,DE,Organic,Basic,18,8,200,29.64,0.587,2,1,0.176,4.3,90.11,0
KL107221,DE,Social,Premium,35,4,234,54.64,0.303,0,1,0.305,4.0,83.05,1
KL107222,DE,Social,Basic,2,6,222,32.45,0.118,0,3,0.153,3.2,73.99,1
KL107223,DE,Paid Search,Plus,30,6,191,44.97,0.758,1,0,0.658,3.5,102.53,0
KL107224,AT,Paid Search,Basic,1,1,173,23.62,0.152,0,0,0.144,4.4,8.98,1
KL107225,DE,Organic,Basic,6,2,220,17.23,0.401,1,1,0.418,3.4,13.09,1
KL107226,DE,Organic,Basic,19,8,139,37.07,0.351,2,2,0.329,3.5,112.69,0
KL107227,DE,Social,Basic,27,5,172,30.35,0.095,0,0,0.364,4.5,57.66,0
KL107228,DE,Organic,Premium,60,7,194,57.54,0.571,1,1,0.14,,153.06,0
KL107229,Other,Social,Basic,14,2,184,39.8,0.401,0,0,0.467,4.2,30.25,0
KL107230,DE,Social,Basic,27,4,166,28.35,0.616,5,2,0.32,3.1,43.09,0
KL107231,DE,Referral,Plus,4,3,230,36.83,0.45,0,2,0.637,3.6,41.99,1
KL107232,DE,Organic,Premium,17,7,135,73.48,0.319,3,1,0.337,4.8,195.46,0
KL107233,DE,Paid Search,Basic,20,4,177,34.39,0.318,4,0,0.58,4.0,52.27,0
KL107234,DE,Organic,Plus,10,7,161,46.71,0.639,1,0,0.402,4.4,124.25,0
KL107235,CH,Referral,Basic,35,7,184,29.98,0.269,1,0,0.48,4.9,79.75,1
KL107236,DE,Social,Plus,21,4,214,33.05,0.504,2,0,0.262,4.5,50.24,0
KL107237,AT,Paid Search,Plus,14,2,181,33.46,0.811,4,0,0.526,,25.43,0
KL107238,DE,Social,Premium,52,7,105,61.79,0.562,2,0,0.104,3.4,164.36,0
KL107239,CH,Organic,Plus,43,7,209,26.14,0.293,0,0,0.425,4.1,69.53,0
KL107240,DE,Paid Search,Premium,28,5,101,67.27,0.86,1,3,0.583,3.4,127.81,0
KL107241,DE,Social,Basic,34,5,194,27.35,0.106,1,1,0.547,4.0,51.96,0
KL107242,AT,Organic,Plus,22,3,194,42.4,0.36,0,0,0.356,4.7,48.34,0
KL107243,CH,Referral,Plus,28,6,181,54.52,0.551,1,2,0.441,2.7,124.31,0
KL107244,DE,Referral,Basic,6,1,223,18.84,0.343,2,1,0.019,3.3,7.16,1
KL107245,Other,Referral,Premium,5,8,148,66.08,0.096,0,0,0.682,4.5,200.88,0
KL107246,CH,Social,Plus,8,2,201,32.9,0.281,0,0,0.232,3.7,25.0,1
KL107247,DE,Organic,Premium,42,0,232,75.19,0.255,2,2,0.309,3.2,28.57,1
KL107248,CH,Paid Search,Basic,5,3,205,19.77,0.215,1,1,0.37,3.8,22.54,1
KL107249,DE,Organic,Plus,8,3,99,57.14,0.39,1,0,0.31,4.4,65.14,0
KL107250,DE,Social,Basic,8,3,194,20.28,0.589,4,0,0.595,4.6,23.12,0
KL107251,DE,Organic,Premium,28,3,224,67.48,0.62,4,2,0.768,5.0,76.93,0
KL107252,CH,Social,Basic,45,4,163,32.08,0.095,0,0,0.482,4.6,48.76,0
KL107253,DE,Organic,Plus,69,7,180,48.91,0.153,0,1,0.199,4.0,130.1,0
KL107254,DE,Organic,Basic,5,3,232,19.42,,2,1,0.227,3.9,22.14,0
KL107255,DE,Organic,Plus,32,9,151,32.5,0.664,4,0,0.2,5.0,111.15,0
KL107256,DE,Social,Basic,17,2,208,24.28,0.577,2,0,0.498,3.6,18.45,0
KL107257,CH,Organic,Premium,24,7,117,70.54,0.484,3,0,0.514,,187.64,0
KL107258,AT,Organic,Premium,16,4,185,65.05,0.325,1,0,0.159,4.1,98.88,0
KL107259,DE,Organic,Basic,16,2,221,36.64,0.22,3,0,0.63,4.4,27.85,1
KL107260,CH,Organic,Plus,5,3,181,35.33,0.782,2,1,0.167,,40.28,0
KL107261,CH,Referral,Plus,14,7,150,39.97,0.245,1,1,0.061,3.9,106.32,0
KL107262,DE,Paid Search,Basic,54,2,222,27.38,0.218,0,1,0.493,4.1,20.81,1
KL107263,DE,Organic,Basic,6,3,208,26.97,0.233,1,1,0.382,4.4,30.75,1
KL107264,DE,Organic,Basic,4,3,212,32.71,0.15,1,3,0.554,2.6,37.29,1
KL107265,DE,Organic,Basic,14,3,141,37.91,0.597,4,0,0.208,4.9,43.22,0
KL107266,DE,Paid Search,Plus,12,5,195,37.31,0.665,4,0,0.239,3.5,70.89,0
KL107267,AT,Organic,Plus,31,4,132,38.29,0.343,3,0,0.404,3.8,58.2,0
KL107268,CH,Organic,Basic,15,3,187,30.39,0.544,3,0,0.238,4.4,34.64,0
KL107269,DE,Organic,Premium,9,7,232,67.68,0.194,0,0,0.735,4.1,180.03,0
KL107270,CH,Organic,Basic,17,1,232,36.63,0.203,0,1,0.221,4.3,13.92,1
KL107271,CH,Social,Premium,10,9,159,65.75,0.454,0,0,0.609,5.0,224.86,0
KL107272,DE,Organic,Plus,32,7,135,40.37,0.223,1,0,0.228,3.6,107.38,0
KL107273,DE,Social,Plus,10,2,258,56.0,0.291,2,1,0.242,3.8,42.56,0
KL107274,AT,Paid Search,Plus,34,5,191,44.64,0.494,2,1,0.08,2.8,84.82,0
KL107275,AT,Referral,Basic,26,3,115,33.73,0.426,0,1,0.412,4.0,38.45,0
KL107276,DE,Organic,Premium,10,8,132,52.38,0.211,0,1,0.549,4.2,159.24,0
KL107277,AT,Social,Plus,19,5,190,40.9,0.185,1,0,0.235,4.1,77.71,1
KL107278,DE,Social,Plus,8,7,156,51.04,0.33,1,0,0.218,4.6,135.77,0
KL107279,AT,Referral,Basic,61,4,226,28.92,0.159,0,1,0.511,4.2,43.96,1
KL107280,AT,Social,Plus,38,6,132,41.46,0.491,1,0,0.296,4.1,94.53,0
KL107281,DE,Organic,Basic,6,0,226,12.91,0.419,1,0,0.123,4.6,4.91,1
KL107282,DE,Referral,Plus,33,8,134,40.96,,0,0,0.48,3.9,124.52,0
KL107283,DE,Social,Plus,29,3,202,52.02,0.349,1,1,0.299,3.9,59.3,0
KL107284,Other,Organic,Basic,2,5,161,28.1,0.485,5,1,0.502,4.2,53.39,0
KL107285,CH,Organic,Basic,9,4,190,31.84,0.582,2,1,0.137,4.2,48.4,0
KL107286,CH,Referral,Basic,48,8,209,25.46,0.285,3,0,0.096,4.4,77.4,0
KL107287,DE,Organic,Basic,4,2,149,25.39,,3,1,0.705,4.2,19.3,1
KL107288,DE,Social,Basic,6,5,252,28.5,0.556,5,1,0.35,3.9,54.15,0
KL107289,DE,Paid Search,Basic,5,2,326,32.04,0.386,0,0,0.607,4.4,24.35,1
KL107290,DE,Social,Basic,9,1,194,34.26,0.588,2,0,0.14,4.0,13.02,1
KL107291,DE,Organic,Plus,3,5,229,47.72,0.437,2,0,0.396,4.6,90.67,0
KL107292,CH,Social,Plus,23,6,203,39.38,0.237,0,2,0.166,4.1,89.79,1
KL107293,DE,Paid Search,Basic,42,7,191,29.73,0.15,0,0,0.096,4.2,79.08,0
KL107294,AT,Referral,Basic,2,4,161,17.89,0.677,3,0,0.327,4.4,27.19,0
KL107295,Other,Organic,Plus,3,6,139,44.09,0.159,0,0,0.242,4.0,100.53,0
KL107296,AT,Organic,Basic,3,2,187,12.02,0.171,0,2,0.2,4.1,9.14,0
KL107297,DE,Organic,Basic,23,2,189,15.94,0.44,1,1,0.053,4.6,12.11,0
KL107298,CH,Organic,Basic,4,4,145,29.64,0.773,2,1,0.299,4.4,45.05,0
KL107299,AT,Referral,Premium,24,6,144,69.32,0.315,3,2,0.147,4.3,158.05,0
KL107300,DE,Organic,Basic,45,4,223,18.34,0.683,3,1,0.397,4.7,27.88,0
KL107301,AT,Organic,Premium,12,3,250,69.46,0.289,1,0,0.082,4.8,79.18,1
KL107302,CH,Social,Basic,17,3,164,26.7,0.387,0,1,0.165,5.0,30.44,1
KL107303,DE,Organic,Basic,26,2,289,37.09,0.699,4,0,0.128,4.6,28.19,0
KL107304,DE,Organic,Basic,8,4,138,39.66,0.097,1,1,0.065,3.5,60.28,0
KL107305,DE,Social,Plus,5,4,147,24.13,0.108,1,1,0.428,4.2,36.68,0
KL107306,DE,Paid Search,Plus,43,5,114,57.39,0.646,2,1,0.369,4.3,109.04,0
KL107307,CH,Social,Plus,10,2,141,49.34,0.26,3,0,0.078,3.7,37.5,0
KL107308,DE,Paid Search,Premium,41,9,188,69.87,0.675,2,0,0.651,5.0,238.96,0
KL107309,DE,Organic,Plus,6,3,179,39.37,0.333,2,0,0.563,4.7,44.88,0
KL107310,DE,Paid Search,Basic,5,4,186,32.18,0.401,1,2,0.533,3.6,48.91,0
KL107311,DE,Social,Plus,17,3,183,44.97,0.627,4,1,0.119,4.4,51.27,0
KL107312,DE,Paid Search,Basic,72,6,125,34.91,0.217,2,2,0.475,3.8,79.59,0
KL107313,DE,Social,Plus,28,5,118,44.96,0.869,9,0,0.26,4.6,85.42,0
KL107314,DE,Paid Search,Premium,9,5,100,69.54,0.457,2,0,0.131,4.8,132.13,0
KL107315,DE,Paid Search,Basic,68,4,175,34.05,0.412,1,0,0.202,4.8,51.76,0
KL107316,CH,Social,Basic,3,1,223,12.59,0.597,3,2,0.191,4.2,4.78,0
KL107317,Other,Organic,Plus,8,4,151,39.82,0.196,0,1,0.397,4.3,60.53,0
KL107318,DE,Paid Search,Basic,6,0,136,28.14,0.044,0,1,0.249,4.2,10.69,0
KL107319,DE,Organic,Basic,12,1,239,25.06,0.21,0,1,0.428,3.7,9.52,1
KL107320,DE,Social,Plus,48,5,212,51.14,0.366,0,0,0.23,4.6,97.17,0
KL107321,DE,Paid Search,Basic,2,4,133,41.06,0.483,1,1,0.109,3.8,62.41,1
KL107322,DE,Organic,Basic,8,3,148,29.26,0.168,0,0,0.302,4.3,33.36,0
KL107323,Other,Organic,Plus,44,9,170,43.23,0.439,1,3,0.026,3.6,147.85,0
KL107324,AT,Referral,Basic,4,0,147,29.04,0.573,2,0,0.428,4.3,11.04,0
KL107325,DE,Organic,Basic,24,3,142,15.59,0.716,7,0,0.615,4.0,17.77,0
KL107326,Other,Organic,Premium,52,6,218,58.09,0.394,3,0,0.312,4.9,132.45,0
KL107327,DE,Organic,Basic,1,2,180,21.18,0.308,3,0,0.228,4.8,16.1,1
KL107328,DE,Paid Search,Basic,22,2,200,34.56,,5,0,0.208,3.8,26.27,0
KL107329,DE,Organic,Premium,3,5,133,61.95,0.325,0,0,0.204,4.3,117.7,0
KL107330,DE,Social,Basic,1,3,231,27.49,0.411,2,1,0.519,3.8,31.34,1
KL107331,CH,Social,Premium,14,11,124,63.73,0.318,3,0,0.644,3.8,266.39,0
KL107332,DE,Organic,Plus,10,11,162,39.99,0.084,0,2,0.446,3.4,167.16,0
KL107333,AT,Paid Search,Plus,13,11,108,58.8,0.609,0,1,0.666,3.9,245.78,0
KL107334,DE,Organic,Basic,7,4,142,28.93,0.683,4,0,0.222,4.1,43.97,0
KL107335,CH,Organic,Basic,13,2,194,39.3,0.575,0,1,0.353,3.7,29.87,1
KL107336,AT,Paid Search,Plus,43,5,144,36.44,0.628,1,1,0.49,,69.24,0
KL107337,DE,Organic,Basic,9,4,164,19.17,0.442,0,1,0.645,3.5,29.14,1
KL107338,DE,Referral,Plus,14,9,112,49.19,,2,0,0.233,4.5,168.23,0
KL107339,CH,Paid Search,Plus,7,4,137,43.31,0.497,1,1,0.518,4.5,65.83,0
KL107340,DE,Organic,Plus,33,10,161,47.08,0.359,2,0,0.446,4.5,178.9,0
KL107341,DE,Referral,Basic,4,8,166,42.49,0.489,0,1,0.205,4.1,129.17,0
KL107342,CH,Paid Search,Plus,11,5,139,43.55,0.618,4,0,0.168,,82.74,0
KL107343,DE,Organic,Plus,24,3,252,45.18,0.279,1,0,0.486,4.7,51.51,1
KL107344,DE,Paid Search,Basic,10,2,172,25.35,0.529,2,2,0.827,2.9,19.27,1
KL107345,DE,Referral,Premium,52,7,187,66.12,0.527,2,1,0.335,4.3,175.88,0
KL107346,DE,Paid Search,Basic,20,4,90,30.16,0.549,5,3,0.418,3.5,45.84,0
KL107347,DE,Paid Search,Premium,15,12,108,68.95,0.781,2,0,0.281,4.2,314.41,0
KL107348,DE,Paid Search,Basic,4,3,125,30.36,0.142,0,0,0.357,4.0,34.61,1
KL107349,DE,Organic,Basic,22,3,159,15.63,0.378,2,3,0.336,2.8,17.82,0
KL107350,DE,Organic,Plus,16,7,172,54.22,0.454,4,1,0.755,5.0,144.23,0
KL107351,DE,Paid Search,Basic,4,1,216,28.72,0.575,2,0,0.233,3.8,10.91,1
KL107352,Other,Referral,Basic,21,6,139,40.7,0.368,0,0,0.25,4.0,92.8,0
KL107353,DE,Social,Basic,4,1,207,21.41,0.547,2,1,0.303,3.7,8.14,1
KL107354,DE,Organic,Plus,19,6,176,38.01,0.088,0,1,0.484,4.3,86.66,1
KL107355,DE,Paid Search,Basic,64,5,151,26.38,0.327,3,1,0.422,4.0,50.12,0
KL107356,AT,Organic,Plus,3,2,222,38.72,0.423,0,1,0.233,4.0,29.43,1
KL107357,DE,Organic,Plus,8,2,203,44.89,0.68,2,1,0.124,4.0,34.12,0
KL107358,DE,Social,Plus,5,4,163,50.73,0.788,2,0,0.599,4.1,77.11,0
KL107359,AT,Organic,Basic,23,6,230,38.99,0.248,1,0,0.346,5.0,88.9,1
KL107360,DE,Social,Basic,22,8,136,24.27,0.523,1,1,0.269,5.0,73.78,0
KL107361,CH,Paid Search,Premium,23,7,120,60.21,0.45,2,1,0.245,5.0,160.16,0
KL107362,CH,Social,Plus,19,3,224,48.15,0.563,0,0,0.444,4.0,54.89,0
KL107363,CH,Referral,Premium,1,2,220,56.56,0.689,6,0,0.136,4.1,42.99,0
KL107364,DE,Social,Plus,16,6,95,47.37,0.786,2,1,0.211,3.7,108.0,0
KL107365,DE,Referral,Plus,2,4,113,40.11,0.744,2,1,0.265,4.2,60.97,0
KL107366,DE,Social,Premium,55,8,167,61.47,0.721,2,0,0.118,4.6,186.87,0
KL107367,CH,Paid Search,Basic,2,2,173,8.0,0.24,2,0,0.173,3.6,6.08,0
KL107368,CH,Organic,Premium,48,14,112,67.12,0.67,5,0,0.076,4.3,357.08,0
KL107369,Other,Organic,Basic,3,2,184,37.34,0.754,6,0,0.471,4.8,28.38,0
KL107370,DE,Social,Basic,7,2,216,18.52,0.479,1,0,0.238,4.9,14.08,1
KL107371,CH,Organic,Basic,5,3,216,30.26,0.502,3,0,0.469,4.1,34.5,0
KL107372,DE,Referral,Basic,9,1,140,32.0,0.136,1,0,0.15,4.0,12.16,0
KL107373,CH,Organic,Basic,38,4,147,23.78,0.606,3,0,0.517,4.4,36.15,0
KL107374,DE,Social,Plus,7,7,214,45.45,0.518,6,2,0.351,3.5,120.9,0
KL107375,DE,Organic,Plus,14,2,213,49.17,0.514,3,0,0.543,4.9,37.37,0
KL107376,DE,Referral,Premium,6,7,182,66.46,0.326,1,0,0.285,4.9,176.78,0
KL107377,Other,Organic,Basic,4,0,295,32.43,0.407,1,2,0.283,4.4,12.32,1
KL107378,DE,Paid Search,Basic,12,3,231,25.91,0.409,4,0,0.118,3.9,29.54,0
KL107379,DE,Social,Plus,27,4,186,48.5,0.428,1,2,0.17,3.3,73.72,1
KL107380,DE,Organic,Plus,5,2,159,28.29,0.357,2,1,0.161,4.1,21.5,0
KL107381,DE,Organic,Plus,8,3,238,48.16,0.116,0,3,0.507,2.4,54.9,1
KL107382,Other,Referral,Basic,5,2,247,37.86,0.411,3,2,0.369,4.0,28.77,1
KL107383,DE,Social,Basic,20,7,169,21.99,0.287,1,0,0.579,4.6,58.49,0
KL107384,DE,Organic,Premium,10,5,245,58.79,0.069,0,1,0.092,4.8,111.7,1
KL107385,CH,Paid Search,Basic,7,3,206,40.95,0.201,1,1,0.207,,46.68,0
KL107386,DE,Organic,Plus,72,11,134,45.09,0.722,10,0,0.298,4.7,188.48,0
KL107387,DE,Organic,Basic,29,4,230,15.81,0.036,0,1,0.326,4.0,24.03,1
KL107388,DE,Paid Search,Basic,9,3,213,26.25,0.646,0,0,0.426,4.7,29.92,0
KL107389,DE,Organic,Plus,29,1,239,28.23,0.315,1,0,0.353,5.0,10.73,1
KL107390,DE,Paid Search,Basic,71,6,97,26.2,0.202,0,0,0.463,4.6,59.74,0
KL107391,DE,Organic,Basic,2,4,201,27.77,0.58,2,1,0.097,3.8,42.21,0
KL107392,DE,Social,Plus,13,4,170,46.9,0.78,1,0,0.062,4.5,71.29,0
KL107393,AT,Paid Search,Basic,8,1,192,28.23,0.108,1,1,0.399,4.6,10.73,1
KL107394,CH,Organic,Basic,21,3,188,40.77,0.622,0,0,0.305,4.8,46.48,0
KL107395,CH,Referral,Plus,49,7,140,42.91,0.531,3,2,0.807,4.1,114.14,0
KL107396,DE,Social,Basic,21,0,245,12.74,0.236,1,1,0.693,4.2,4.84,1
KL107397,DE,Organic,Plus,30,6,130,46.92,0.024,0,1,0.299,4.2,106.98,1
KL107398,Other,Referral,Basic,20,8,92,28.86,0.802,1,0,0.375,5.0,87.73,0
KL107399,CH,Organic,Basic,28,8,151,26.63,0.511,0,1,0.57,3.9,80.96,0
KL107400,DE,Organic,Basic,19,2,251,36.44,0.711,1,2,0.388,3.4,27.69,0
KL107401,DE,Paid Search,Premium,4,1,193,71.66,0.312,1,1,0.324,3.8,27.23,1
KL107402,DE,Organic,Basic,17,4,178,21.09,0.583,3,1,0.206,4.3,32.06,0
KL107403,DE,Social,Premium,1,1,202,67.17,0.765,1,1,0.44,3.6,25.52,0
KL107404,DE,Paid Search,Basic,1,1,300,40.16,0.402,2,0,0.588,4.4,15.26,1
KL107405,DE,Referral,Basic,34,2,237,28.62,0.463,2,0,0.343,4.1,21.75,0
KL107406,Other,Organic,Plus,1,3,175,31.7,0.424,2,2,0.277,3.8,36.14,0
KL107407,DE,Organic,Basic,5,0,213,31.17,0.336,2,0,0.075,3.5,11.84,0
KL107408,DE,Paid Search,Plus,2,2,176,39.51,0.214,1,0,0.176,4.2,30.03,0
KL107409,DE,Organic,Premium,26,5,245,65.26,0.76,0,1,0.024,4.3,123.99,0
KL107410,CH,Referral,Plus,4,2,150,34.33,0.188,0,0,0.292,5.0,26.09,0
KL107411,AT,Social,Plus,8,7,130,44.69,0.576,3,1,0.613,4.2,118.88,0
KL107412,DE,Social,Plus,10,7,195,37.36,0.182,1,0,0.64,3.7,99.38,1
KL107413,DE,Social,Basic,7,5,239,34.46,0.521,2,1,0.435,3.6,65.47,1
KL107414,AT,Organic,Plus,5,3,195,52.81,0.217,1,0,0.214,4.6,60.2,1
KL107415,CH,Organic,Basic,5,1,202,29.49,0.357,1,0,0.082,4.5,11.21,0
KL107416,DE,Paid Search,Basic,31,4,189,20.39,0.198,1,2,0.141,4.3,30.99,0
KL107417,CH,Social,Plus,26,4,191,35.96,0.655,1,1,0.37,5.0,54.66,0
KL107418,DE,Organic,Basic,32,5,253,29.42,0.617,4,0,0.332,4.6,55.9,1
KL107419,DE,Organic,Plus,27,3,211,44.55,0.393,0,1,0.253,3.6,50.79,1
KL107420,DE,Social,Basic,3,3,183,23.79,0.313,1,0,0.301,5.0,27.12,1
KL107421,DE,Organic,Basic,57,3,210,26.4,0.221,4,1,0.201,3.4,30.1,0
KL107422,DE,Paid Search,Plus,3,4,221,46.65,0.786,2,0,0.51,4.2,70.91,1
KL107423,DE,Organic,Plus,23,7,131,50.56,0.7,4,0,0.067,4.5,134.49,0
KL107424,AT,Paid Search,Premium,3,6,181,64.93,0.396,0,0,0.058,4.4,148.04,0
KL107425,DE,Paid Search,Basic,15,8,157,32.89,0.837,8,1,0.413,4.2,99.99,0
KL107426,Other,Referral,Basic,2,3,156,27.97,0.124,0,0,0.015,4.6,31.89,0
KL107427,DE,Social,Basic,22,4,173,30.51,0.526,5,0,0.536,4.3,46.38,0
KL107428,DE,Organic,Basic,24,2,187,22.79,0.32,2,0,0.616,4.2,17.32,0
KL107429,Other,Social,Basic,4,3,179,31.13,0.284,2,1,0.468,3.5,35.49,0
KL107430,CH,Social,Plus,1,9,213,52.93,0.398,0,1,0.361,5.0,181.02,0
KL107431,AT,Social,Basic,2,3,197,30.93,0.671,3,1,0.119,,35.26,0
KL107432,AT,Referral,Premium,11,9,160,68.36,0.316,0,1,0.674,3.7,233.79,0
KL107433,DE,Social,Plus,13,3,219,34.88,0.489,6,0,0.625,3.9,39.76,0
KL107434,DE,Organic,Plus,5,6,170,44.73,0.506,2,2,0.093,3.0,101.98,1
KL107435,DE,Paid Search,Basic,26,5,164,11.56,0.228,1,2,0.17,,21.96,0
KL107436,DE,Paid Search,Basic,7,1,264,33.23,0.513,1,2,0.66,4.3,12.63,1
KL107437,DE,Paid Search,Basic,49,4,240,39.51,0.617,4,0,0.075,4.4,60.06,0
KL107438,DE,Referral,Plus,8,2,236,37.75,0.212,2,0,0.3,4.7,28.69,0
KL107439,CH,Paid Search,Plus,7,5,176,40.09,0.329,0,1,0.489,4.0,76.17,0
KL107440,CH,Organic,Basic,16,4,200,35.65,0.416,3,2,0.434,3.6,54.19,0
KL107441,CH,Referral,Basic,60,1,184,21.42,0.126,1,3,0.149,3.0,8.14,0
KL107442,AT,Social,Premium,4,6,175,68.75,0.314,0,1,0.492,3.4,156.75,0
KL107443,DE,Organic,Basic,26,2,163,21.99,0.309,4,1,0.15,3.7,16.71,0
KL107444,DE,Referral,Basic,4,5,208,32.59,0.414,0,0,0.467,4.9,61.92,0
KL107445,AT,Paid Search,Basic,8,0,278,26.06,0.639,2,0,0.224,4.5,9.9,1
KL107446,AT,Paid Search,Basic,8,1,173,8.0,0.315,0,1,0.201,3.5,3.04,1
KL107447,DE,Paid Search,Basic,33,4,249,19.6,,1,1,0.355,3.8,29.79,1
KL107448,DE,Referral,Plus,15,7,186,41.25,0.439,3,0,0.335,4.2,109.72,0
KL107449,DE,Organic,Plus,1,1,185,56.94,0.587,3,1,0.432,4.3,21.64,1
KL107450,DE,Organic,Plus,28,5,189,40.05,0.321,1,1,0.214,4.2,76.1,0
KL107451,DE,Social,Basic,11,2,258,22.27,0.083,0,0,0.326,3.8,16.93,1
KL107452,DE,Referral,Basic,44,4,231,30.49,0.332,1,1,0.365,4.3,46.34,0
KL107453,DE,Organic,Plus,5,1,254,17.34,0.583,4,1,0.073,4.1,6.59,0
KL107454,Other,Organic,Basic,7,3,183,38.2,,0,3,0.294,3.7,43.55,1
KL107455,DE,Referral,Basic,11,1,179,32.93,0.543,1,4,0.27,3.9,12.51,1
KL107456,AT,Social,Basic,17,3,196,23.96,0.408,0,1,0.233,4.0,27.31,1
KL107457,CH,Paid Search,Plus,8,8,160,47.78,0.63,1,2,0.552,4.5,145.25,1
KL107458,DE,Paid Search,Basic,53,7,156,30.41,0.76,3,0,0.414,4.8,80.89,0
KL107459,AT,Paid Search,Premium,3,5,159,63.94,0.474,1,0,0.121,3.5,121.49,0
KL107460,DE,Social,Basic,4,4,153,32.37,0.649,2,0,0.374,5.0,49.2,0
KL107461,DE,Paid Search,Premium,1,4,213,64.3,0.507,0,0,0.281,4.6,97.74,0
KL107462,DE,Social,Basic,23,5,155,29.35,0.127,0,0,0.315,4.4,55.76,0
KL107463,CH,Organic,Plus,13,7,192,46.44,0.19,0,0,0.605,4.2,123.53,0
KL107464,Other,Social,Basic,53,9,138,24.98,0.638,5,0,0.139,4.9,85.43,0
KL107465,DE,Organic,Plus,45,5,177,40.99,,1,1,0.439,4.1,77.88,0
KL107466,DE,Referral,Basic,3,3,155,18.65,0.524,3,2,0.298,4.1,21.26,0
KL107467,DE,Organic,Premium,17,4,202,54.72,0.343,0,0,0.022,4.0,83.17,0
KL107468,CH,Organic,Plus,72,9,138,28.4,0.294,2,2,0.281,4.3,97.13,0
KL107469,DE,Organic,Plus,8,3,158,44.92,0.421,2,0,0.221,4.4,51.21,0
KL107470,DE,Organic,Basic,24,2,196,25.49,0.126,0,1,0.42,3.1,19.37,0
KL107471,CH,Paid Search,Basic,13,5,150,18.58,0.427,2,3,0.035,3.4,35.3,0
KL107472,DE,Social,Premium,38,8,101,61.92,0.39,1,2,0.48,2.7,188.24,0
KL107473,DE,Referral,Premium,1,3,222,56.52,0.466,6,0,0.074,4.5,64.43,0
KL107474,DE,Paid Search,Basic,6,2,164,29.47,0.491,1,1,0.367,4.4,22.4,1
KL107475,DE,Paid Search,Basic,9,1,228,35.89,0.619,2,1,0.497,3.8,13.64,0
KL107476,DE,Organic,Basic,59,4,268,38.62,0.697,2,0,0.078,4.3,58.7,0
KL107477,DE,Social,Basic,1,2,171,26.76,,2,1,0.234,3.8,20.34,1
KL107478,DE,Organic,Basic,30,6,188,26.59,0.444,1,3,0.712,,60.63,0
KL107479,CH,Organic,Plus,1,7,150,27.56,0.373,0,0,0.295,5.0,73.31,0
KL107480,DE,Organic,Basic,31,4,197,16.31,0.155,2,3,0.218,3.4,24.79,1
KL107481,CH,Organic,Premium,2,5,118,75.68,0.199,1,2,0.225,2.9,143.79,0
KL107482,DE,Paid Search,Premium,7,5,194,66.39,,1,1,0.558,4.4,126.14,0
KL107483,CH,Organic,Basic,18,4,192,36.99,0.59,0,0,0.663,3.8,56.22,0
KL107484,DE,Organic,Basic,4,2,288,12.92,0.413,1,1,0.459,4.2,9.82,1
KL107485,CH,Social,Plus,4,5,108,41.39,,0,1,0.443,4.1,78.64,0
KL107486,DE,Organic,Basic,27,5,163,14.12,0.53,2,1,0.375,,26.83,0
KL107487,DE,Paid Search,Plus,15,4,204,24.65,0.26,1,0,0.349,4.2,37.47,0
KL107488,DE,Paid Search,Plus,16,2,235,34.84,,3,0,0.281,4.8,26.48,0
KL107489,DE,Referral,Basic,18,3,192,42.58,0.179,0,2,0.248,3.1,48.54,0
KL107490,Other,Social,Premium,24,13,160,58.55,0.793,4,0,0.344,4.2,289.24,0
KL107491,Other,Organic,Basic,17,5,182,38.01,0.241,2,1,0.267,4.5,72.22,1
KL107492,CH,Referral,Basic,25,0,225,25.94,0.725,3,0,0.362,3.9,9.86,0
KL107493,DE,Paid Search,Premium,52,11,71,74.85,0.553,1,0,0.489,4.9,312.87,0
KL107494,CH,Organic,Basic,27,4,208,33.45,0.404,1,0,0.278,3.7,50.84,0
KL107495,AT,Social,Basic,9,4,241,38.55,0.518,4,2,0.467,3.4,58.6,0
KL107496,DE,Social,Basic,6,5,145,24.19,0.832,1,0,0.167,4.1,45.96,0
KL107497,DE,Organic,Basic,39,6,157,30.13,0.535,1,1,0.475,4.3,68.7,0
KL107498,AT,Paid Search,Basic,10,1,162,28.96,0.293,2,2,0.427,2.7,11.0,0
KL107499,DE,Organic,Plus,38,6,188,62.32,0.392,1,0,0.634,3.5,142.09,0
KL107500,DE,Paid Search,Basic,2,0,214,35.19,0.401,0,2,0.425,4.2,13.37,0
KL107501,AT,Referral,Plus,20,5,208,40.85,0.1,0,0,0.473,3.9,77.61,1
KL107502,DE,Paid Search,Basic,10,1,209,44.27,0.65,2,2,0.602,3.0,16.82,0
KL107503,DE,Referral,Basic,5,2,201,44.93,0.426,2,0,0.129,4.2,34.15,1
KL107504,DE,Organic,Premium,20,3,194,59.86,0.382,3,1,0.306,3.1,68.24,0
KL107505,AT,Social,Plus,4,6,178,44.24,0.364,0,1,0.434,3.1,100.87,0
KL107506,Other,Referral,Plus,10,6,173,38.95,0.374,2,0,0.412,5.0,88.81,0
KL107507,CH,Social,Basic,9,3,211,15.41,0.036,0,0,0.293,5.0,17.57,0
KL107508,AT,Organic,Basic,44,4,238,29.47,0.629,3,2,0.394,4.0,44.79,1
KL107509,DE,Organic,Plus,24,2,238,17.57,0.465,2,1,0.114,4.6,13.35,0
KL107510,DE,Organic,Premium,41,9,209,65.65,,1,0,0.264,4.0,224.52,0
KL107511,DE,Paid Search,Plus,26,7,123,41.58,0.684,2,3,0.154,4.2,110.6,0
KL107512,DE,Referral,Basic,4,1,186,27.49,0.543,1,1,0.237,3.3,10.45,1
KL107513,AT,Paid Search,Basic,12,2,243,26.3,0.394,2,1,0.287,3.4,19.99,1
KL107514,AT,Organic,Basic,2,1,177,24.55,0.586,3,3,0.569,4.4,9.33,0
KL107515,DE,Organic,Basic,3,3,253,14.33,0.629,2,1,0.259,4.2,16.34,1
KL107516,CH,Paid Search,Basic,5,6,154,16.79,0.386,0,1,0.666,4.7,38.28,1
KL107517,AT,Paid Search,Basic,14,3,191,27.54,0.537,3,0,0.3,5.0,31.4,0
KL107518,DE,Organic,Basic,14,6,159,27.6,0.524,0,0,0.374,4.5,62.93,0
KL107519,DE,Social,Plus,24,6,172,48.88,0.374,2,0,0.228,3.6,111.45,0
KL107520,DE,Organic,Plus,5,8,214,38.2,0.126,0,0,0.533,4.7,116.13,1
KL107521,DE,Paid Search,Plus,13,5,226,33.41,0.639,3,1,0.225,4.3,63.48,0
KL107522,DE,Paid Search,Basic,28,5,249,25.51,,4,0,0.452,4.6,48.47,0
KL107523,DE,Organic,Plus,14,6,252,24.4,0.569,1,0,0.754,4.1,55.63,0
KL107524,DE,Paid Search,Premium,25,11,116,66.41,0.458,1,1,0.452,4.0,277.59,0
KL107525,DE,Social,Basic,19,5,145,32.58,0.208,1,2,0.45,3.1,61.9,1
KL107526,CH,Paid Search,Premium,17,9,154,75.56,0.319,0,3,0.064,3.6,258.42,0
KL107527,CH,Social,Basic,15,5,191,30.21,0.188,1,1,0.302,4.0,57.4,0
KL107528,DE,Paid Search,Plus,39,10,88,32.97,0.139,0,5,0.771,3.2,125.29,0
KL107529,DE,Organic,Basic,9,7,192,22.46,0.097,3,1,0.151,3.1,59.74,0
KL107530,DE,Referral,Plus,33,6,136,40.52,0.349,0,0,0.534,3.8,92.39,0
KL107531,DE,Referral,Premium,20,12,110,59.37,0.507,0,0,0.581,4.9,270.73,0
KL107532,DE,Organic,Basic,23,1,238,18.61,0.412,5,1,0.453,3.5,7.07,0
KL107533,DE,Referral,Plus,6,2,221,37.14,0.357,1,0,0.357,,28.23,1
KL107534,DE,Social,Premium,32,7,167,72.74,0.161,0,2,0.21,4.4,193.49,0
KL107535,Other,Organic,Plus,15,9,156,44.97,0.561,1,0,0.281,4.3,153.8,0
KL107536,DE,Paid Search,Basic,8,2,227,34.82,0.477,1,2,0.251,4.3,26.46,1
KL107537,CH,Organic,Basic,3,4,167,21.68,0.265,0,0,0.442,4.4,32.95,0
KL107538,DE,Paid Search,Premium,14,1,223,75.96,0.075,0,1,0.354,4.4,28.86,1
KL107539,DE,Referral,Plus,20,3,196,44.76,0.605,4,0,0.172,5.0,51.03,0
KL107540,Other,Paid Search,Premium,2,4,193,68.22,0.779,6,0,0.402,4.2,103.69,0
KL107541,DE,Paid Search,Basic,6,1,253,27.54,0.358,1,0,0.468,4.1,10.47,1
KL107542,AT,Organic,Plus,14,4,198,22.19,0.193,1,1,0.115,3.8,33.73,0
KL107543,Other,Paid Search,Plus,17,6,222,53.02,0.275,0,0,0.37,4.5,120.89,1
KL107544,DE,Social,Premium,6,8,139,67.43,0.238,2,0,0.179,4.0,204.99,0
KL107545,DE,Organic,Plus,19,6,169,33.83,0.473,1,3,0.469,3.2,77.13,0
KL107546,DE,Paid Search,Basic,12,3,143,44.56,0.199,0,1,0.134,4.8,50.8,0
KL107547,DE,Paid Search,Plus,18,4,154,42.14,0.601,3,0,0.407,4.8,64.05,0
KL107548,DE,Social,Plus,13,5,167,39.01,0.248,1,0,0.348,4.4,74.12,0
KL107549,DE,Social,Basic,2,2,221,20.18,0.279,2,1,0.276,4.0,15.34,1
KL107550,CH,Social,Basic,39,5,163,22.94,,4,2,0.312,3.5,43.59,0
KL107551,AT,Paid Search,Premium,37,11,94,52.12,0.609,2,0,0.456,4.4,217.86,0
KL107552,DE,Paid Search,Basic,9,4,200,24.41,0.248,2,1,0.097,3.0,37.1,0
KL107553,DE,Social,Basic,48,2,146,26.97,0.25,1,0,0.503,4.4,20.5,0
KL107554,AT,Social,Plus,24,5,123,46.42,0.343,2,0,0.319,5.0,88.2,0
KL107555,CH,Paid Search,Premium,38,10,111,50.43,0.837,8,2,0.531,3.9,191.63,0
KL107556,DE,Social,Plus,25,2,218,35.55,0.465,0,1,0.294,4.8,27.02,0
KL107557,DE,Organic,Basic,11,4,158,18.11,0.78,1,1,0.128,4.2,27.53,0
KL107558,CH,Organic,Basic,16,2,207,35.22,0.198,0,0,0.595,3.6,26.77,1
KL107559,CH,Referral,Basic,9,6,198,33.38,0.424,2,0,0.185,4.4,76.11,0
KL107560,CH,Organic,Basic,3,0,236,12.71,0.566,5,1,0.091,4.2,4.83,0
KL107561,DE,Referral,Plus,9,3,256,39.78,0.505,4,0,0.506,4.6,45.35,0
KL107562,DE,Paid Search,Basic,20,2,210,39.19,0.454,3,0,0.099,3.7,29.78,0
KL107563,DE,Referral,Basic,22,1,262,33.89,0.692,2,2,0.503,3.7,12.88,1
KL107564,DE,Paid Search,Premium,10,5,202,62.21,0.719,5,1,0.368,4.2,118.2,0
KL107565,CH,Social,Basic,2,2,190,31.41,0.408,0,1,0.455,4.1,23.87,0
KL107566,DE,Social,Basic,9,4,154,34.37,0.647,4,0,0.177,4.9,52.24,0
KL107567,AT,Paid Search,Basic,41,5,186,42.1,0.564,0,0,0.327,4.0,79.99,0
KL107568,CH,Paid Search,Basic,19,5,135,24.52,0.287,1,0,0.258,4.3,46.59,0
KL107569,Other,Organic,Basic,11,3,188,38.89,0.933,2,2,0.198,4.0,44.33,0
KL107570,AT,Organic,Premium,4,4,183,60.6,0.262,1,0,0.366,4.1,92.11,1
KL107571,Other,Referral,Plus,4,5,221,37.21,0.678,2,2,0.108,3.5,70.7,0
KL107572,DE,Organic,Plus,54,4,163,40.53,0.203,2,0,0.135,5.0,61.61,0
KL107573,DE,Social,Plus,12,7,179,43.28,0.326,0,0,0.067,4.3,115.12,0
KL107574,DE,Paid Search,Basic,21,5,146,34.03,0.083,0,1,0.207,3.7,64.66,0
KL107575,Other,Organic,Plus,48,12,154,41.23,0.273,1,0,0.302,4.8,188.01,0
KL107576,CH,Referral,Basic,22,5,233,23.93,0.397,2,0,0.386,5.0,45.47,0
KL107577,DE,Organic,Basic,11,0,191,21.14,0.366,1,2,0.026,4.1,8.03,1
KL107578,DE,Paid Search,Basic,5,1,217,32.74,0.584,7,0,0.286,4.4,12.44,0
KL107579,DE,Paid Search,Plus,4,3,287,42.31,0.231,1,0,0.495,4.5,48.23,1
KL107580,DE,Organic,Basic,11,2,178,30.36,0.321,2,2,0.301,3.3,23.07,0
KL107581,CH,Organic,Basic,28,2,153,31.16,0.538,4,0,0.25,4.1,23.68,0
KL107582,DE,Social,Basic,10,6,180,39.16,0.338,2,1,0.417,3.4,89.28,1
KL107583,CH,Organic,Basic,4,3,159,36.95,0.42,2,0,0.354,4.3,42.12,1
KL107584,DE,Social,Basic,31,1,225,33.99,0.221,1,2,0.22,3.3,12.92,1
KL107585,DE,Paid Search,Plus,2,1,242,40.79,0.176,0,1,0.419,3.8,15.5,1
KL107586,DE,Organic,Basic,17,4,152,17.77,0.034,0,2,0.564,3.7,27.01,1
KL107587,Other,Organic,Plus,23,6,121,38.16,0.118,0,0,0.146,4.4,87.0,0
KL107588,DE,Organic,Basic,5,1,248,27.27,0.608,2,0,0.295,4.5,10.36,0
KL107589,DE,Social,Basic,3,3,257,22.53,0.634,2,1,0.254,3.5,25.68,0
KL107590,DE,Paid Search,Plus,30,9,137,46.52,0.44,2,0,0.317,4.5,159.1,0
KL107591,CH,Organic,Plus,49,5,228,42.54,0.279,0,1,0.702,4.0,80.83,0
KL107592,CH,Paid Search,Basic,72,5,242,20.81,0.068,0,1,0.095,4.1,39.54,1
KL107593,CH,Paid Search,Plus,21,3,221,52.88,0.634,1,1,0.373,3.2,60.28,1
KL107594,DE,Social,Plus,3,5,185,45.53,0.358,1,0,0.117,5.0,86.51,0
KL107595,CH,Organic,Basic,17,4,212,28.81,,3,1,0.009,3.7,43.79,0
KL107596,DE,Organic,Plus,69,8,186,50.7,0.216,0,1,0.361,3.8,154.13,0
KL107597,AT,Paid Search,Basic,19,4,109,21.7,0.439,1,0,0.234,3.5,32.98,0
KL107598,DE,Social,Plus,1,3,192,37.02,0.157,2,0,0.261,4.6,42.2,1
KL107599,DE,Social,Basic,5,3,150,25.13,0.272,3,0,0.493,4.9,28.65,0
KL107600,Other,Organic,Premium,4,11,100,69.19,,4,1,0.444,3.3,289.21,0
KL107601,Other,Organic,Plus,12,5,191,44.64,0.39,1,0,0.095,,84.82,0
KL107602,DE,Social,Plus,9,6,169,67.02,0.625,2,0,0.366,4.5,152.81,0
KL107603,DE,Organic,Basic,72,7,165,20.25,0.307,1,0,0.65,4.6,53.86,0
KL107604,CH,Paid Search,Plus,7,3,191,42.7,0.855,8,0,0.233,5.0,48.68,0
KL107605,Other,Paid Search,Basic,32,6,165,25.88,0.722,4,0,0.089,,59.01,0
KL107606,CH,Organic,Basic,7,2,204,31.54,0.372,1,0,0.029,4.2,23.97,0
KL107607,DE,Paid Search,Basic,3,2,259,34.94,0.259,2,1,0.138,3.1,26.55,1
KL107608,DE,Organic,Plus,10,1,235,43.86,0.214,0,0,0.203,,16.67,1
KL107609,CH,Paid Search,Plus,10,3,163,44.95,0.366,2,1,0.155,4.0,51.24,1
KL107610,CH,Organic,Premium,11,4,173,62.13,0.502,2,0,0.263,4.0,94.44,0
KL107611,AT,Paid Search,Basic,35,4,212,41.07,0.27,0,0,0.3,4.0,62.43,0
KL107612,AT,Paid Search,Premium,20,6,163,61.23,0.569,2,1,0.232,3.4,139.6,0
KL107613,DE,Organic,Plus,19,3,214,16.94,0.522,0,0,0.556,4.4,19.31,1
KL107614,DE,Paid Search,Premium,12,5,179,60.21,0.499,0,0,0.379,4.4,114.4,0
KL107615,CH,Social,Plus,13,5,187,61.06,0.878,4,2,0.457,3.0,116.01,0
KL107616,DE,Referral,Basic,1,0,265,18.54,0.409,3,0,0.315,4.3,7.05,1
KL107617,AT,Organic,Premium,4,5,194,68.85,0.291,2,1,0.144,5.0,130.82,0
KL107618,AT,Organic,Plus,3,4,256,35.61,0.52,0,0,0.249,4.1,54.13,1
KL107619,CH,Organic,Plus,11,7,141,45.72,0.058,0,0,0.579,4.7,121.62,0
KL107620,DE,Referral,Basic,21,7,132,36.85,0.428,0,0,0.25,4.5,98.02,0
KL107621,AT,Paid Search,Basic,29,3,210,24.34,0.188,0,1,0.553,4.4,27.75,1
KL107622,DE,Organic,Basic,51,4,180,38.24,0.757,1,2,0.715,3.9,58.12,0
KL107623,DE,Social,Plus,31,9,153,50.66,0.286,0,0,0.408,3.8,173.26,0
KL107624,DE,Organic,Basic,3,4,201,30.55,0.174,1,2,0.192,4.3,46.44,1
KL107625,DE,Paid Search,Premium,30,8,111,64.42,0.569,1,2,0.467,3.7,195.84,0
KL107626,Other,Paid Search,Basic,28,2,128,26.22,0.289,1,0,0.721,3.4,19.93,1
KL107627,CH,Paid Search,Basic,4,3,221,21.49,0.321,4,0,0.546,,24.5,0
KL107628,DE,Social,Basic,23,7,114,19.01,0.802,7,1,0.539,5.0,50.57,0
KL107629,CH,Organic,Basic,21,4,170,32.68,0.359,3,1,0.34,4.7,49.67,1
KL107630,DE,Paid Search,Basic,22,6,166,30.76,0.436,0,2,0.658,3.2,70.13,1
KL107631,AT,Paid Search,Plus,2,3,193,45.33,0.926,6,1,0.195,3.8,51.68,0
KL107632,CH,Organic,Premium,10,3,223,73.08,0.378,0,0,0.075,5.0,83.31,1
KL107633,DE,Referral,Basic,20,1,235,27.81,0.254,0,0,0.269,4.2,10.57,1
KL107634,DE,Social,Basic,5,3,204,38.69,0.367,2,1,0.57,4.7,44.11,1
KL107635,DE,Referral,Plus,3,4,208,28.96,0.372,1,0,0.267,4.3,44.02,0
KL107636,DE,Social,Basic,1,2,168,42.37,0.508,2,1,0.35,4.6,32.2,0
KL107637,Other,Organic,Plus,25,7,138,41.75,0.553,3,0,0.378,5.0,111.06,0
KL107638,DE,Paid Search,Plus,21,4,314,36.36,0.38,1,0,0.605,4.5,55.27,1
KL107639,DE,Paid Search,Premium,4,9,153,64.1,0.339,3,0,0.231,,219.22,0
KL107640,DE,Organic,Basic,15,4,219,40.65,0.183,0,1,0.284,3.5,61.79,1
KL107641,CH,Paid Search,Premium,9,9,108,59.71,0.196,2,0,0.42,4.6,204.21,0
KL107642,DE,Paid Search,Premium,12,3,222,65.79,0.516,5,1,0.21,4.2,75.0,0
KL107643,AT,Organic,Basic,36,6,163,19.72,0.238,1,0,0.327,5.0,44.96,0
KL107644,AT,Social,Basic,4,6,153,31.21,0.581,3,0,0.292,4.3,71.16,0
KL107645,DE,Organic,Basic,7,3,258,38.02,0.334,1,1,0.613,4.4,43.34,1
KL107646,DE,Paid Search,Basic,5,2,258,30.3,0.53,1,0,0.08,4.5,23.03,1
KL107647,DE,Social,Premium,1,3,195,62.1,0.114,1,0,0.315,3.7,70.79,1
KL107648,DE,Paid Search,Basic,72,7,173,24.73,0.491,0,0,0.494,4.2,65.78,0
KL107649,AT,Organic,Basic,15,3,183,28.9,0.624,3,2,0.529,3.1,32.95,0
KL107650,CH,Paid Search,Basic,6,2,164,32.38,0.409,4,2,0.155,3.6,24.61,0
KL107651,DE,Social,Plus,5,8,159,48.96,0.644,5,0,0.318,4.1,148.84,0
KL107652,DE,Social,Premium,24,7,173,56.67,0.51,1,1,0.45,3.2,150.74,0
KL107653,DE,Organic,Plus,24,4,225,38.12,0.15,0,2,0.199,3.5,57.94,1
KL107654,DE,Organic,Plus,45,3,217,53.59,0.456,0,0,0.095,4.5,61.09,0
KL107655,CH,Paid Search,Basic,72,7,130,31.98,0.792,3,2,0.143,3.2,85.07,0
KL107656,CH,Organic,Plus,9,7,93,43.18,0.293,2,0,0.111,4.3,114.86,0
KL107657,CH,Social,Basic,10,2,193,34.27,0.37,0,2,0.631,3.9,26.05,1
KL107658,DE,Social,Basic,23,2,159,9.29,0.792,7,3,0.509,3.0,7.06,0
KL107659,DE,Social,Plus,19,6,169,47.39,0.89,2,1,0.152,4.4,108.05,0
KL107660,DE,Referral,Premium,38,5,196,85.2,0.168,0,0,0.694,4.2,161.88,1
KL107661,Other,Paid Search,Plus,24,3,208,42.6,0.489,2,0,0.495,3.5,48.56,0
KL107662,AT,Referral,Plus,9,5,165,44.24,0.228,0,2,0.361,3.5,84.06,0
KL107663,Other,Social,Basic,17,4,203,25.39,0.665,3,2,0.474,4.1,38.59,0
KL107664,DE,Organic,Basic,16,2,254,20.36,0.2,0,0,0.053,4.2,15.47,1
KL107665,DE,Social,Plus,34,7,179,38.03,0.322,2,0,0.078,4.9,101.16,0
KL107666,CH,Social,Plus,2,4,202,49.17,0.556,1,1,0.575,3.8,74.74,1
KL107667,DE,Referral,Plus,16,4,170,46.53,0.39,0,1,0.263,3.9,70.73,0
KL107668,AT,Organic,Plus,24,7,171,35.03,0.457,0,1,0.489,3.8,93.18,0
KL107669,DE,Organic,Basic,14,4,242,22.94,0.677,2,0,0.534,4.3,34.87,0
KL107670,Other,Social,Basic,21,5,179,23.1,0.387,1,0,0.253,4.2,43.89,0
KL107671,DE,Organic,Basic,6,3,186,29.33,0.216,1,1,0.289,3.8,33.44,0
KL107672,Other,Paid Search,Plus,32,7,208,40.41,0.567,2,0,0.487,3.6,107.49,0
KL107673,DE,Paid Search,Premium,3,4,184,64.44,0.715,3,2,0.484,3.6,97.95,1
KL107674,DE,Organic,Plus,40,9,170,33.41,0.106,0,0,0.85,3.7,114.26,0
KL107675,DE,Organic,Plus,11,3,205,54.99,0.335,3,1,0.44,3.4,62.69,0
KL107676,DE,Social,Plus,10,2,224,44.4,0.611,1,0,0.172,4.6,33.74,0
KL107677,Other,Organic,Basic,7,0,251,23.82,0.64,5,1,0.174,4.3,9.05,1
KL107678,CH,Social,Basic,37,4,234,21.63,0.376,1,0,0.211,4.3,32.88,0
KL107679,Other,Social,Basic,46,5,219,24.92,0.372,0,0,0.448,4.3,47.35,0
KL107680,Other,Social,Premium,14,8,209,74.37,0.273,4,0,0.25,4.4,226.08,0
KL107681,AT,Paid Search,Basic,8,6,165,40.07,0.44,0,2,0.511,3.3,91.36,0
KL107682,DE,Organic,Plus,43,9,108,36.93,0.301,0,1,0.088,4.3,126.3,0
KL107683,CH,Social,Basic,2,0,216,24.5,0.281,0,0,0.804,4.4,9.31,0
KL107684,DE,Organic,Plus,3,3,298,28.63,0.786,2,3,0.394,3.8,32.64,1
KL107685,CH,Organic,Basic,15,1,210,15.11,0.329,2,1,0.259,2.7,5.74,0
KL107686,DE,Referral,Premium,16,6,109,66.07,0.651,5,1,0.201,4.2,150.64,0
KL107687,AT,Organic,Basic,34,2,299,25.48,0.65,4,3,0.198,4.3,19.36,1
KL107688,DE,Organic,Premium,8,5,189,62.12,0.557,0,0,0.184,4.5,118.03,0
KL107689,DE,Referral,Plus,37,5,153,38.04,0.084,0,0,0.431,3.4,72.28,0
KL107690,DE,Organic,Basic,16,3,157,30.57,0.445,0,2,0.73,3.0,34.85,1
KL107691,DE,Organic,Plus,10,3,203,43.04,0.169,1,0,0.452,4.5,49.07,0
KL107692,DE,Paid Search,Plus,10,5,209,50.33,0.193,0,0,0.757,4.2,95.63,0
KL107693,DE,Social,Basic,3,2,230,48.81,0.223,2,0,0.312,3.6,37.1,0
KL107694,DE,Referral,Plus,15,6,206,33.44,0.56,4,0,0.309,3.5,76.24,0
KL107695,DE,Social,Plus,48,8,106,32.12,0.664,1,0,0.379,4.8,97.64,0
KL107696,DE,Referral,Plus,1,3,157,54.93,0.256,1,1,0.189,3.4,62.62,0
KL107697,CH,Organic,Plus,8,8,158,41.54,0.652,1,1,0.093,3.4,126.28,0
KL107698,DE,Paid Search,Plus,19,5,222,48.46,0.645,2,1,0.788,4.2,92.07,0
KL107699,DE,Organic,Basic,16,3,183,19.03,0.051,1,0,0.495,4.3,21.69,1
KL107700,DE,Referral,Basic,30,5,102,19.52,0.696,5,0,0.304,4.5,37.09,0
KL107701,DE,Referral,Basic,18,2,236,34.94,0.139,2,1,0.373,3.5,26.55,1
KL107702,DE,Organic,Plus,15,7,69,31.99,0.215,0,0,0.405,4.9,85.09,0
KL107703,AT,Social,Basic,28,6,157,39.49,0.21,0,2,0.201,4.2,90.04,0
KL107704,DE,Paid Search,Basic,16,4,218,34.75,0.101,1,1,0.213,3.9,52.82,0
KL107705,DE,Organic,Plus,4,8,185,36.51,0.182,1,1,0.559,3.8,110.99,0
KL107706,DE,Paid Search,Basic,18,5,124,40.46,0.615,2,0,0.167,4.7,76.87,0
KL107707,DE,Referral,Basic,16,1,246,32.36,0.108,0,1,0.513,4.5,12.3,0
KL107708,DE,Organic,Plus,41,6,222,40.4,0.553,2,0,0.148,4.4,92.11,0
KL107709,AT,Organic,Plus,5,5,205,42.76,0.152,1,0,0.281,4.3,81.24,0
KL107710,DE,Referral,Plus,35,8,150,26.54,0.383,1,1,0.161,4.6,80.68,0
KL107711,CH,Paid Search,Basic,37,2,223,17.33,0.452,1,2,0.304,4.7,13.17,0
KL107712,DE,Paid Search,Plus,6,1,189,48.2,0.593,7,0,0.303,4.7,18.32,0
KL107713,DE,Social,Premium,7,4,228,66.77,0.239,0,0,0.259,4.7,101.49,1
KL107714,DE,Paid Search,Basic,4,2,260,39.73,0.459,2,3,0.457,3.3,30.19,1
KL107715,DE,Organic,Basic,48,6,159,31.18,0.761,4,1,0.288,3.9,71.09,0
KL107716,DE,Organic,Basic,19,7,194,18.43,0.532,2,0,0.105,4.9,49.02,0
KL107717,CH,Social,Premium,20,10,178,56.75,0.529,1,0,0.141,,215.65,0
KL107718,CH,Paid Search,Basic,11,5,174,21.47,0.608,2,4,0.368,,40.79,1
KL107719,DE,Social,Basic,4,5,102,23.34,0.075,0,1,0.107,4.3,44.35,0
KL107720,DE,Social,Plus,27,6,180,43.25,0.595,1,1,0.187,4.8,98.61,0
KL107721,CH,Organic,Premium,46,3,90,74.52,0.647,5,1,0.134,3.1,84.95,0
KL107722,DE,Social,Basic,6,2,263,33.03,0.529,2,0,0.028,4.5,25.1,0
KL107723,DE,Social,Plus,47,6,195,52.1,0.34,0,1,0.346,3.0,118.79,1
KL107724,CH,Referral,Premium,9,5,173,68.24,0.343,2,2,0.193,4.4,129.66,1
KL107725,DE,Organic,Basic,3,1,248,24.65,0.643,4,1,0.15,4.5,9.37,0
KL107726,DE,Organic,Plus,5,3,157,30.91,0.524,7,1,0.342,3.9,35.24,0
KL107727,DE,Social,Basic,21,4,230,33.05,0.514,1,0,0.045,5.0,50.24,0
KL107728,DE,Referral,Basic,43,5,190,27.25,0.558,1,1,0.426,3.4,51.78,1
KL107729,DE,Referral,Basic,8,1,223,34.34,0.411,3,1,0.198,2.9,13.05,1
KL107730,AT,Paid Search,Basic,12,2,191,23.17,0.294,0,1,0.282,3.9,17.61,1
KL107731,DE,Paid Search,Basic,4,4,179,41.07,0.56,4,0,0.266,4.7,62.43,0
KL107732,DE,Organic,Plus,36,7,185,55.11,0.612,1,1,0.192,3.7,146.59,0
KL107733,DE,Social,Basic,33,2,173,21.02,0.558,1,1,0.363,3.2,15.98,0
KL107734,CH,Social,Basic,4,3,153,30.63,0.425,3,0,0.494,4.3,34.92,0
KL107735,DE,Social,Plus,26,6,210,29.44,0.551,4,0,0.731,4.7,67.12,0
KL107736,AT,Paid Search,Premium,50,9,167,58.44,0.392,0,2,0.349,4.2,199.86,0
KL107737,DE,Referral,Basic,34,2,171,21.01,0.243,0,1,0.284,4.1,15.97,0
KL107738,DE,Organic,Basic,16,3,200,23.17,0.829,2,0,0.419,3.8,26.41,1
KL107739,DE,Paid Search,Basic,18,3,198,25.82,0.26,1,1,0.728,3.7,29.43,1
KL107740,DE,Paid Search,Premium,10,9,123,58.78,0.705,5,1,0.559,4.0,201.03,0
KL107741,DE,Paid Search,Plus,26,5,188,43.23,0.56,3,1,0.477,4.7,82.14,0
KL107742,CH,Social,Basic,37,5,179,15.76,0.525,3,0,0.588,4.0,29.94,0
KL107743,CH,Paid Search,Basic,24,1,244,35.94,0.235,0,0,0.376,3.8,13.66,1
KL107744,CH,Organic,Plus,9,4,203,33.5,0.409,2,2,0.538,4.1,50.92,1
KL107745,DE,Organic,Plus,4,2,185,40.75,0.368,2,0,0.446,4.1,30.97,0
KL107746,DE,Paid Search,Basic,4,0,200,24.6,0.213,0,1,0.018,4.4,9.35,0
KL107747,AT,Social,Basic,64,8,171,36.23,0.438,2,0,0.194,5.0,110.14,0
KL107748,DE,Paid Search,Basic,35,7,101,25.37,0.569,4,0,0.529,3.6,67.48,0
KL107749,CH,Paid Search,Plus,7,2,165,53.67,0.505,0,1,0.591,4.4,40.79,0
KL107750,CH,Organic,Premium,3,9,142,67.86,0.594,7,1,0.081,3.6,232.08,0
KL107751,DE,Social,Basic,11,2,199,20.52,0.289,0,0,0.073,3.8,15.6,1
KL107752,CH,Paid Search,Premium,13,12,159,63.29,0.714,7,0,0.131,4.5,288.6,0
KL107753,CH,Paid Search,Basic,18,3,147,27.65,0.321,4,1,0.757,4.0,31.52,0
KL107754,DE,Paid Search,Plus,4,3,180,47.88,0.375,1,1,0.842,3.2,54.58,1
KL107755,CH,Organic,Premium,38,5,180,66.35,0.252,0,0,0.272,4.6,126.06,1
KL107756,DE,Organic,Plus,22,8,145,40.23,0.097,1,0,0.515,4.5,122.3,1
KL107757,DE,Organic,Basic,26,13,90,21.88,0.57,2,1,0.121,4.2,108.09,0
KL107758,DE,Social,Basic,37,2,182,31.82,0.135,1,1,0.446,4.0,24.18,1
KL107759,DE,Organic,Plus,28,3,205,39.17,0.285,0,0,0.554,4.4,44.65,1
KL107760,DE,Organic,Plus,7,10,130,36.23,0.553,1,0,0.465,4.8,137.67,0
KL107761,Other,Referral,Basic,1,1,199,19.77,0.264,1,0,0.279,4.5,7.51,1
KL107762,DE,Paid Search,Plus,3,1,171,50.2,0.079,1,1,0.08,3.5,19.08,0
KL107763,DE,Paid Search,Basic,39,6,252,16.11,0.103,0,1,0.144,4.0,36.73,0
KL107764,AT,Paid Search,Basic,6,5,185,31.84,0.358,1,0,0.42,4.6,60.5,0
KL107765,DE,Organic,Plus,8,7,219,42.17,0.263,2,2,0.279,3.5,112.17,1
KL107766,AT,Organic,Basic,2,2,194,23.63,0.681,5,2,0.172,4.5,17.96,0
KL107767,DE,Social,Basic,25,6,176,22.26,0.658,4,0,0.214,4.6,50.75,0
KL107768,Other,Paid Search,Basic,2,0,238,28.15,0.572,1,0,0.609,4.6,10.7,1
KL107769,AT,Social,Premium,8,10,136,60.7,0.845,3,1,0.37,4.3,230.66,0
KL107770,DE,Referral,Basic,10,2,208,23.38,0.204,2,1,0.623,4.0,17.77,1
KL107771,DE,Organic,Basic,13,2,212,35.95,0.348,1,1,0.133,4.4,27.32,0
KL107772,DE,Social,Basic,18,6,164,26.77,0.362,4,0,0.205,4.6,61.04,0
KL107773,Other,Organic,Basic,6,4,185,28.06,0.376,6,0,0.018,4.4,42.65,1
KL107774,AT,Paid Search,Basic,30,5,216,21.58,0.354,1,0,0.05,4.5,41.0,0
KL107775,DE,Social,Basic,12,1,178,35.96,0.124,2,2,0.361,3.7,13.66,1
KL107776,DE,Organic,Basic,6,4,249,37.77,0.513,2,0,0.47,4.8,57.41,1
KL107777,CH,Referral,Plus,10,10,160,43.75,0.831,5,0,0.291,4.0,166.25,0
KL107778,DE,Paid Search,Basic,45,10,130,39.42,0.658,1,1,0.296,3.9,149.8,0
KL107779,AT,Paid Search,Basic,59,11,164,23.65,0.137,2,1,0.13,3.2,98.86,0
KL107780,CH,Organic,Plus,29,8,186,49.35,0.256,2,1,0.476,4.5,150.02,0
KL107781,DE,Paid Search,Basic,72,4,200,24.97,0.54,0,1,0.04,4.6,37.95,0
KL107782,DE,Paid Search,Basic,2,2,201,24.14,0.438,1,0,0.154,4.1,18.35,0
KL107783,DE,Organic,Premium,3,6,115,76.19,0.315,3,0,0.21,,173.71,0
KL107784,DE,Paid Search,Plus,6,2,180,39.1,0.236,2,1,0.236,4.4,29.72,0
KL107785,Other,Organic,Plus,7,5,183,34.35,0.72,3,0,0.174,4.6,65.26,0
KL107786,AT,Referral,Plus,38,7,182,27.48,0.441,1,0,0.407,4.8,73.1,0
KL107787,CH,Organic,Premium,7,7,167,65.07,0.499,2,0,0.557,4.8,173.09,0
KL107788,DE,Paid Search,Basic,27,5,195,19.79,0.617,2,1,0.114,3.5,37.6,0
KL107789,DE,Social,Basic,6,2,196,43.8,,2,0,0.424,4.7,33.29,0
KL107790,AT,Social,Plus,2,5,203,55.92,0.614,4,4,0.417,3.1,106.25,1
KL107791,DE,Referral,Basic,2,1,289,8.0,0.887,1,0,0.59,5.0,3.04,1
KL107792,DE,Referral,Plus,4,2,211,55.08,0.451,3,0,0.298,3.9,41.86,1
KL107793,DE,Organic,Basic,9,2,200,21.75,0.278,1,0,0.043,5.0,16.53,0
KL107794,AT,Paid Search,Basic,16,2,204,38.02,0.285,1,0,0.458,4.5,28.9,1
KL107795,AT,Social,Plus,13,7,193,50.48,,3,1,0.342,4.3,134.28,0
KL107796,DE,Organic,Plus,8,8,155,52.73,0.581,4,0,0.411,3.5,160.3,0
KL107797,CH,Social,Plus,17,3,225,56.39,0.132,0,2,0.325,3.4,64.28,1
KL107798,DE,Organic,Basic,7,2,237,18.74,0.461,3,0,0.198,5.0,14.24,0
KL107799,DE,Referral,Basic,27,3,259,19.63,0.654,5,0,0.622,4.2,22.38,1
KL107800,DE,Social,Plus,2,1,229,48.48,0.324,1,0,0.388,4.9,18.42,1
KL107801,CH,Paid Search,Basic,3,0,225,28.9,0.165,1,0,0.618,3.8,10.98,1
KL107802,DE,Paid Search,Plus,15,9,161,47.41,0.405,2,1,0.737,4.3,162.14,0
KL107803,DE,Referral,Plus,9,4,189,39.2,0.258,2,2,0.249,3.3,59.58,0
KL107804,DE,Social,Basic,14,2,211,35.08,0.483,0,1,0.067,4.9,26.66,0
KL107805,AT,Social,Basic,57,4,237,17.63,0.311,1,1,0.657,4.9,26.8,1
KL107806,CH,Social,Plus,66,11,117,57.68,0.627,2,1,0.44,4.6,241.1,0
KL107807,DE,Organic,Basic,5,3,151,47.75,0.443,0,0,0.533,5.0,54.44,0
KL107808,Other,Organic,Basic,16,5,186,13.57,0.439,1,1,0.651,4.4,25.78,0
KL107809,DE,Organic,Premium,7,2,212,77.51,0.708,3,0,0.194,5.0,58.91,0
KL107810,DE,Social,Basic,36,6,208,14.1,0.727,2,1,0.125,4.0,32.15,0
KL107811,DE,Paid Search,Plus,1,3,192,46.66,0.656,2,0,0.564,4.6,53.19,1
KL107812,AT,Organic,Basic,24,3,181,20.36,0.228,1,2,0.184,3.8,23.21,1
KL107813,DE,Referral,Basic,36,2,184,31.68,0.261,0,0,0.444,4.1,24.08,1
KL107814,DE,Organic,Plus,11,5,159,32.0,0.669,2,2,0.447,3.0,60.8,0
KL107815,DE,Social,Basic,25,4,160,31.26,0.183,0,1,0.112,3.9,47.52,0
KL107816,DE,Paid Search,Plus,4,2,163,40.5,0.32,1,0,0.276,4.4,30.78,0
KL107817,AT,Paid Search,Basic,37,6,96,25.87,0.319,1,1,0.277,,58.98,0
KL107818,Other,Organic,Plus,34,8,185,44.87,0.582,1,0,0.378,4.4,136.4,0
KL107819,DE,Social,Plus,3,4,196,28.34,0.515,2,0,0.439,5.0,43.08,0
KL107820,AT,Social,Plus,5,1,286,46.95,0.534,1,0,0.419,3.6,17.84,1
KL107821,DE,Organic,Basic,21,1,161,25.49,0.598,1,3,0.129,3.4,9.69,1
KL107822,DE,Paid Search,Basic,45,6,241,15.61,0.323,3,3,0.09,3.2,35.59,0
KL107823,DE,Paid Search,Basic,2,3,191,33.44,0.594,3,0,0.56,5.0,38.12,0
KL107824,Other,Paid Search,Premium,9,5,125,60.02,0.387,2,0,0.141,5.0,114.04,0
KL107825,DE,Paid Search,Plus,24,6,102,41.57,0.328,2,1,0.191,3.8,94.78,0
KL107826,CH,Paid Search,Plus,8,6,154,44.62,0.463,4,2,0.196,,101.73,0
KL107827,DE,Social,Basic,10,2,236,27.45,0.514,2,1,0.244,4.1,20.86,0
KL107828,CH,Social,Basic,19,2,214,27.74,0.214,0,1,0.123,4.2,21.08,1
KL107829,DE,Organic,Basic,3,3,183,32.71,0.405,3,3,0.343,3.5,37.29,1
KL107830,Other,Social,Basic,4,2,244,25.8,0.181,1,0,0.185,4.6,19.61,1
KL107831,AT,Organic,Basic,12,2,208,36.18,0.446,2,1,0.262,,27.5,0
KL107832,DE,Referral,Basic,4,6,117,37.18,0.561,2,0,0.143,4.6,84.77,0
KL107833,AT,Paid Search,Basic,7,4,233,23.32,0.768,2,0,0.404,4.3,35.45,1
KL107834,DE,Organic,Plus,6,3,160,37.52,0.291,0,1,0.468,,42.77,0
KL107835,DE,Social,Basic,14,5,143,33.01,0.395,1,0,0.307,4.7,62.72,0
KL107836,DE,Organic,Basic,16,5,172,41.4,0.061,0,0,0.642,4.9,78.66,1
KL107837,AT,Social,Plus,12,7,176,50.78,0.302,0,1,0.233,4.7,135.07,0
KL107838,AT,Referral,Plus,6,4,166,34.81,0.026,0,1,0.577,4.0,52.91,1
KL107839,DE,Social,Basic,19,6,110,25.67,0.644,2,0,0.137,4.1,58.53,0
KL107840,CH,Paid Search,Plus,23,5,159,35.46,0.739,4,1,0.493,3.9,67.37,0
KL107841,DE,Paid Search,Basic,7,3,231,39.75,0.732,1,0,0.151,5.0,45.32,0
KL107842,DE,Paid Search,Plus,5,1,212,45.39,0.305,2,1,0.309,4.1,17.25,1
KL107843,DE,Organic,Premium,28,5,219,56.99,0.272,0,1,0.273,3.6,108.28,0
KL107844,DE,Referral,Basic,2,2,222,24.5,0.183,2,1,0.397,4.1,18.62,0
KL107845,DE,Organic,Plus,3,3,177,34.45,0.532,1,2,0.104,3.4,39.27,1
KL107846,DE,Organic,Basic,13,4,163,24.8,0.421,0,0,0.683,,37.7,1
KL107847,DE,Organic,Basic,40,5,187,32.53,0.406,1,0,0.297,4.1,61.81,0
KL107848,DE,Referral,Basic,26,2,211,23.04,0.457,2,1,0.199,4.3,17.51,0
KL107849,AT,Referral,Basic,27,3,200,28.74,0.148,3,1,0.166,4.0,32.76,0
KL107850,DE,Paid Search,Basic,13,2,211,30.48,0.25,1,2,0.263,4.2,23.16,1
KL107851,CH,Organic,Basic,19,6,167,12.72,0.424,1,1,0.203,3.4,29.0,0
KL107852,DE,Social,Basic,16,2,200,14.37,0.414,1,0,0.553,4.4,10.92,0
KL107853,DE,Paid Search,Basic,16,2,175,24.17,0.398,0,0,0.373,4.1,18.37,0
KL107854,DE,Referral,Basic,54,4,151,20.87,0.641,1,1,0.512,5.0,31.72,0
KL107855,CH,Referral,Basic,42,5,206,31.29,0.569,4,0,0.081,5.0,59.45,0
KL107856,DE,Social,Basic,4,1,177,25.22,0.672,2,0,0.51,3.5,9.58,0
KL107857,DE,Organic,Basic,15,3,130,33.74,0.242,1,2,0.518,4.8,38.46,1
KL107858,CH,Social,Plus,30,8,144,46.0,0.301,1,0,0.182,4.2,139.84,0
KL107859,AT,Referral,Premium,3,4,198,71.89,0.324,1,1,0.759,4.0,109.27,1
KL107860,DE,Paid Search,Basic,11,4,182,23.78,0.187,2,2,0.278,2.9,36.15,1
KL107861,DE,Referral,Basic,15,6,130,26.24,0.599,1,0,0.662,4.7,59.83,0
KL107862,DE,Paid Search,Premium,2,9,187,81.06,0.167,0,1,0.451,3.2,277.23,1
KL107863,DE,Referral,Plus,4,3,204,33.62,0.713,4,1,0.371,4.1,38.33,0
KL107864,AT,Social,Premium,13,4,228,70.35,0.566,1,0,0.221,4.5,106.93,0
KL107865,DE,Organic,Plus,9,4,186,50.09,0.549,2,0,0.104,4.6,76.14,0
KL107866,DE,Paid Search,Plus,19,5,197,45.79,0.108,1,0,0.515,5.0,87.0,0
KL107867,DE,Organic,Basic,11,3,156,35.16,0.414,1,0,0.049,4.4,40.08,0
KL107868,DE,Paid Search,Basic,59,5,73,28.0,0.489,2,1,0.236,4.2,53.2,0
KL107869,AT,Referral,Plus,16,4,189,45.86,0.204,0,0,0.544,4.0,69.71,0
KL107870,DE,Organic,Plus,5,2,157,43.78,0.478,0,0,0.2,4.4,33.27,0
KL107871,DE,Referral,Plus,21,4,218,30.73,,2,4,0.264,3.7,46.71,1
KL107872,DE,Organic,Premium,4,4,220,63.26,0.425,0,0,0.307,4.9,96.16,0
KL107873,DE,Social,Basic,13,2,215,15.84,0.375,1,0,0.097,5.0,12.04,0
KL107874,DE,Referral,Basic,25,0,191,33.06,0.565,4,2,0.273,4.2,12.56,0
KL107875,DE,Social,Premium,6,8,156,66.78,0.538,0,1,0.471,3.9,203.01,0
KL107876,AT,Referral,Plus,22,6,191,49.62,0.463,5,2,0.125,4.5,113.13,0
KL107877,CH,Referral,Plus,6,4,202,32.9,0.327,1,1,0.245,4.3,50.01,0
KL107878,Other,Social,Plus,9,5,148,42.79,0.482,4,0,0.551,4.7,81.3,0
KL107879,Other,Social,Premium,67,5,114,66.06,0.413,3,0,0.433,4.0,125.51,0
KL107880,DE,Organic,Basic,10,2,217,44.09,0.409,1,0,0.44,5.0,33.51,0
KL107881,DE,Paid Search,Basic,22,4,187,26.45,0.828,2,1,0.414,3.5,40.2,0
KL107882,DE,Organic,Basic,6,4,208,23.59,0.795,3,0,0.082,3.2,35.86,0
KL107883,AT,Social,Basic,7,2,203,28.26,0.25,0,0,0.588,4.1,21.48,1
KL107884,DE,Social,Plus,15,4,182,55.21,0.371,4,1,0.49,4.4,83.92,0
KL107885,DE,Paid Search,Basic,6,4,182,34.86,0.096,0,1,0.344,4.1,52.99,1
KL107886,DE,Referral,Plus,2,8,145,47.22,,0,2,0.208,3.1,143.55,0
KL107887,DE,Organic,Basic,5,2,288,26.13,0.567,2,1,0.516,3.8,19.86,1
KL107888,AT,Referral,Plus,27,2,196,40.24,0.515,2,0,0.589,4.8,30.58,0
KL107889,AT,Organic,Basic,21,2,193,39.93,0.173,1,0,0.382,3.7,30.35,1
KL107890,DE,Paid Search,Plus,16,4,213,38.65,0.67,3,0,0.101,4.0,58.75,0
KL107891,CH,Paid Search,Basic,16,1,228,24.02,0.898,7,0,0.198,5.0,9.13,0
KL107892,DE,Paid Search,Basic,12,5,183,14.57,,1,0,0.08,4.1,27.68,0
KL107893,DE,Social,Basic,60,4,158,15.54,0.239,1,1,0.336,4.5,23.62,0
KL107894,DE,Social,Plus,12,4,142,51.1,0.04,1,0,0.112,3.7,77.67,0
KL107895,AT,Social,Plus,33,4,186,25.79,0.734,4,2,0.092,3.7,39.2,0
KL107896,DE,Organic,Premium,13,9,141,77.88,0.429,2,0,0.509,4.6,266.35,0
KL107897,DE,Organic,Premium,26,5,162,62.95,0.206,1,0,0.16,3.8,119.6,1
KL107898,Other,Organic,Basic,16,7,192,30.95,0.121,0,2,0.289,3.9,82.33,0
KL107899,DE,Paid Search,Basic,27,3,228,36.5,0.351,1,1,0.68,4.0,41.61,1
KL107900,DE,Organic,Basic,35,5,220,23.18,0.138,1,0,0.215,4.4,44.04,0
KL107901,AT,Organic,Basic,13,2,168,32.79,0.688,2,1,0.304,4.5,24.92,0
KL107902,Other,Social,Basic,17,6,208,19.81,0.384,1,0,0.385,4.3,45.17,0
KL107903,AT,Referral,Premium,6,7,98,59.87,0.817,3,0,0.46,3.9,159.25,0
KL107904,Other,Social,Premium,9,8,154,68.5,0.475,5,0,0.213,5.0,208.24,0
KL107905,DE,Organic,Basic,72,6,202,31.33,0.626,3,1,0.308,4.8,71.43,0
KL107906,DE,Paid Search,Plus,19,5,144,44.89,0.698,2,1,0.491,4.0,85.29,0
KL107907,CH,Organic,Plus,1,3,149,53.82,,1,1,0.158,4.5,61.35,0
KL107908,DE,Paid Search,Basic,2,5,178,27.38,0.667,5,1,0.079,4.0,52.02,0
KL107909,DE,Paid Search,Premium,25,5,238,77.86,0.336,2,0,0.092,4.3,147.93,0
KL107910,Other,Referral,Premium,5,5,240,65.48,0.499,2,1,0.319,4.0,124.41,0
KL107911,DE,Paid Search,Premium,12,6,213,69.83,0.577,1,0,0.306,4.6,159.21,0
KL107912,DE,Organic,Plus,38,5,145,47.86,0.075,0,4,0.126,2.9,90.93,0
KL107913,CH,Social,Basic,15,1,212,23.96,0.348,1,0,0.448,5.0,9.1,0
KL107914,CH,Referral,Basic,41,5,258,29.68,0.38,1,0,0.025,4.0,56.39,0
KL107915,Other,Organic,Premium,56,6,204,53.38,0.398,1,2,0.245,3.9,121.71,0
KL107916,CH,Social,Basic,3,1,158,28.87,0.238,1,2,0.318,4.0,10.97,1
KL107917,DE,Organic,Basic,21,1,240,28.56,0.364,3,0,0.193,4.6,10.85,0
KL107918,Other,Organic,Basic,13,2,178,32.3,0.394,1,3,0.387,3.6,24.55,1
KL107919,DE,Referral,Basic,13,2,194,27.01,0.355,1,0,0.486,3.8,20.53,0
KL107920,AT,Organic,Basic,9,4,214,42.28,0.13,2,0,0.292,,64.27,0
KL107921,DE,Social,Plus,24,6,159,28.41,0.374,1,2,0.288,4.1,64.77,0
KL107922,CH,Organic,Plus,32,6,154,32.6,0.322,1,0,0.668,3.8,74.33,0
KL107923,DE,Paid Search,Basic,3,5,218,20.34,0.478,2,1,0.445,3.8,38.65,1
KL107924,CH,Paid Search,Basic,31,8,182,27.68,0.339,0,1,0.208,4.6,84.15,0
KL107925,DE,Social,Plus,1,6,184,35.76,0.555,1,2,0.236,3.2,81.53,0
KL107926,DE,Social,Plus,7,7,238,32.63,0.483,2,1,0.416,4.2,86.8,1
KL107927,DE,Social,Premium,25,6,180,60.96,0.631,0,0,0.215,4.6,138.99,0
KL107928,DE,Paid Search,Plus,9,5,191,30.22,0.127,0,0,0.698,4.1,57.42,1
KL107929,AT,Organic,Basic,25,3,185,30.91,0.357,0,1,0.117,4.5,35.24,0
KL107930,DE,Paid Search,Plus,72,5,146,44.45,0.553,1,0,0.279,5.0,84.46,0
KL107931,DE,Paid Search,Plus,20,6,122,31.85,0.277,2,0,0.495,4.4,72.62,0
KL107932,DE,Organic,Plus,8,6,202,48.97,0.217,1,1,0.041,4.4,111.65,0
KL107933,DE,Referral,Plus,8,5,165,31.33,0.566,1,0,0.58,4.5,59.53,0
KL107934,AT,Organic,Basic,17,6,263,23.68,0.663,2,0,0.387,4.3,53.99,0
KL107935,DE,Organic,Basic,18,5,149,29.81,0.466,2,1,0.207,4.0,56.64,0
KL107936,DE,Referral,Plus,3,4,162,42.52,0.299,3,0,0.54,3.5,64.63,0
KL107937,DE,Paid Search,Basic,9,0,232,15.5,0.641,2,2,0.141,4.4,5.89,1
KL107938,DE,Social,Plus,5,4,152,45.56,0.275,2,2,0.471,4.0,69.25,1
KL107939,AT,Organic,Basic,5,0,168,27.62,0.624,3,1,0.417,4.8,10.5,0
KL107940,DE,Paid Search,Plus,37,3,220,57.16,0.201,0,0,0.009,,65.16,0
KL107941,DE,Social,Plus,12,4,112,46.76,0.232,1,1,0.174,4.0,71.08,0
KL107942,AT,Organic,Basic,25,4,195,39.77,0.588,3,1,0.4,4.3,60.45,0
KL107943,DE,Social,Basic,7,2,212,20.46,0.188,0,2,0.563,3.0,15.55,1
KL107944,DE,Organic,Plus,33,7,197,29.38,0.312,1,2,0.371,4.4,78.15,0
KL107945,DE,Organic,Basic,7,7,181,38.6,0.483,1,0,0.224,4.5,102.68,0
KL107946,Other,Organic,Basic,13,4,286,30.79,0.225,1,1,0.22,3.8,46.8,0
KL107947,DE,Organic,Plus,16,3,183,56.63,0.617,1,1,0.565,4.3,64.56,0
KL107948,DE,Organic,Basic,65,5,134,37.0,0.606,3,0,0.314,4.5,70.3,0
KL107949,CH,Social,Plus,5,2,301,50.55,0.13,0,0,0.515,4.1,38.42,1
KL107950,AT,Paid Search,Basic,31,4,192,31.65,0.283,3,0,0.136,4.5,48.11,0
KL107951,DE,Organic,Basic,26,1,181,21.15,0.726,1,1,0.332,4.3,8.04,1
KL107952,CH,Paid Search,Basic,3,3,141,19.91,0.273,0,2,0.143,4.1,22.7,0
KL107953,DE,Organic,Premium,16,8,145,48.79,0.545,1,3,0.263,3.2,148.32,0
KL107954,CH,Paid Search,Plus,8,4,161,37.81,0.771,2,2,0.343,3.3,57.47,0
KL107955,AT,Referral,Basic,2,3,169,27.92,0.325,1,1,0.533,4.3,31.83,1
KL107956,DE,Social,Basic,29,1,139,27.2,0.33,2,0,0.318,4.4,10.34,0
KL107957,DE,Social,Plus,36,4,175,42.13,0.517,1,0,0.065,,64.04,0
KL107958,DE,Organic,Plus,2,5,195,24.97,0.402,2,0,0.303,4.6,47.44,0
KL107959,Other,Organic,Basic,8,2,169,29.58,0.218,0,1,0.304,4.4,22.48,1
KL107960,DE,Social,Basic,3,4,173,40.23,0.317,3,1,0.234,3.4,61.15,1
KL107961,DE,Paid Search,Basic,14,3,179,21.63,0.422,2,0,0.275,3.8,24.66,0
KL107962,AT,Paid Search,Plus,7,1,215,30.53,0.347,4,0,0.179,5.0,11.6,1
KL107963,AT,Referral,Plus,3,5,239,29.41,0.192,0,1,0.504,4.2,55.88,0
KL107964,DE,Paid Search,Plus,15,5,187,36.94,0.409,3,2,0.26,2.3,70.19,0
KL107965,CH,Social,Plus,22,7,124,38.99,0.394,1,0,0.186,4.4,103.71,0
KL107966,DE,Paid Search,Basic,10,3,192,29.5,0.606,3,1,0.584,4.8,33.63,1
KL107967,CH,Organic,Plus,33,8,169,48.14,0.62,5,0,0.42,4.5,146.35,0
KL107968,DE,Organic,Plus,3,11,89,34.25,0.59,1,1,0.257,,143.16,0
KL107969,DE,Paid Search,Basic,3,2,172,23.82,0.204,1,1,0.494,4.8,18.1,0
KL107970,AT,Organic,Premium,4,5,147,51.84,0.735,4,1,0.178,5.0,98.5,0
KL107971,DE,Social,Basic,2,1,205,32.52,0.119,0,2,0.29,3.7,12.36,1
KL107972,DE,Social,Plus,6,3,183,38.83,0.587,2,0,0.423,3.7,44.27,0
KL107973,DE,Paid Search,Plus,1,7,105,40.03,0.085,0,0,0.388,4.8,106.48,0
KL107974,CH,Paid Search,Premium,29,7,144,75.37,0.324,1,1,0.263,3.5,200.48,0
KL107975,CH,Paid Search,Basic,5,0,219,28.75,0.402,4,1,0.325,4.2,10.92,1
KL107976,CH,Paid Search,Premium,1,3,234,78.45,0.396,3,1,0.23,4.3,89.43,1
KL107977,Other,Social,Basic,40,3,150,33.88,0.465,4,1,0.111,4.0,38.62,0
KL107978,CH,Organic,Basic,5,3,164,24.48,,3,2,0.297,4.0,27.91,1
KL107979,DE,Referral,Premium,4,7,124,55.97,0.102,0,0,0.624,3.7,148.88,0
KL107980,DE,Organic,Basic,23,2,147,26.63,0.249,3,1,0.219,4.4,20.24,0
KL107981,CH,Organic,Plus,4,3,103,50.06,0.37,0,0,0.65,3.7,57.07,1
KL107982,Other,Social,Basic,12,6,188,16.79,0.296,1,0,0.244,4.1,38.28,0
KL107983,Other,Organic,Premium,21,7,168,60.06,0.628,4,0,0.29,4.0,159.76,0
KL107984,CH,Organic,Plus,9,4,202,35.26,0.203,2,1,0.373,3.5,53.6,0
KL107985,DE,Organic,Basic,6,0,229,24.54,0.498,2,3,0.567,3.7,9.33,1
KL107986,Other,Social,Plus,24,3,180,45.1,0.23,0,2,0.366,4.6,51.41,0
KL107987,Other,Paid Search,Basic,12,3,173,29.51,0.433,1,0,0.637,5.0,33.64,0
KL107988,AT,Organic,Plus,44,11,169,43.35,0.635,2,0,0.47,4.8,181.2,0
KL107989,CH,Paid Search,Plus,4,2,226,30.78,0.403,1,1,0.534,3.5,23.39,0
KL107990,DE,Organic,Plus,13,9,143,47.62,0.222,0,1,0.119,4.7,162.86,0
KL107991,Other,Referral,Plus,15,0,185,49.93,0.468,3,0,0.154,4.5,18.97,1
KL107992,DE,Organic,Plus,25,6,175,40.04,0.277,1,0,0.39,5.0,91.29,0
KL107993,CH,Paid Search,Plus,2,1,219,34.8,0.377,1,0,0.284,4.3,13.22,1
KL107994,DE,Paid Search,Premium,14,5,158,71.49,0.844,4,2,0.171,3.3,135.83,0
KL107995,DE,Paid Search,Basic,16,4,196,38.67,0.101,0,1,0.218,4.1,58.78,0
KL107996,DE,Referral,Basic,4,0,240,31.0,0.671,2,0,0.151,4.4,11.78,1
KL107997,DE,Paid Search,Plus,1,4,203,36.17,0.28,0,0,0.57,4.1,54.98,1
KL107998,DE,Social,Basic,2,2,237,19.49,0.074,0,0,0.397,3.6,14.81,1
KL107999,Other,Paid Search,Basic,6,3,226,32.52,0.837,3,1,0.166,5.0,37.07,0
